question_ID,compound.name_1,SMILES_1,compound.name_2,SMILES_2,OPTIONS,question_category,prompt.1,prompt.2,answer,other_info,answer_to_prompt_1,answer_to_prompt_2,input_tokens_1,input_tokens_2,output_tokens_1,output_tokens_2,reasoning_tokens_1,reasoning_tokens_2
1,"2,3-Dimethylpentanal",CCC(C)C(C)C=O,,,алкогольный; альдегидный; луковый; миндальный; амбровый; анималистический; анисовый; яблочный; абрикосовый; ароматический; бальзамический; банановый; говяжий; бергамотовый; ягодный; горький; чёрная смородина; бренди; горелый; сливочный; капустный; камфорный; карамельный; кедровый; сельдерейный; ромашковый; сырный; вишнёвый; шоколадный; корица; цитрусовый; чистый; гвоздичный; какао; кокосовый; кофейный; коньячный; варёный; охлаждающий; корковый; кумариновый; кремовый; огуречный; молочный; сухой; землистый; эфирный; жирный; ферментированный; рыбный; цветочный; свежий; фруктовая кожура; фруктовый; чесночный; газовый; гераниевый; виноградный; грейпфрутовый; травянистый; зелёный; боярышник; сеновой; фундуковый; травяной; медовый; гиацинтовый; жасминовый; сочный; кетоновый; лактонный; лавандовый; листовой; кожаный; лимонный; лилейный; солодовый; мясной; лекарственный; дынный; металлический; молочный; мятный; ландышевый; грибной; мускусный; затхлый; натуральный; ореховый; без запаха; маслянистый; луковый; апельсиновый; апельсиновый цвет; ирисовый корень; озоновый; персиковый; грушевый; фенольный; сосновый; ананасовый; сливовый; попкорн; картофельный; пудровый; резкий; редисочный; малиновый; спелый; обжаренный; розовый; ромовый; сандаловый; пикантный; резкий; дымный; мыльный; растворитель; кислый; пряный; клубничный; сернистый; потный; сладкий; чайный; терпеновый; табачный; томатный; тропический; ванильный; овощной; ветиверовый; фиалковый; тёплый; восковой; сорняковый; винный; древесный; ,rata,Какие из следующих описаний запаха относятся к молекуле CCC(C)C(C)C=O? Выберите все подходящие из [алкогольный; альдегидный; луковый; миндальный; амбровый; анималистический; анисовый; яблочный; абрикосовый; ароматический; бальзамический; банановый; говяжий; бергамотовый; ягодный; горький; чёрная смородина; бренди; горелый; сливочный; капустный; камфорный; карамельный; кедровый; сельдерейный; ромашковый; сырный; вишнёвый; шоколадный; корица; цитрусовый; чистый; гвоздичный; какао; кокосовый; кофейный; коньячный; варёный; охлаждающий; корковый; кумариновый; кремовый; огуречный; молочный; сухой; землистый; эфирный; жирный; ферментированный; рыбный; цветочный; свежий; фруктовая кожура; фруктовый; чесночный; газовый; гераниевый; виноградный; грейпфрутовый; травянистый; зелёный; боярышник; сеновой; фундуковый; травяной; медовый; гиацинтовый; жасминовый; сочный; кетоновый; лактонный; лавандовый; листовой; кожаный; лимонный; лилейный; солодовый; мясной; лекарственный; дынный; металлический; молочный; мятный; ландышевый; грибной; мускусный; затхлый; натуральный; ореховый; без запаха; маслянистый; луковый; апельсиновый; апельсиновый цвет; ирисовый корень; озоновый; персиковый; грушевый; фенольный; сосновый; ананасовый; сливовый; попкорн; картофельный; пудровый; резкий; редисочный; малиновый; спелый; обжаренный; розовый; ромовый; сандаловый; пикантный; резкий; дымный; мыльный; растворитель; кислый; пряный; клубничный; сернистый; потный; сладкий; чайный; терпеновый; табачный; томатный; тропический; ванильный; овощной; ветиверовый; фиалковый; тёплый; восковой; сорняковый; винный; древесный; ]. Не пишите никаких комментариев.,"Какие из следующих описаний запаха относятся к молекуле 2,3-Dimethylpentanal? Выберите все подходящие из [алкогольный; альдегидный; луковый; миндальный; амбровый; анималистический; анисовый; яблочный; абрикосовый; ароматический; бальзамический; банановый; говяжий; бергамотовый; ягодный; горький; чёрная смородина; бренди; горелый; сливочный; капустный; камфорный; карамельный; кедровый; сельдерейный; ромашковый; сырный; вишнёвый; шоколадный; корица; цитрусовый; чистый; гвоздичный; какао; кокосовый; кофейный; коньячный; варёный; охлаждающий; корковый; кумариновый; кремовый; огуречный; молочный; сухой; землистый; эфирный; жирный; ферментированный; рыбный; цветочный; свежий; фруктовая кожура; фруктовый; чесночный; газовый; гераниевый; виноградный; грейпфрутовый; травянистый; зелёный; боярышник; сеновой; фундуковый; травяной; медовый; гиацинтовый; жасминовый; сочный; кетоновый; лактонный; лавандовый; листовой; кожаный; лимонный; лилейный; солодовый; мясной; лекарственный; дынный; металлический; молочный; мятный; ландышевый; грибной; мускусный; затхлый; натуральный; ореховый; без запаха; маслянистый; луковый; апельсиновый; апельсиновый цвет; ирисовый корень; озоновый; персиковый; грушевый; фенольный; сосновый; ананасовый; сливовый; попкорн; картофельный; пудровый; резкий; редисочный; малиновый; спелый; обжаренный; розовый; ромовый; сандаловый; пикантный; резкий; дымный; мыльный; растворитель; кислый; пряный; клубничный; сернистый; потный; сладкий; чайный; терпеновый; табачный; томатный; тропический; ванильный; овощной; ветиверовый; фиалковый; тёплый; восковой; сорняковый; винный; древесный; ]. Не пишите никаких комментариев.",эфирный;зелёный;,,"альдегидный
фруктовый
зелёный
травянистый
жирный","альдегидный
жирный",676,678,8985,437,4626,205
2,Diisopentyl succinate,CC(C)CCOC(=O)CCC(=O)OCCC(C)C,,,алкогольный; альдегидный; луковый; миндальный; амбровый; анималистический; анисовый; яблочный; абрикосовый; ароматический; бальзамический; банановый; говяжий; бергамотовый; ягодный; горький; чёрная смородина; бренди; горелый; сливочный; капустный; камфорный; карамельный; кедровый; сельдерейный; ромашковый; сырный; вишнёвый; шоколадный; корица; цитрусовый; чистый; гвоздичный; какао; кокосовый; кофейный; коньячный; варёный; охлаждающий; корковый; кумариновый; кремовый; огуречный; молочный; сухой; землистый; эфирный; жирный; ферментированный; рыбный; цветочный; свежий; фруктовая кожура; фруктовый; чесночный; газовый; гераниевый; виноградный; грейпфрутовый; травянистый; зелёный; боярышник; сеновой; фундуковый; травяной; медовый; гиацинтовый; жасминовый; сочный; кетоновый; лактонный; лавандовый; листовой; кожаный; лимонный; лилейный; солодовый; мясной; лекарственный; дынный; металлический; молочный; мятный; ландышевый; грибной; мускусный; затхлый; натуральный; ореховый; без запаха; маслянистый; луковый; апельсиновый; апельсиновый цвет; ирисовый корень; озоновый; персиковый; грушевый; фенольный; сосновый; ананасовый; сливовый; попкорн; картофельный; пудровый; резкий; редисочный; малиновый; спелый; обжаренный; розовый; ромовый; сандаловый; пикантный; резкий; дымный; мыльный; растворитель; кислый; пряный; клубничный; сернистый; потный; сладкий; чайный; терпеновый; табачный; томатный; тропический; ванильный; овощной; ветиверовый; фиалковый; тёплый; восковой; сорняковый; винный; древесный; ,rata,Какие из следующих описаний запаха относятся к молекуле CC(C)CCOC(=O)CCC(=O)OCCC(C)C? Выберите все подходящие из [алкогольный; альдегидный; луковый; миндальный; амбровый; анималистический; анисовый; яблочный; абрикосовый; ароматический; бальзамический; банановый; говяжий; бергамотовый; ягодный; горький; чёрная смородина; бренди; горелый; сливочный; капустный; камфорный; карамельный; кедровый; сельдерейный; ромашковый; сырный; вишнёвый; шоколадный; корица; цитрусовый; чистый; гвоздичный; какао; кокосовый; кофейный; коньячный; варёный; охлаждающий; корковый; кумариновый; кремовый; огуречный; молочный; сухой; землистый; эфирный; жирный; ферментированный; рыбный; цветочный; свежий; фруктовая кожура; фруктовый; чесночный; газовый; гераниевый; виноградный; грейпфрутовый; травянистый; зелёный; боярышник; сеновой; фундуковый; травяной; медовый; гиацинтовый; жасминовый; сочный; кетоновый; лактонный; лавандовый; листовой; кожаный; лимонный; лилейный; солодовый; мясной; лекарственный; дынный; металлический; молочный; мятный; ландышевый; грибной; мускусный; затхлый; натуральный; ореховый; без запаха; маслянистый; луковый; апельсиновый; апельсиновый цвет; ирисовый корень; озоновый; персиковый; грушевый; фенольный; сосновый; ананасовый; сливовый; попкорн; картофельный; пудровый; резкий; редисочный; малиновый; спелый; обжаренный; розовый; ромовый; сандаловый; пикантный; резкий; дымный; мыльный; растворитель; кислый; пряный; клубничный; сернистый; потный; сладкий; чайный; терпеновый; табачный; томатный; тропический; ванильный; овощной; ветиверовый; фиалковый; тёплый; восковой; сорняковый; винный; древесный; ]. Не пишите никаких комментариев.,Какие из следующих описаний запаха относятся к молекуле Diisopentyl succinate? Выберите все подходящие из [алкогольный; альдегидный; луковый; миндальный; амбровый; анималистический; анисовый; яблочный; абрикосовый; ароматический; бальзамический; банановый; говяжий; бергамотовый; ягодный; горький; чёрная смородина; бренди; горелый; сливочный; капустный; камфорный; карамельный; кедровый; сельдерейный; ромашковый; сырный; вишнёвый; шоколадный; корица; цитрусовый; чистый; гвоздичный; какао; кокосовый; кофейный; коньячный; варёный; охлаждающий; корковый; кумариновый; кремовый; огуречный; молочный; сухой; землистый; эфирный; жирный; ферментированный; рыбный; цветочный; свежий; фруктовая кожура; фруктовый; чесночный; газовый; гераниевый; виноградный; грейпфрутовый; травянистый; зелёный; боярышник; сеновой; фундуковый; травяной; медовый; гиацинтовый; жасминовый; сочный; кетоновый; лактонный; лавандовый; листовой; кожаный; лимонный; лилейный; солодовый; мясной; лекарственный; дынный; металлический; молочный; мятный; ландышевый; грибной; мускусный; затхлый; натуральный; ореховый; без запаха; маслянистый; луковый; апельсиновый; апельсиновый цвет; ирисовый корень; озоновый; персиковый; грушевый; фенольный; сосновый; ананасовый; сливовый; попкорн; картофельный; пудровый; резкий; редисочный; малиновый; спелый; обжаренный; розовый; ромовый; сандаловый; пикантный; резкий; дымный; мыльный; растворитель; кислый; пряный; клубничный; сернистый; потный; сладкий; чайный; терпеновый; табачный; томатный; тропический; ванильный; овощной; ветиверовый; фиалковый; тёплый; восковой; сорняковый; винный; древесный; ]. Не пишите никаких комментариев.,виноградный;винный;фруктовый;,,фруктовый; яблочный; банановый; сладкий,банановый; яблочный; фруктовый; сладкий; грушевый; дынный; абрикосовый; сочный,684,676,6695,2584,3322,1379
3,"1,1-Diethoxyisooctane",CCOC(CCCCC(C)C)OCC,,,алкогольный; альдегидный; луковый; миндальный; амбровый; анималистический; анисовый; яблочный; абрикосовый; ароматический; бальзамический; банановый; говяжий; бергамотовый; ягодный; горький; чёрная смородина; бренди; горелый; сливочный; капустный; камфорный; карамельный; кедровый; сельдерейный; ромашковый; сырный; вишнёвый; шоколадный; корица; цитрусовый; чистый; гвоздичный; какао; кокосовый; кофейный; коньячный; варёный; охлаждающий; корковый; кумариновый; кремовый; огуречный; молочный; сухой; землистый; эфирный; жирный; ферментированный; рыбный; цветочный; свежий; фруктовая кожура; фруктовый; чесночный; газовый; гераниевый; виноградный; грейпфрутовый; травянистый; зелёный; боярышник; сеновой; фундуковый; травяной; медовый; гиацинтовый; жасминовый; сочный; кетоновый; лактонный; лавандовый; листовой; кожаный; лимонный; лилейный; солодовый; мясной; лекарственный; дынный; металлический; молочный; мятный; ландышевый; грибной; мускусный; затхлый; натуральный; ореховый; без запаха; маслянистый; луковый; апельсиновый; апельсиновый цвет; ирисовый корень; озоновый; персиковый; грушевый; фенольный; сосновый; ананасовый; сливовый; попкорн; картофельный; пудровый; резкий; редисочный; малиновый; спелый; обжаренный; розовый; ромовый; сандаловый; пикантный; резкий; дымный; мыльный; растворитель; кислый; пряный; клубничный; сернистый; потный; сладкий; чайный; терпеновый; табачный; томатный; тропический; ванильный; овощной; ветиверовый; фиалковый; тёплый; восковой; сорняковый; винный; древесный; ,rata,Какие из следующих описаний запаха относятся к молекуле CCOC(CCCCC(C)C)OCC? Выберите все подходящие из [алкогольный; альдегидный; луковый; миндальный; амбровый; анималистический; анисовый; яблочный; абрикосовый; ароматический; бальзамический; банановый; говяжий; бергамотовый; ягодный; горький; чёрная смородина; бренди; горелый; сливочный; капустный; камфорный; карамельный; кедровый; сельдерейный; ромашковый; сырный; вишнёвый; шоколадный; корица; цитрусовый; чистый; гвоздичный; какао; кокосовый; кофейный; коньячный; варёный; охлаждающий; корковый; кумариновый; кремовый; огуречный; молочный; сухой; землистый; эфирный; жирный; ферментированный; рыбный; цветочный; свежий; фруктовая кожура; фруктовый; чесночный; газовый; гераниевый; виноградный; грейпфрутовый; травянистый; зелёный; боярышник; сеновой; фундуковый; травяной; медовый; гиацинтовый; жасминовый; сочный; кетоновый; лактонный; лавандовый; листовой; кожаный; лимонный; лилейный; солодовый; мясной; лекарственный; дынный; металлический; молочный; мятный; ландышевый; грибной; мускусный; затхлый; натуральный; ореховый; без запаха; маслянистый; луковый; апельсиновый; апельсиновый цвет; ирисовый корень; озоновый; персиковый; грушевый; фенольный; сосновый; ананасовый; сливовый; попкорн; картофельный; пудровый; резкий; редисочный; малиновый; спелый; обжаренный; розовый; ромовый; сандаловый; пикантный; резкий; дымный; мыльный; растворитель; кислый; пряный; клубничный; сернистый; потный; сладкий; чайный; терпеновый; табачный; томатный; тропический; ванильный; овощной; ветиверовый; фиалковый; тёплый; восковой; сорняковый; винный; древесный; ]. Не пишите никаких комментариев.,"Какие из следующих описаний запаха относятся к молекуле 1,1-Diethoxyisooctane? Выберите все подходящие из [алкогольный; альдегидный; луковый; миндальный; амбровый; анималистический; анисовый; яблочный; абрикосовый; ароматический; бальзамический; банановый; говяжий; бергамотовый; ягодный; горький; чёрная смородина; бренди; горелый; сливочный; капустный; камфорный; карамельный; кедровый; сельдерейный; ромашковый; сырный; вишнёвый; шоколадный; корица; цитрусовый; чистый; гвоздичный; какао; кокосовый; кофейный; коньячный; варёный; охлаждающий; корковый; кумариновый; кремовый; огуречный; молочный; сухой; землистый; эфирный; жирный; ферментированный; рыбный; цветочный; свежий; фруктовая кожура; фруктовый; чесночный; газовый; гераниевый; виноградный; грейпфрутовый; травянистый; зелёный; боярышник; сеновой; фундуковый; травяной; медовый; гиацинтовый; жасминовый; сочный; кетоновый; лактонный; лавандовый; листовой; кожаный; лимонный; лилейный; солодовый; мясной; лекарственный; дынный; металлический; молочный; мятный; ландышевый; грибной; мускусный; затхлый; натуральный; ореховый; без запаха; маслянистый; луковый; апельсиновый; апельсиновый цвет; ирисовый корень; озоновый; персиковый; грушевый; фенольный; сосновый; ананасовый; сливовый; попкорн; картофельный; пудровый; резкий; редисочный; малиновый; спелый; обжаренный; розовый; ромовый; сандаловый; пикантный; резкий; дымный; мыльный; растворитель; кислый; пряный; клубничный; сернистый; потный; сладкий; чайный; терпеновый; табачный; томатный; тропический; ванильный; овощной; ветиверовый; фиалковый; тёплый; восковой; сорняковый; винный; древесный; ]. Не пишите никаких комментариев.",зелёный;фруктовый;листовой;,,[фруктовый; цитрусовый; зелёный; травянистый; грушевый; яблочный; тропический; свежий],"фруктовый
зелёный
травянистый
травяной
яблочный
цитрусовый
эфирный
свежий
фруктовая кожура",679,680,9807,3377,5567,1545
4,4-Methyl-2-(methylsulfanylmethyl)pent-2-enal,CSCC(C=O)=CC(C)C,,,алкогольный; альдегидный; луковый; миндальный; амбровый; анималистический; анисовый; яблочный; абрикосовый; ароматический; бальзамический; банановый; говяжий; бергамотовый; ягодный; горький; чёрная смородина; бренди; горелый; сливочный; капустный; камфорный; карамельный; кедровый; сельдерейный; ромашковый; сырный; вишнёвый; шоколадный; корица; цитрусовый; чистый; гвоздичный; какао; кокосовый; кофейный; коньячный; варёный; охлаждающий; корковый; кумариновый; кремовый; огуречный; молочный; сухой; землистый; эфирный; жирный; ферментированный; рыбный; цветочный; свежий; фруктовая кожура; фруктовый; чесночный; газовый; гераниевый; виноградный; грейпфрутовый; травянистый; зелёный; боярышник; сеновой; фундуковый; травяной; медовый; гиацинтовый; жасминовый; сочный; кетоновый; лактонный; лавандовый; листовой; кожаный; лимонный; лилейный; солодовый; мясной; лекарственный; дынный; металлический; молочный; мятный; ландышевый; грибной; мускусный; затхлый; натуральный; ореховый; без запаха; маслянистый; луковый; апельсиновый; апельсиновый цвет; ирисовый корень; озоновый; персиковый; грушевый; фенольный; сосновый; ананасовый; сливовый; попкорн; картофельный; пудровый; резкий; редисочный; малиновый; спелый; обжаренный; розовый; ромовый; сандаловый; пикантный; резкий; дымный; мыльный; растворитель; кислый; пряный; клубничный; сернистый; потный; сладкий; чайный; терпеновый; табачный; томатный; тропический; ванильный; овощной; ветиверовый; фиалковый; тёплый; восковой; сорняковый; винный; древесный; ,rata,Какие из следующих описаний запаха относятся к молекуле CSCC(C=O)=CC(C)C? Выберите все подходящие из [алкогольный; альдегидный; луковый; миндальный; амбровый; анималистический; анисовый; яблочный; абрикосовый; ароматический; бальзамический; банановый; говяжий; бергамотовый; ягодный; горький; чёрная смородина; бренди; горелый; сливочный; капустный; камфорный; карамельный; кедровый; сельдерейный; ромашковый; сырный; вишнёвый; шоколадный; корица; цитрусовый; чистый; гвоздичный; какао; кокосовый; кофейный; коньячный; варёный; охлаждающий; корковый; кумариновый; кремовый; огуречный; молочный; сухой; землистый; эфирный; жирный; ферментированный; рыбный; цветочный; свежий; фруктовая кожура; фруктовый; чесночный; газовый; гераниевый; виноградный; грейпфрутовый; травянистый; зелёный; боярышник; сеновой; фундуковый; травяной; медовый; гиацинтовый; жасминовый; сочный; кетоновый; лактонный; лавандовый; листовой; кожаный; лимонный; лилейный; солодовый; мясной; лекарственный; дынный; металлический; молочный; мятный; ландышевый; грибной; мускусный; затхлый; натуральный; ореховый; без запаха; маслянистый; луковый; апельсиновый; апельсиновый цвет; ирисовый корень; озоновый; персиковый; грушевый; фенольный; сосновый; ананасовый; сливовый; попкорн; картофельный; пудровый; резкий; редисочный; малиновый; спелый; обжаренный; розовый; ромовый; сандаловый; пикантный; резкий; дымный; мыльный; растворитель; кислый; пряный; клубничный; сернистый; потный; сладкий; чайный; терпеновый; табачный; томатный; тропический; ванильный; овощной; ветиверовый; фиалковый; тёплый; восковой; сорняковый; винный; древесный; ]. Не пишите никаких комментариев.,Какие из следующих описаний запаха относятся к молекуле 4-Methyl-2-(methylsulfanylmethyl)pent-2-enal? Выберите все подходящие из [алкогольный; альдегидный; луковый; миндальный; амбровый; анималистический; анисовый; яблочный; абрикосовый; ароматический; бальзамический; банановый; говяжий; бергамотовый; ягодный; горький; чёрная смородина; бренди; горелый; сливочный; капустный; камфорный; карамельный; кедровый; сельдерейный; ромашковый; сырный; вишнёвый; шоколадный; корица; цитрусовый; чистый; гвоздичный; какао; кокосовый; кофейный; коньячный; варёный; охлаждающий; корковый; кумариновый; кремовый; огуречный; молочный; сухой; землистый; эфирный; жирный; ферментированный; рыбный; цветочный; свежий; фруктовая кожура; фруктовый; чесночный; газовый; гераниевый; виноградный; грейпфрутовый; травянистый; зелёный; боярышник; сеновой; фундуковый; травяной; медовый; гиацинтовый; жасминовый; сочный; кетоновый; лактонный; лавандовый; листовой; кожаный; лимонный; лилейный; солодовый; мясной; лекарственный; дынный; металлический; молочный; мятный; ландышевый; грибной; мускусный; затхлый; натуральный; ореховый; без запаха; маслянистый; луковый; апельсиновый; апельсиновый цвет; ирисовый корень; озоновый; персиковый; грушевый; фенольный; сосновый; ананасовый; сливовый; попкорн; картофельный; пудровый; резкий; редисочный; малиновый; спелый; обжаренный; розовый; ромовый; сандаловый; пикантный; резкий; дымный; мыльный; растворитель; кислый; пряный; клубничный; сернистый; потный; сладкий; чайный; терпеновый; табачный; томатный; тропический; ванильный; овощной; ветиверовый; фиалковый; тёплый; восковой; сорняковый; винный; древесный; ]. Не пишите никаких комментариев.,сернистый;резкий;травяной;пряный;,,"черная смородина
тропический
грейпфрутовый","альдегидный
луковый
чесночный
сернистый
фруктовый
тропический",678,688,7859,1471,3876,673
5,"Butanoic acid, 3-methyl-, pentyl ester",CCCCCOC(=O)CC(C)C,,,алкогольный; альдегидный; луковый; миндальный; амбровый; анималистический; анисовый; яблочный; абрикосовый; ароматический; бальзамический; банановый; говяжий; бергамотовый; ягодный; горький; чёрная смородина; бренди; горелый; сливочный; капустный; камфорный; карамельный; кедровый; сельдерейный; ромашковый; сырный; вишнёвый; шоколадный; корица; цитрусовый; чистый; гвоздичный; какао; кокосовый; кофейный; коньячный; варёный; охлаждающий; корковый; кумариновый; кремовый; огуречный; молочный; сухой; землистый; эфирный; жирный; ферментированный; рыбный; цветочный; свежий; фруктовая кожура; фруктовый; чесночный; газовый; гераниевый; виноградный; грейпфрутовый; травянистый; зелёный; боярышник; сеновой; фундуковый; травяной; медовый; гиацинтовый; жасминовый; сочный; кетоновый; лактонный; лавандовый; листовой; кожаный; лимонный; лилейный; солодовый; мясной; лекарственный; дынный; металлический; молочный; мятный; ландышевый; грибной; мускусный; затхлый; натуральный; ореховый; без запаха; маслянистый; луковый; апельсиновый; апельсиновый цвет; ирисовый корень; озоновый; персиковый; грушевый; фенольный; сосновый; ананасовый; сливовый; попкорн; картофельный; пудровый; резкий; редисочный; малиновый; спелый; обжаренный; розовый; ромовый; сандаловый; пикантный; резкий; дымный; мыльный; растворитель; кислый; пряный; клубничный; сернистый; потный; сладкий; чайный; терпеновый; табачный; томатный; тропический; ванильный; овощной; ветиверовый; фиалковый; тёплый; восковой; сорняковый; винный; древесный; ,rata,Какие из следующих описаний запаха относятся к молекуле CCCCCOC(=O)CC(C)C? Выберите все подходящие из [алкогольный; альдегидный; луковый; миндальный; амбровый; анималистический; анисовый; яблочный; абрикосовый; ароматический; бальзамический; банановый; говяжий; бергамотовый; ягодный; горький; чёрная смородина; бренди; горелый; сливочный; капустный; камфорный; карамельный; кедровый; сельдерейный; ромашковый; сырный; вишнёвый; шоколадный; корица; цитрусовый; чистый; гвоздичный; какао; кокосовый; кофейный; коньячный; варёный; охлаждающий; корковый; кумариновый; кремовый; огуречный; молочный; сухой; землистый; эфирный; жирный; ферментированный; рыбный; цветочный; свежий; фруктовая кожура; фруктовый; чесночный; газовый; гераниевый; виноградный; грейпфрутовый; травянистый; зелёный; боярышник; сеновой; фундуковый; травяной; медовый; гиацинтовый; жасминовый; сочный; кетоновый; лактонный; лавандовый; листовой; кожаный; лимонный; лилейный; солодовый; мясной; лекарственный; дынный; металлический; молочный; мятный; ландышевый; грибной; мускусный; затхлый; натуральный; ореховый; без запаха; маслянистый; луковый; апельсиновый; апельсиновый цвет; ирисовый корень; озоновый; персиковый; грушевый; фенольный; сосновый; ананасовый; сливовый; попкорн; картофельный; пудровый; резкий; редисочный; малиновый; спелый; обжаренный; розовый; ромовый; сандаловый; пикантный; резкий; дымный; мыльный; растворитель; кислый; пряный; клубничный; сернистый; потный; сладкий; чайный; терпеновый; табачный; томатный; тропический; ванильный; овощной; ветиверовый; фиалковый; тёплый; восковой; сорняковый; винный; древесный; ]. Не пишите никаких комментариев.,"Какие из следующих описаний запаха относятся к молекуле Butanoic acid, 3-methyl-, pentyl ester? Выберите все подходящие из [алкогольный; альдегидный; луковый; миндальный; амбровый; анималистический; анисовый; яблочный; абрикосовый; ароматический; бальзамический; банановый; говяжий; бергамотовый; ягодный; горький; чёрная смородина; бренди; горелый; сливочный; капустный; камфорный; карамельный; кедровый; сельдерейный; ромашковый; сырный; вишнёвый; шоколадный; корица; цитрусовый; чистый; гвоздичный; какао; кокосовый; кофейный; коньячный; варёный; охлаждающий; корковый; кумариновый; кремовый; огуречный; молочный; сухой; землистый; эфирный; жирный; ферментированный; рыбный; цветочный; свежий; фруктовая кожура; фруктовый; чесночный; газовый; гераниевый; виноградный; грейпфрутовый; травянистый; зелёный; боярышник; сеновой; фундуковый; травяной; медовый; гиацинтовый; жасминовый; сочный; кетоновый; лактонный; лавандовый; листовой; кожаный; лимонный; лилейный; солодовый; мясной; лекарственный; дынный; металлический; молочный; мятный; ландышевый; грибной; мускусный; затхлый; натуральный; ореховый; без запаха; маслянистый; луковый; апельсиновый; апельсиновый цвет; ирисовый корень; озоновый; персиковый; грушевый; фенольный; сосновый; ананасовый; сливовый; попкорн; картофельный; пудровый; резкий; редисочный; малиновый; спелый; обжаренный; розовый; ромовый; сандаловый; пикантный; резкий; дымный; мыльный; растворитель; кислый; пряный; клубничный; сернистый; потный; сладкий; чайный; терпеновый; табачный; томатный; тропический; ванильный; овощной; ветиверовый; фиалковый; тёплый; восковой; сорняковый; винный; древесный; ]. Не пишите никаких комментариев.",свежий;фруктовый;шоколадный;банановый;яблочный;,,яблочный; банановый; грушевый; фруктовый; эфирный; сладкий,яблочный; абрикосовый; банановый; бренди; коньячный; эфирный; фруктовый; сочный; грушевый; ананасовый; сливовый; спелый; ромовый; сладкий; винный,679,681,5757,5309,2785,2542
6,3-Methylhex-2-en-1-yl acetate,CCCC(C)=CCOC(C)=O,,,алкогольный; альдегидный; луковый; миндальный; амбровый; анималистический; анисовый; яблочный; абрикосовый; ароматический; бальзамический; банановый; говяжий; бергамотовый; ягодный; горький; чёрная смородина; бренди; горелый; сливочный; капустный; камфорный; карамельный; кедровый; сельдерейный; ромашковый; сырный; вишнёвый; шоколадный; корица; цитрусовый; чистый; гвоздичный; какао; кокосовый; кофейный; коньячный; варёный; охлаждающий; корковый; кумариновый; кремовый; огуречный; молочный; сухой; землистый; эфирный; жирный; ферментированный; рыбный; цветочный; свежий; фруктовая кожура; фруктовый; чесночный; газовый; гераниевый; виноградный; грейпфрутовый; травянистый; зелёный; боярышник; сеновой; фундуковый; травяной; медовый; гиацинтовый; жасминовый; сочный; кетоновый; лактонный; лавандовый; листовой; кожаный; лимонный; лилейный; солодовый; мясной; лекарственный; дынный; металлический; молочный; мятный; ландышевый; грибной; мускусный; затхлый; натуральный; ореховый; без запаха; маслянистый; луковый; апельсиновый; апельсиновый цвет; ирисовый корень; озоновый; персиковый; грушевый; фенольный; сосновый; ананасовый; сливовый; попкорн; картофельный; пудровый; резкий; редисочный; малиновый; спелый; обжаренный; розовый; ромовый; сандаловый; пикантный; резкий; дымный; мыльный; растворитель; кислый; пряный; клубничный; сернистый; потный; сладкий; чайный; терпеновый; табачный; томатный; тропический; ванильный; овощной; ветиверовый; фиалковый; тёплый; восковой; сорняковый; винный; древесный; ,rata,Какие из следующих описаний запаха относятся к молекуле CCCC(C)=CCOC(C)=O? Выберите все подходящие из [алкогольный; альдегидный; луковый; миндальный; амбровый; анималистический; анисовый; яблочный; абрикосовый; ароматический; бальзамический; банановый; говяжий; бергамотовый; ягодный; горький; чёрная смородина; бренди; горелый; сливочный; капустный; камфорный; карамельный; кедровый; сельдерейный; ромашковый; сырный; вишнёвый; шоколадный; корица; цитрусовый; чистый; гвоздичный; какао; кокосовый; кофейный; коньячный; варёный; охлаждающий; корковый; кумариновый; кремовый; огуречный; молочный; сухой; землистый; эфирный; жирный; ферментированный; рыбный; цветочный; свежий; фруктовая кожура; фруктовый; чесночный; газовый; гераниевый; виноградный; грейпфрутовый; травянистый; зелёный; боярышник; сеновой; фундуковый; травяной; медовый; гиацинтовый; жасминовый; сочный; кетоновый; лактонный; лавандовый; листовой; кожаный; лимонный; лилейный; солодовый; мясной; лекарственный; дынный; металлический; молочный; мятный; ландышевый; грибной; мускусный; затхлый; натуральный; ореховый; без запаха; маслянистый; луковый; апельсиновый; апельсиновый цвет; ирисовый корень; озоновый; персиковый; грушевый; фенольный; сосновый; ананасовый; сливовый; попкорн; картофельный; пудровый; резкий; редисочный; малиновый; спелый; обжаренный; розовый; ромовый; сандаловый; пикантный; резкий; дымный; мыльный; растворитель; кислый; пряный; клубничный; сернистый; потный; сладкий; чайный; терпеновый; табачный; томатный; тропический; ванильный; овощной; ветиверовый; фиалковый; тёплый; восковой; сорняковый; винный; древесный; ]. Не пишите никаких комментариев.,Какие из следующих описаний запаха относятся к молекуле 3-Methylhex-2-en-1-yl acetate? Выберите все подходящие из [алкогольный; альдегидный; луковый; миндальный; амбровый; анималистический; анисовый; яблочный; абрикосовый; ароматический; бальзамический; банановый; говяжий; бергамотовый; ягодный; горький; чёрная смородина; бренди; горелый; сливочный; капустный; камфорный; карамельный; кедровый; сельдерейный; ромашковый; сырный; вишнёвый; шоколадный; корица; цитрусовый; чистый; гвоздичный; какао; кокосовый; кофейный; коньячный; варёный; охлаждающий; корковый; кумариновый; кремовый; огуречный; молочный; сухой; землистый; эфирный; жирный; ферментированный; рыбный; цветочный; свежий; фруктовая кожура; фруктовый; чесночный; газовый; гераниевый; виноградный; грейпфрутовый; травянистый; зелёный; боярышник; сеновой; фундуковый; травяной; медовый; гиацинтовый; жасминовый; сочный; кетоновый; лактонный; лавандовый; листовой; кожаный; лимонный; лилейный; солодовый; мясной; лекарственный; дынный; металлический; молочный; мятный; ландышевый; грибной; мускусный; затхлый; натуральный; ореховый; без запаха; маслянистый; луковый; апельсиновый; апельсиновый цвет; ирисовый корень; озоновый; персиковый; грушевый; фенольный; сосновый; ананасовый; сливовый; попкорн; картофельный; пудровый; резкий; редисочный; малиновый; спелый; обжаренный; розовый; ромовый; сандаловый; пикантный; резкий; дымный; мыльный; растворитель; кислый; пряный; клубничный; сернистый; потный; сладкий; чайный; терпеновый; табачный; томатный; тропический; ванильный; овощной; ветиверовый; фиалковый; тёплый; восковой; сорняковый; винный; древесный; ]. Не пишите никаких комментариев.,цветочный;фруктовый;зелёный;,,"фруктовый
зеленый
травянистый
грушевый","зеленый
фруктовый
банановый
грушевый
яблочный
тропический
травянистый
сладкий",679,681,15013,2468,8113,1262
7,1-Cyclohexylethyl butyrate,CCCC(=O)OC(C)C1CCCCC1,,,алкогольный; альдегидный; луковый; миндальный; амбровый; анималистический; анисовый; яблочный; абрикосовый; ароматический; бальзамический; банановый; говяжий; бергамотовый; ягодный; горький; чёрная смородина; бренди; горелый; сливочный; капустный; камфорный; карамельный; кедровый; сельдерейный; ромашковый; сырный; вишнёвый; шоколадный; корица; цитрусовый; чистый; гвоздичный; какао; кокосовый; кофейный; коньячный; варёный; охлаждающий; корковый; кумариновый; кремовый; огуречный; молочный; сухой; землистый; эфирный; жирный; ферментированный; рыбный; цветочный; свежий; фруктовая кожура; фруктовый; чесночный; газовый; гераниевый; виноградный; грейпфрутовый; травянистый; зелёный; боярышник; сеновой; фундуковый; травяной; медовый; гиацинтовый; жасминовый; сочный; кетоновый; лактонный; лавандовый; листовой; кожаный; лимонный; лилейный; солодовый; мясной; лекарственный; дынный; металлический; молочный; мятный; ландышевый; грибной; мускусный; затхлый; натуральный; ореховый; без запаха; маслянистый; луковый; апельсиновый; апельсиновый цвет; ирисовый корень; озоновый; персиковый; грушевый; фенольный; сосновый; ананасовый; сливовый; попкорн; картофельный; пудровый; резкий; редисочный; малиновый; спелый; обжаренный; розовый; ромовый; сандаловый; пикантный; резкий; дымный; мыльный; растворитель; кислый; пряный; клубничный; сернистый; потный; сладкий; чайный; терпеновый; табачный; томатный; тропический; ванильный; овощной; ветиверовый; фиалковый; тёплый; восковой; сорняковый; винный; древесный; ,rata,Какие из следующих описаний запаха относятся к молекуле CCCC(=O)OC(C)C1CCCCC1? Выберите все подходящие из [алкогольный; альдегидный; луковый; миндальный; амбровый; анималистический; анисовый; яблочный; абрикосовый; ароматический; бальзамический; банановый; говяжий; бергамотовый; ягодный; горький; чёрная смородина; бренди; горелый; сливочный; капустный; камфорный; карамельный; кедровый; сельдерейный; ромашковый; сырный; вишнёвый; шоколадный; корица; цитрусовый; чистый; гвоздичный; какао; кокосовый; кофейный; коньячный; варёный; охлаждающий; корковый; кумариновый; кремовый; огуречный; молочный; сухой; землистый; эфирный; жирный; ферментированный; рыбный; цветочный; свежий; фруктовая кожура; фруктовый; чесночный; газовый; гераниевый; виноградный; грейпфрутовый; травянистый; зелёный; боярышник; сеновой; фундуковый; травяной; медовый; гиацинтовый; жасминовый; сочный; кетоновый; лактонный; лавандовый; листовой; кожаный; лимонный; лилейный; солодовый; мясной; лекарственный; дынный; металлический; молочный; мятный; ландышевый; грибной; мускусный; затхлый; натуральный; ореховый; без запаха; маслянистый; луковый; апельсиновый; апельсиновый цвет; ирисовый корень; озоновый; персиковый; грушевый; фенольный; сосновый; ананасовый; сливовый; попкорн; картофельный; пудровый; резкий; редисочный; малиновый; спелый; обжаренный; розовый; ромовый; сандаловый; пикантный; резкий; дымный; мыльный; растворитель; кислый; пряный; клубничный; сернистый; потный; сладкий; чайный; терпеновый; табачный; томатный; тропический; ванильный; овощной; ветиверовый; фиалковый; тёплый; восковой; сорняковый; винный; древесный; ]. Не пишите никаких комментариев.,Какие из следующих описаний запаха относятся к молекуле 1-Cyclohexylethyl butyrate? Выберите все подходящие из [алкогольный; альдегидный; луковый; миндальный; амбровый; анималистический; анисовый; яблочный; абрикосовый; ароматический; бальзамический; банановый; говяжий; бергамотовый; ягодный; горький; чёрная смородина; бренди; горелый; сливочный; капустный; камфорный; карамельный; кедровый; сельдерейный; ромашковый; сырный; вишнёвый; шоколадный; корица; цитрусовый; чистый; гвоздичный; какао; кокосовый; кофейный; коньячный; варёный; охлаждающий; корковый; кумариновый; кремовый; огуречный; молочный; сухой; землистый; эфирный; жирный; ферментированный; рыбный; цветочный; свежий; фруктовая кожура; фруктовый; чесночный; газовый; гераниевый; виноградный; грейпфрутовый; травянистый; зелёный; боярышник; сеновой; фундуковый; травяной; медовый; гиацинтовый; жасминовый; сочный; кетоновый; лактонный; лавандовый; листовой; кожаный; лимонный; лилейный; солодовый; мясной; лекарственный; дынный; металлический; молочный; мятный; ландышевый; грибной; мускусный; затхлый; натуральный; ореховый; без запаха; маслянистый; луковый; апельсиновый; апельсиновый цвет; ирисовый корень; озоновый; персиковый; грушевый; фенольный; сосновый; ананасовый; сливовый; попкорн; картофельный; пудровый; резкий; редисочный; малиновый; спелый; обжаренный; розовый; ромовый; сандаловый; пикантный; резкий; дымный; мыльный; растворитель; кислый; пряный; клубничный; сернистый; потный; сладкий; чайный; терпеновый; табачный; томатный; тропический; ванильный; овощной; ветиверовый; фиалковый; тёплый; восковой; сорняковый; винный; древесный; ]. Не пишите никаких комментариев.,сладкий;фруктовый;,,"фруктовый
банановый
винный
тропический
сладкий","фруктовый
грушевый
яблочный
зелёный
травянистый
сладкий
свежий",681,681,8648,2113,3994,1075
8,2'-Aminoacetophenone,CC(=O)c1ccccc1N,,,алкогольный; альдегидный; луковый; миндальный; амбровый; анималистический; анисовый; яблочный; абрикосовый; ароматический; бальзамический; банановый; говяжий; бергамотовый; ягодный; горький; чёрная смородина; бренди; горелый; сливочный; капустный; камфорный; карамельный; кедровый; сельдерейный; ромашковый; сырный; вишнёвый; шоколадный; корица; цитрусовый; чистый; гвоздичный; какао; кокосовый; кофейный; коньячный; варёный; охлаждающий; корковый; кумариновый; кремовый; огуречный; молочный; сухой; землистый; эфирный; жирный; ферментированный; рыбный; цветочный; свежий; фруктовая кожура; фруктовый; чесночный; газовый; гераниевый; виноградный; грейпфрутовый; травянистый; зелёный; боярышник; сеновой; фундуковый; травяной; медовый; гиацинтовый; жасминовый; сочный; кетоновый; лактонный; лавандовый; листовой; кожаный; лимонный; лилейный; солодовый; мясной; лекарственный; дынный; металлический; молочный; мятный; ландышевый; грибной; мускусный; затхлый; натуральный; ореховый; без запаха; маслянистый; луковый; апельсиновый; апельсиновый цвет; ирисовый корень; озоновый; персиковый; грушевый; фенольный; сосновый; ананасовый; сливовый; попкорн; картофельный; пудровый; резкий; редисочный; малиновый; спелый; обжаренный; розовый; ромовый; сандаловый; пикантный; резкий; дымный; мыльный; растворитель; кислый; пряный; клубничный; сернистый; потный; сладкий; чайный; терпеновый; табачный; томатный; тропический; ванильный; овощной; ветиверовый; фиалковый; тёплый; восковой; сорняковый; винный; древесный; ,rata,Какие из следующих описаний запаха относятся к молекуле CC(=O)c1ccccc1N? Выберите все подходящие из [алкогольный; альдегидный; луковый; миндальный; амбровый; анималистический; анисовый; яблочный; абрикосовый; ароматический; бальзамический; банановый; говяжий; бергамотовый; ягодный; горький; чёрная смородина; бренди; горелый; сливочный; капустный; камфорный; карамельный; кедровый; сельдерейный; ромашковый; сырный; вишнёвый; шоколадный; корица; цитрусовый; чистый; гвоздичный; какао; кокосовый; кофейный; коньячный; варёный; охлаждающий; корковый; кумариновый; кремовый; огуречный; молочный; сухой; землистый; эфирный; жирный; ферментированный; рыбный; цветочный; свежий; фруктовая кожура; фруктовый; чесночный; газовый; гераниевый; виноградный; грейпфрутовый; травянистый; зелёный; боярышник; сеновой; фундуковый; травяной; медовый; гиацинтовый; жасминовый; сочный; кетоновый; лактонный; лавандовый; листовой; кожаный; лимонный; лилейный; солодовый; мясной; лекарственный; дынный; металлический; молочный; мятный; ландышевый; грибной; мускусный; затхлый; натуральный; ореховый; без запаха; маслянистый; луковый; апельсиновый; апельсиновый цвет; ирисовый корень; озоновый; персиковый; грушевый; фенольный; сосновый; ананасовый; сливовый; попкорн; картофельный; пудровый; резкий; редисочный; малиновый; спелый; обжаренный; розовый; ромовый; сандаловый; пикантный; резкий; дымный; мыльный; растворитель; кислый; пряный; клубничный; сернистый; потный; сладкий; чайный; терпеновый; табачный; томатный; тропический; ванильный; овощной; ветиверовый; фиалковый; тёплый; восковой; сорняковый; винный; древесный; ]. Не пишите никаких комментариев.,Какие из следующих описаний запаха относятся к молекуле 2'-Aminoacetophenone? Выберите все подходящие из [алкогольный; альдегидный; луковый; миндальный; амбровый; анималистический; анисовый; яблочный; абрикосовый; ароматический; бальзамический; банановый; говяжий; бергамотовый; ягодный; горький; чёрная смородина; бренди; горелый; сливочный; капустный; камфорный; карамельный; кедровый; сельдерейный; ромашковый; сырный; вишнёвый; шоколадный; корица; цитрусовый; чистый; гвоздичный; какао; кокосовый; кофейный; коньячный; варёный; охлаждающий; корковый; кумариновый; кремовый; огуречный; молочный; сухой; землистый; эфирный; жирный; ферментированный; рыбный; цветочный; свежий; фруктовая кожура; фруктовый; чесночный; газовый; гераниевый; виноградный; грейпфрутовый; травянистый; зелёный; боярышник; сеновой; фундуковый; травяной; медовый; гиацинтовый; жасминовый; сочный; кетоновый; лактонный; лавандовый; листовой; кожаный; лимонный; лилейный; солодовый; мясной; лекарственный; дынный; металлический; молочный; мятный; ландышевый; грибной; мускусный; затхлый; натуральный; ореховый; без запаха; маслянистый; луковый; апельсиновый; апельсиновый цвет; ирисовый корень; озоновый; персиковый; грушевый; фенольный; сосновый; ананасовый; сливовый; попкорн; картофельный; пудровый; резкий; редисочный; малиновый; спелый; обжаренный; розовый; ромовый; сандаловый; пикантный; резкий; дымный; мыльный; растворитель; кислый; пряный; клубничный; сернистый; потный; сладкий; чайный; терпеновый; табачный; томатный; тропический; ванильный; овощной; ветиверовый; фиалковый; тёплый; восковой; сорняковый; винный; древесный; ]. Не пишите никаких комментариев.,сладкий;виноградный;,,цветочный; гиацинтовый; мускусный; анималистический,"виноградный
затхлый
потный
попкорн
анималистический
фруктовый
сладкий",678,677,920,2954,423,1560
9,2-(5-Methylfuran-2-yl)butanal,CCC(C=O)c1ccc(C)o1,,,алкогольный; альдегидный; луковый; миндальный; амбровый; анималистический; анисовый; яблочный; абрикосовый; ароматический; бальзамический; банановый; говяжий; бергамотовый; ягодный; горький; чёрная смородина; бренди; горелый; сливочный; капустный; камфорный; карамельный; кедровый; сельдерейный; ромашковый; сырный; вишнёвый; шоколадный; корица; цитрусовый; чистый; гвоздичный; какао; кокосовый; кофейный; коньячный; варёный; охлаждающий; корковый; кумариновый; кремовый; огуречный; молочный; сухой; землистый; эфирный; жирный; ферментированный; рыбный; цветочный; свежий; фруктовая кожура; фруктовый; чесночный; газовый; гераниевый; виноградный; грейпфрутовый; травянистый; зелёный; боярышник; сеновой; фундуковый; травяной; медовый; гиацинтовый; жасминовый; сочный; кетоновый; лактонный; лавандовый; листовой; кожаный; лимонный; лилейный; солодовый; мясной; лекарственный; дынный; металлический; молочный; мятный; ландышевый; грибной; мускусный; затхлый; натуральный; ореховый; без запаха; маслянистый; луковый; апельсиновый; апельсиновый цвет; ирисовый корень; озоновый; персиковый; грушевый; фенольный; сосновый; ананасовый; сливовый; попкорн; картофельный; пудровый; резкий; редисочный; малиновый; спелый; обжаренный; розовый; ромовый; сандаловый; пикантный; резкий; дымный; мыльный; растворитель; кислый; пряный; клубничный; сернистый; потный; сладкий; чайный; терпеновый; табачный; томатный; тропический; ванильный; овощной; ветиверовый; фиалковый; тёплый; восковой; сорняковый; винный; древесный; ,rata,Какие из следующих описаний запаха относятся к молекуле CCC(C=O)c1ccc(C)o1? Выберите все подходящие из [алкогольный; альдегидный; луковый; миндальный; амбровый; анималистический; анисовый; яблочный; абрикосовый; ароматический; бальзамический; банановый; говяжий; бергамотовый; ягодный; горький; чёрная смородина; бренди; горелый; сливочный; капустный; камфорный; карамельный; кедровый; сельдерейный; ромашковый; сырный; вишнёвый; шоколадный; корица; цитрусовый; чистый; гвоздичный; какао; кокосовый; кофейный; коньячный; варёный; охлаждающий; корковый; кумариновый; кремовый; огуречный; молочный; сухой; землистый; эфирный; жирный; ферментированный; рыбный; цветочный; свежий; фруктовая кожура; фруктовый; чесночный; газовый; гераниевый; виноградный; грейпфрутовый; травянистый; зелёный; боярышник; сеновой; фундуковый; травяной; медовый; гиацинтовый; жасминовый; сочный; кетоновый; лактонный; лавандовый; листовой; кожаный; лимонный; лилейный; солодовый; мясной; лекарственный; дынный; металлический; молочный; мятный; ландышевый; грибной; мускусный; затхлый; натуральный; ореховый; без запаха; маслянистый; луковый; апельсиновый; апельсиновый цвет; ирисовый корень; озоновый; персиковый; грушевый; фенольный; сосновый; ананасовый; сливовый; попкорн; картофельный; пудровый; резкий; редисочный; малиновый; спелый; обжаренный; розовый; ромовый; сандаловый; пикантный; резкий; дымный; мыльный; растворитель; кислый; пряный; клубничный; сернистый; потный; сладкий; чайный; терпеновый; табачный; томатный; тропический; ванильный; овощной; ветиверовый; фиалковый; тёплый; восковой; сорняковый; винный; древесный; ]. Не пишите никаких комментариев.,Какие из следующих описаний запаха относятся к молекуле 2-(5-Methylfuran-2-yl)butanal? Выберите все подходящие из [алкогольный; альдегидный; луковый; миндальный; амбровый; анималистический; анисовый; яблочный; абрикосовый; ароматический; бальзамический; банановый; говяжий; бергамотовый; ягодный; горький; чёрная смородина; бренди; горелый; сливочный; капустный; камфорный; карамельный; кедровый; сельдерейный; ромашковый; сырный; вишнёвый; шоколадный; корица; цитрусовый; чистый; гвоздичный; какао; кокосовый; кофейный; коньячный; варёный; охлаждающий; корковый; кумариновый; кремовый; огуречный; молочный; сухой; землистый; эфирный; жирный; ферментированный; рыбный; цветочный; свежий; фруктовая кожура; фруктовый; чесночный; газовый; гераниевый; виноградный; грейпфрутовый; травянистый; зелёный; боярышник; сеновой; фундуковый; травяной; медовый; гиацинтовый; жасминовый; сочный; кетоновый; лактонный; лавандовый; листовой; кожаный; лимонный; лилейный; солодовый; мясной; лекарственный; дынный; металлический; молочный; мятный; ландышевый; грибной; мускусный; затхлый; натуральный; ореховый; без запаха; маслянистый; луковый; апельсиновый; апельсиновый цвет; ирисовый корень; озоновый; персиковый; грушевый; фенольный; сосновый; ананасовый; сливовый; попкорн; картофельный; пудровый; резкий; редисочный; малиновый; спелый; обжаренный; розовый; ромовый; сандаловый; пикантный; резкий; дымный; мыльный; растворитель; кислый; пряный; клубничный; сернистый; потный; сладкий; чайный; терпеновый; табачный; томатный; тропический; ванильный; овощной; ветиверовый; фиалковый; тёплый; восковой; сорняковый; винный; древесный; ]. Не пишите никаких комментариев.,овощной;огуречный;фруктовый;жирный;зелёный;,,альдегидный; миндальный; карамельный; ореховый; фруктовый; сладкий,"альдегидный
миндальный
карамельный
ореховый
фруктовый
сладкий",680,683,7256,2494,3591,1232
10,Phenethyl nonanoate,CCCCCCCCC(=O)OCCc1ccccc1,,,алкогольный; альдегидный; луковый; миндальный; амбровый; анималистический; анисовый; яблочный; абрикосовый; ароматический; бальзамический; банановый; говяжий; бергамотовый; ягодный; горький; чёрная смородина; бренди; горелый; сливочный; капустный; камфорный; карамельный; кедровый; сельдерейный; ромашковый; сырный; вишнёвый; шоколадный; корица; цитрусовый; чистый; гвоздичный; какао; кокосовый; кофейный; коньячный; варёный; охлаждающий; корковый; кумариновый; кремовый; огуречный; молочный; сухой; землистый; эфирный; жирный; ферментированный; рыбный; цветочный; свежий; фруктовая кожура; фруктовый; чесночный; газовый; гераниевый; виноградный; грейпфрутовый; травянистый; зелёный; боярышник; сеновой; фундуковый; травяной; медовый; гиацинтовый; жасминовый; сочный; кетоновый; лактонный; лавандовый; листовой; кожаный; лимонный; лилейный; солодовый; мясной; лекарственный; дынный; металлический; молочный; мятный; ландышевый; грибной; мускусный; затхлый; натуральный; ореховый; без запаха; маслянистый; луковый; апельсиновый; апельсиновый цвет; ирисовый корень; озоновый; персиковый; грушевый; фенольный; сосновый; ананасовый; сливовый; попкорн; картофельный; пудровый; резкий; редисочный; малиновый; спелый; обжаренный; розовый; ромовый; сандаловый; пикантный; резкий; дымный; мыльный; растворитель; кислый; пряный; клубничный; сернистый; потный; сладкий; чайный; терпеновый; табачный; томатный; тропический; ванильный; овощной; ветиверовый; фиалковый; тёплый; восковой; сорняковый; винный; древесный; ,rata,Какие из следующих описаний запаха относятся к молекуле CCCCCCCCC(=O)OCCc1ccccc1? Выберите все подходящие из [алкогольный; альдегидный; луковый; миндальный; амбровый; анималистический; анисовый; яблочный; абрикосовый; ароматический; бальзамический; банановый; говяжий; бергамотовый; ягодный; горький; чёрная смородина; бренди; горелый; сливочный; капустный; камфорный; карамельный; кедровый; сельдерейный; ромашковый; сырный; вишнёвый; шоколадный; корица; цитрусовый; чистый; гвоздичный; какао; кокосовый; кофейный; коньячный; варёный; охлаждающий; корковый; кумариновый; кремовый; огуречный; молочный; сухой; землистый; эфирный; жирный; ферментированный; рыбный; цветочный; свежий; фруктовая кожура; фруктовый; чесночный; газовый; гераниевый; виноградный; грейпфрутовый; травянистый; зелёный; боярышник; сеновой; фундуковый; травяной; медовый; гиацинтовый; жасминовый; сочный; кетоновый; лактонный; лавандовый; листовой; кожаный; лимонный; лилейный; солодовый; мясной; лекарственный; дынный; металлический; молочный; мятный; ландышевый; грибной; мускусный; затхлый; натуральный; ореховый; без запаха; маслянистый; луковый; апельсиновый; апельсиновый цвет; ирисовый корень; озоновый; персиковый; грушевый; фенольный; сосновый; ананасовый; сливовый; попкорн; картофельный; пудровый; резкий; редисочный; малиновый; спелый; обжаренный; розовый; ромовый; сандаловый; пикантный; резкий; дымный; мыльный; растворитель; кислый; пряный; клубничный; сернистый; потный; сладкий; чайный; терпеновый; табачный; томатный; тропический; ванильный; овощной; ветиверовый; фиалковый; тёплый; восковой; сорняковый; винный; древесный; ]. Не пишите никаких комментариев.,Какие из следующих описаний запаха относятся к молекуле Phenethyl nonanoate? Выберите все подходящие из [алкогольный; альдегидный; луковый; миндальный; амбровый; анималистический; анисовый; яблочный; абрикосовый; ароматический; бальзамический; банановый; говяжий; бергамотовый; ягодный; горький; чёрная смородина; бренди; горелый; сливочный; капустный; камфорный; карамельный; кедровый; сельдерейный; ромашковый; сырный; вишнёвый; шоколадный; корица; цитрусовый; чистый; гвоздичный; какао; кокосовый; кофейный; коньячный; варёный; охлаждающий; корковый; кумариновый; кремовый; огуречный; молочный; сухой; землистый; эфирный; жирный; ферментированный; рыбный; цветочный; свежий; фруктовая кожура; фруктовый; чесночный; газовый; гераниевый; виноградный; грейпфрутовый; травянистый; зелёный; боярышник; сеновой; фундуковый; травяной; медовый; гиацинтовый; жасминовый; сочный; кетоновый; лактонный; лавандовый; листовой; кожаный; лимонный; лилейный; солодовый; мясной; лекарственный; дынный; металлический; молочный; мятный; ландышевый; грибной; мускусный; затхлый; натуральный; ореховый; без запаха; маслянистый; луковый; апельсиновый; апельсиновый цвет; ирисовый корень; озоновый; персиковый; грушевый; фенольный; сосновый; ананасовый; сливовый; попкорн; картофельный; пудровый; резкий; редисочный; малиновый; спелый; обжаренный; розовый; ромовый; сандаловый; пикантный; резкий; дымный; мыльный; растворитель; кислый; пряный; клубничный; сернистый; потный; сладкий; чайный; терпеновый; табачный; томатный; тропический; ванильный; овощной; ветиверовый; фиалковый; тёплый; восковой; сорняковый; винный; древесный; ]. Не пишите никаких комментариев.,розовый;травяной;сладкий;маслянистый;восковой;,,"розовый
цветочный
фруктовый
зелёный
медовый",жирный; восковой; фруктовый; кокосовый; цветочный; зеленый; сладкий; розовый; винный,682,674,2044,3179,947,1632
11,"3,7,11,15-Tetramethylhexadeca-6,10,14-trien-3-ol",CCC(C)(O)CCC=C(C)CCC=C(C)CCC=C(C)C,,,алкогольный; альдегидный; луковый; миндальный; амбровый; анималистический; анисовый; яблочный; абрикосовый; ароматический; бальзамический; банановый; говяжий; бергамотовый; ягодный; горький; чёрная смородина; бренди; горелый; сливочный; капустный; камфорный; карамельный; кедровый; сельдерейный; ромашковый; сырный; вишнёвый; шоколадный; корица; цитрусовый; чистый; гвоздичный; какао; кокосовый; кофейный; коньячный; варёный; охлаждающий; корковый; кумариновый; кремовый; огуречный; молочный; сухой; землистый; эфирный; жирный; ферментированный; рыбный; цветочный; свежий; фруктовая кожура; фруктовый; чесночный; газовый; гераниевый; виноградный; грейпфрутовый; травянистый; зелёный; боярышник; сеновой; фундуковый; травяной; медовый; гиацинтовый; жасминовый; сочный; кетоновый; лактонный; лавандовый; листовой; кожаный; лимонный; лилейный; солодовый; мясной; лекарственный; дынный; металлический; молочный; мятный; ландышевый; грибной; мускусный; затхлый; натуральный; ореховый; без запаха; маслянистый; луковый; апельсиновый; апельсиновый цвет; ирисовый корень; озоновый; персиковый; грушевый; фенольный; сосновый; ананасовый; сливовый; попкорн; картофельный; пудровый; резкий; редисочный; малиновый; спелый; обжаренный; розовый; ромовый; сандаловый; пикантный; резкий; дымный; мыльный; растворитель; кислый; пряный; клубничный; сернистый; потный; сладкий; чайный; терпеновый; табачный; томатный; тропический; ванильный; овощной; ветиверовый; фиалковый; тёплый; восковой; сорняковый; винный; древесный; ,rata,Какие из следующих описаний запаха относятся к молекуле CCC(C)(O)CCC=C(C)CCC=C(C)CCC=C(C)C? Выберите все подходящие из [алкогольный; альдегидный; луковый; миндальный; амбровый; анималистический; анисовый; яблочный; абрикосовый; ароматический; бальзамический; банановый; говяжий; бергамотовый; ягодный; горький; чёрная смородина; бренди; горелый; сливочный; капустный; камфорный; карамельный; кедровый; сельдерейный; ромашковый; сырный; вишнёвый; шоколадный; корица; цитрусовый; чистый; гвоздичный; какао; кокосовый; кофейный; коньячный; варёный; охлаждающий; корковый; кумариновый; кремовый; огуречный; молочный; сухой; землистый; эфирный; жирный; ферментированный; рыбный; цветочный; свежий; фруктовая кожура; фруктовый; чесночный; газовый; гераниевый; виноградный; грейпфрутовый; травянистый; зелёный; боярышник; сеновой; фундуковый; травяной; медовый; гиацинтовый; жасминовый; сочный; кетоновый; лактонный; лавандовый; листовой; кожаный; лимонный; лилейный; солодовый; мясной; лекарственный; дынный; металлический; молочный; мятный; ландышевый; грибной; мускусный; затхлый; натуральный; ореховый; без запаха; маслянистый; луковый; апельсиновый; апельсиновый цвет; ирисовый корень; озоновый; персиковый; грушевый; фенольный; сосновый; ананасовый; сливовый; попкорн; картофельный; пудровый; резкий; редисочный; малиновый; спелый; обжаренный; розовый; ромовый; сандаловый; пикантный; резкий; дымный; мыльный; растворитель; кислый; пряный; клубничный; сернистый; потный; сладкий; чайный; терпеновый; табачный; томатный; тропический; ванильный; овощной; ветиверовый; фиалковый; тёплый; восковой; сорняковый; винный; древесный; ]. Не пишите никаких комментариев.,"Какие из следующих описаний запаха относятся к молекуле 3,7,11,15-Tetramethylhexadeca-6,10,14-trien-3-ol? Выберите все подходящие из [алкогольный; альдегидный; луковый; миндальный; амбровый; анималистический; анисовый; яблочный; абрикосовый; ароматический; бальзамический; банановый; говяжий; бергамотовый; ягодный; горький; чёрная смородина; бренди; горелый; сливочный; капустный; камфорный; карамельный; кедровый; сельдерейный; ромашковый; сырный; вишнёвый; шоколадный; корица; цитрусовый; чистый; гвоздичный; какао; кокосовый; кофейный; коньячный; варёный; охлаждающий; корковый; кумариновый; кремовый; огуречный; молочный; сухой; землистый; эфирный; жирный; ферментированный; рыбный; цветочный; свежий; фруктовая кожура; фруктовый; чесночный; газовый; гераниевый; виноградный; грейпфрутовый; травянистый; зелёный; боярышник; сеновой; фундуковый; травяной; медовый; гиацинтовый; жасминовый; сочный; кетоновый; лактонный; лавандовый; листовой; кожаный; лимонный; лилейный; солодовый; мясной; лекарственный; дынный; металлический; молочный; мятный; ландышевый; грибной; мускусный; затхлый; натуральный; ореховый; без запаха; маслянистый; луковый; апельсиновый; апельсиновый цвет; ирисовый корень; озоновый; персиковый; грушевый; фенольный; сосновый; ананасовый; сливовый; попкорн; картофельный; пудровый; резкий; редисочный; малиновый; спелый; обжаренный; розовый; ромовый; сандаловый; пикантный; резкий; дымный; мыльный; растворитель; кислый; пряный; клубничный; сернистый; потный; сладкий; чайный; терпеновый; табачный; томатный; тропический; ванильный; овощной; ветиверовый; фиалковый; тёплый; восковой; сорняковый; винный; древесный; ]. Не пишите никаких комментариев.",бальзамический;цветочный;,,"древесный
бальзамический
цветочный
зелёный
травяной
терпеновый
пряный
жирный",алкогольный; зелёный; травянистый; цветочный; древесный; терпеновый; бальзамический,686,695,1919,4775,874,2186
12,Allyl ethyl ether,C=CCOCC,,,алкогольный; альдегидный; луковый; миндальный; амбровый; анималистический; анисовый; яблочный; абрикосовый; ароматический; бальзамический; банановый; говяжий; бергамотовый; ягодный; горький; чёрная смородина; бренди; горелый; сливочный; капустный; камфорный; карамельный; кедровый; сельдерейный; ромашковый; сырный; вишнёвый; шоколадный; корица; цитрусовый; чистый; гвоздичный; какао; кокосовый; кофейный; коньячный; варёный; охлаждающий; корковый; кумариновый; кремовый; огуречный; молочный; сухой; землистый; эфирный; жирный; ферментированный; рыбный; цветочный; свежий; фруктовая кожура; фруктовый; чесночный; газовый; гераниевый; виноградный; грейпфрутовый; травянистый; зелёный; боярышник; сеновой; фундуковый; травяной; медовый; гиацинтовый; жасминовый; сочный; кетоновый; лактонный; лавандовый; листовой; кожаный; лимонный; лилейный; солодовый; мясной; лекарственный; дынный; металлический; молочный; мятный; ландышевый; грибной; мускусный; затхлый; натуральный; ореховый; без запаха; маслянистый; луковый; апельсиновый; апельсиновый цвет; ирисовый корень; озоновый; персиковый; грушевый; фенольный; сосновый; ананасовый; сливовый; попкорн; картофельный; пудровый; резкий; редисочный; малиновый; спелый; обжаренный; розовый; ромовый; сандаловый; пикантный; резкий; дымный; мыльный; растворитель; кислый; пряный; клубничный; сернистый; потный; сладкий; чайный; терпеновый; табачный; томатный; тропический; ванильный; овощной; ветиверовый; фиалковый; тёплый; восковой; сорняковый; винный; древесный; ,rata,Какие из следующих описаний запаха относятся к молекуле C=CCOCC? Выберите все подходящие из [алкогольный; альдегидный; луковый; миндальный; амбровый; анималистический; анисовый; яблочный; абрикосовый; ароматический; бальзамический; банановый; говяжий; бергамотовый; ягодный; горький; чёрная смородина; бренди; горелый; сливочный; капустный; камфорный; карамельный; кедровый; сельдерейный; ромашковый; сырный; вишнёвый; шоколадный; корица; цитрусовый; чистый; гвоздичный; какао; кокосовый; кофейный; коньячный; варёный; охлаждающий; корковый; кумариновый; кремовый; огуречный; молочный; сухой; землистый; эфирный; жирный; ферментированный; рыбный; цветочный; свежий; фруктовая кожура; фруктовый; чесночный; газовый; гераниевый; виноградный; грейпфрутовый; травянистый; зелёный; боярышник; сеновой; фундуковый; травяной; медовый; гиацинтовый; жасминовый; сочный; кетоновый; лактонный; лавандовый; листовой; кожаный; лимонный; лилейный; солодовый; мясной; лекарственный; дынный; металлический; молочный; мятный; ландышевый; грибной; мускусный; затхлый; натуральный; ореховый; без запаха; маслянистый; луковый; апельсиновый; апельсиновый цвет; ирисовый корень; озоновый; персиковый; грушевый; фенольный; сосновый; ананасовый; сливовый; попкорн; картофельный; пудровый; резкий; редисочный; малиновый; спелый; обжаренный; розовый; ромовый; сандаловый; пикантный; резкий; дымный; мыльный; растворитель; кислый; пряный; клубничный; сернистый; потный; сладкий; чайный; терпеновый; табачный; томатный; тропический; ванильный; овощной; ветиверовый; фиалковый; тёплый; восковой; сорняковый; винный; древесный; ]. Не пишите никаких комментариев.,Какие из следующих описаний запаха относятся к молекуле Allyl ethyl ether? Выберите все подходящие из [алкогольный; альдегидный; луковый; миндальный; амбровый; анималистический; анисовый; яблочный; абрикосовый; ароматический; бальзамический; банановый; говяжий; бергамотовый; ягодный; горький; чёрная смородина; бренди; горелый; сливочный; капустный; камфорный; карамельный; кедровый; сельдерейный; ромашковый; сырный; вишнёвый; шоколадный; корица; цитрусовый; чистый; гвоздичный; какао; кокосовый; кофейный; коньячный; варёный; охлаждающий; корковый; кумариновый; кремовый; огуречный; молочный; сухой; землистый; эфирный; жирный; ферментированный; рыбный; цветочный; свежий; фруктовая кожура; фруктовый; чесночный; газовый; гераниевый; виноградный; грейпфрутовый; травянистый; зелёный; боярышник; сеновой; фундуковый; травяной; медовый; гиацинтовый; жасминовый; сочный; кетоновый; лактонный; лавандовый; листовой; кожаный; лимонный; лилейный; солодовый; мясной; лекарственный; дынный; металлический; молочный; мятный; ландышевый; грибной; мускусный; затхлый; натуральный; ореховый; без запаха; маслянистый; луковый; апельсиновый; апельсиновый цвет; ирисовый корень; озоновый; персиковый; грушевый; фенольный; сосновый; ананасовый; сливовый; попкорн; картофельный; пудровый; резкий; редисочный; малиновый; спелый; обжаренный; розовый; ромовый; сандаловый; пикантный; резкий; дымный; мыльный; растворитель; кислый; пряный; клубничный; сернистый; потный; сладкий; чайный; терпеновый; табачный; томатный; тропический; ванильный; овощной; ветиверовый; фиалковый; тёплый; восковой; сорняковый; винный; древесный; ]. Не пишите никаких комментариев.,резкий;эфирный;,,"луковый
чесночный
резкий
эфирный","луковый
чесночный
резкий",673,673,6742,1233,3502,622
13,Orin lactone,CC(C)=CCCC1(C)CCC(=O)O1,,,алкогольный; альдегидный; луковый; миндальный; амбровый; анималистический; анисовый; яблочный; абрикосовый; ароматический; бальзамический; банановый; говяжий; бергамотовый; ягодный; горький; чёрная смородина; бренди; горелый; сливочный; капустный; камфорный; карамельный; кедровый; сельдерейный; ромашковый; сырный; вишнёвый; шоколадный; корица; цитрусовый; чистый; гвоздичный; какао; кокосовый; кофейный; коньячный; варёный; охлаждающий; корковый; кумариновый; кремовый; огуречный; молочный; сухой; землистый; эфирный; жирный; ферментированный; рыбный; цветочный; свежий; фруктовая кожура; фруктовый; чесночный; газовый; гераниевый; виноградный; грейпфрутовый; травянистый; зелёный; боярышник; сеновой; фундуковый; травяной; медовый; гиацинтовый; жасминовый; сочный; кетоновый; лактонный; лавандовый; листовой; кожаный; лимонный; лилейный; солодовый; мясной; лекарственный; дынный; металлический; молочный; мятный; ландышевый; грибной; мускусный; затхлый; натуральный; ореховый; без запаха; маслянистый; луковый; апельсиновый; апельсиновый цвет; ирисовый корень; озоновый; персиковый; грушевый; фенольный; сосновый; ананасовый; сливовый; попкорн; картофельный; пудровый; резкий; редисочный; малиновый; спелый; обжаренный; розовый; ромовый; сандаловый; пикантный; резкий; дымный; мыльный; растворитель; кислый; пряный; клубничный; сернистый; потный; сладкий; чайный; терпеновый; табачный; томатный; тропический; ванильный; овощной; ветиверовый; фиалковый; тёплый; восковой; сорняковый; винный; древесный; ,rata,Какие из следующих описаний запаха относятся к молекуле CC(C)=CCCC1(C)CCC(=O)O1? Выберите все подходящие из [алкогольный; альдегидный; луковый; миндальный; амбровый; анималистический; анисовый; яблочный; абрикосовый; ароматический; бальзамический; банановый; говяжий; бергамотовый; ягодный; горький; чёрная смородина; бренди; горелый; сливочный; капустный; камфорный; карамельный; кедровый; сельдерейный; ромашковый; сырный; вишнёвый; шоколадный; корица; цитрусовый; чистый; гвоздичный; какао; кокосовый; кофейный; коньячный; варёный; охлаждающий; корковый; кумариновый; кремовый; огуречный; молочный; сухой; землистый; эфирный; жирный; ферментированный; рыбный; цветочный; свежий; фруктовая кожура; фруктовый; чесночный; газовый; гераниевый; виноградный; грейпфрутовый; травянистый; зелёный; боярышник; сеновой; фундуковый; травяной; медовый; гиацинтовый; жасминовый; сочный; кетоновый; лактонный; лавандовый; листовой; кожаный; лимонный; лилейный; солодовый; мясной; лекарственный; дынный; металлический; молочный; мятный; ландышевый; грибной; мускусный; затхлый; натуральный; ореховый; без запаха; маслянистый; луковый; апельсиновый; апельсиновый цвет; ирисовый корень; озоновый; персиковый; грушевый; фенольный; сосновый; ананасовый; сливовый; попкорн; картофельный; пудровый; резкий; редисочный; малиновый; спелый; обжаренный; розовый; ромовый; сандаловый; пикантный; резкий; дымный; мыльный; растворитель; кислый; пряный; клубничный; сернистый; потный; сладкий; чайный; терпеновый; табачный; томатный; тропический; ванильный; овощной; ветиверовый; фиалковый; тёплый; восковой; сорняковый; винный; древесный; ]. Не пишите никаких комментариев.,Какие из следующих описаний запаха относятся к молекуле Orin lactone? Выберите все подходящие из [алкогольный; альдегидный; луковый; миндальный; амбровый; анималистический; анисовый; яблочный; абрикосовый; ароматический; бальзамический; банановый; говяжий; бергамотовый; ягодный; горький; чёрная смородина; бренди; горелый; сливочный; капустный; камфорный; карамельный; кедровый; сельдерейный; ромашковый; сырный; вишнёвый; шоколадный; корица; цитрусовый; чистый; гвоздичный; какао; кокосовый; кофейный; коньячный; варёный; охлаждающий; корковый; кумариновый; кремовый; огуречный; молочный; сухой; землистый; эфирный; жирный; ферментированный; рыбный; цветочный; свежий; фруктовая кожура; фруктовый; чесночный; газовый; гераниевый; виноградный; грейпфрутовый; травянистый; зелёный; боярышник; сеновой; фундуковый; травяной; медовый; гиацинтовый; жасминовый; сочный; кетоновый; лактонный; лавандовый; листовой; кожаный; лимонный; лилейный; солодовый; мясной; лекарственный; дынный; металлический; молочный; мятный; ландышевый; грибной; мускусный; затхлый; натуральный; ореховый; без запаха; маслянистый; луковый; апельсиновый; апельсиновый цвет; ирисовый корень; озоновый; персиковый; грушевый; фенольный; сосновый; ананасовый; сливовый; попкорн; картофельный; пудровый; резкий; редисочный; малиновый; спелый; обжаренный; розовый; ромовый; сандаловый; пикантный; резкий; дымный; мыльный; растворитель; кислый; пряный; клубничный; сернистый; потный; сладкий; чайный; терпеновый; табачный; томатный; тропический; ванильный; овощной; ветиверовый; фиалковый; тёплый; восковой; сорняковый; винный; древесный; ]. Не пишите никаких комментариев.,яблочный;сладкий;фруктовый;,,фруктовый; кокосовый; персиковый; сливочный; кремовый; молочный; сладкий; тропический; ореховый,лактонный;кокосовый;персиковый;абрикосовый;сливочный;молочный,682,673,12377,1093,6648,464
14,Dec-3-enoic acid,CCCCCCC=CCC(=O)O,,,алкогольный; альдегидный; луковый; миндальный; амбровый; анималистический; анисовый; яблочный; абрикосовый; ароматический; бальзамический; банановый; говяжий; бергамотовый; ягодный; горький; чёрная смородина; бренди; горелый; сливочный; капустный; камфорный; карамельный; кедровый; сельдерейный; ромашковый; сырный; вишнёвый; шоколадный; корица; цитрусовый; чистый; гвоздичный; какао; кокосовый; кофейный; коньячный; варёный; охлаждающий; корковый; кумариновый; кремовый; огуречный; молочный; сухой; землистый; эфирный; жирный; ферментированный; рыбный; цветочный; свежий; фруктовая кожура; фруктовый; чесночный; газовый; гераниевый; виноградный; грейпфрутовый; травянистый; зелёный; боярышник; сеновой; фундуковый; травяной; медовый; гиацинтовый; жасминовый; сочный; кетоновый; лактонный; лавандовый; листовой; кожаный; лимонный; лилейный; солодовый; мясной; лекарственный; дынный; металлический; молочный; мятный; ландышевый; грибной; мускусный; затхлый; натуральный; ореховый; без запаха; маслянистый; луковый; апельсиновый; апельсиновый цвет; ирисовый корень; озоновый; персиковый; грушевый; фенольный; сосновый; ананасовый; сливовый; попкорн; картофельный; пудровый; резкий; редисочный; малиновый; спелый; обжаренный; розовый; ромовый; сандаловый; пикантный; резкий; дымный; мыльный; растворитель; кислый; пряный; клубничный; сернистый; потный; сладкий; чайный; терпеновый; табачный; томатный; тропический; ванильный; овощной; ветиверовый; фиалковый; тёплый; восковой; сорняковый; винный; древесный; ,rata,Какие из следующих описаний запаха относятся к молекуле CCCCCCC=CCC(=O)O? Выберите все подходящие из [алкогольный; альдегидный; луковый; миндальный; амбровый; анималистический; анисовый; яблочный; абрикосовый; ароматический; бальзамический; банановый; говяжий; бергамотовый; ягодный; горький; чёрная смородина; бренди; горелый; сливочный; капустный; камфорный; карамельный; кедровый; сельдерейный; ромашковый; сырный; вишнёвый; шоколадный; корица; цитрусовый; чистый; гвоздичный; какао; кокосовый; кофейный; коньячный; варёный; охлаждающий; корковый; кумариновый; кремовый; огуречный; молочный; сухой; землистый; эфирный; жирный; ферментированный; рыбный; цветочный; свежий; фруктовая кожура; фруктовый; чесночный; газовый; гераниевый; виноградный; грейпфрутовый; травянистый; зелёный; боярышник; сеновой; фундуковый; травяной; медовый; гиацинтовый; жасминовый; сочный; кетоновый; лактонный; лавандовый; листовой; кожаный; лимонный; лилейный; солодовый; мясной; лекарственный; дынный; металлический; молочный; мятный; ландышевый; грибной; мускусный; затхлый; натуральный; ореховый; без запаха; маслянистый; луковый; апельсиновый; апельсиновый цвет; ирисовый корень; озоновый; персиковый; грушевый; фенольный; сосновый; ананасовый; сливовый; попкорн; картофельный; пудровый; резкий; редисочный; малиновый; спелый; обжаренный; розовый; ромовый; сандаловый; пикантный; резкий; дымный; мыльный; растворитель; кислый; пряный; клубничный; сернистый; потный; сладкий; чайный; терпеновый; табачный; томатный; тропический; ванильный; овощной; ветиверовый; фиалковый; тёплый; восковой; сорняковый; винный; древесный; ]. Не пишите никаких комментариев.,Какие из следующих описаний запаха относятся к молекуле Dec-3-enoic acid? Выберите все подходящие из [алкогольный; альдегидный; луковый; миндальный; амбровый; анималистический; анисовый; яблочный; абрикосовый; ароматический; бальзамический; банановый; говяжий; бергамотовый; ягодный; горький; чёрная смородина; бренди; горелый; сливочный; капустный; камфорный; карамельный; кедровый; сельдерейный; ромашковый; сырный; вишнёвый; шоколадный; корица; цитрусовый; чистый; гвоздичный; какао; кокосовый; кофейный; коньячный; варёный; охлаждающий; корковый; кумариновый; кремовый; огуречный; молочный; сухой; землистый; эфирный; жирный; ферментированный; рыбный; цветочный; свежий; фруктовая кожура; фруктовый; чесночный; газовый; гераниевый; виноградный; грейпфрутовый; травянистый; зелёный; боярышник; сеновой; фундуковый; травяной; медовый; гиацинтовый; жасминовый; сочный; кетоновый; лактонный; лавандовый; листовой; кожаный; лимонный; лилейный; солодовый; мясной; лекарственный; дынный; металлический; молочный; мятный; ландышевый; грибной; мускусный; затхлый; натуральный; ореховый; без запаха; маслянистый; луковый; апельсиновый; апельсиновый цвет; ирисовый корень; озоновый; персиковый; грушевый; фенольный; сосновый; ананасовый; сливовый; попкорн; картофельный; пудровый; резкий; редисочный; малиновый; спелый; обжаренный; розовый; ромовый; сандаловый; пикантный; резкий; дымный; мыльный; растворитель; кислый; пряный; клубничный; сернистый; потный; сладкий; чайный; терпеновый; табачный; томатный; тропический; ванильный; овощной; ветиверовый; фиалковый; тёплый; восковой; сорняковый; винный; древесный; ]. Не пишите никаких комментариев.,восковой;жирный;фруктовый;маслянистый;зелёный;,,жирный; маслянистый; восковой; зелёный,"жирный
маслянистый
травянистый
зелёный",677,676,7710,393,4069,184
15,3-Penten-1-ol,CC=CCCO,,,алкогольный; альдегидный; луковый; миндальный; амбровый; анималистический; анисовый; яблочный; абрикосовый; ароматический; бальзамический; банановый; говяжий; бергамотовый; ягодный; горький; чёрная смородина; бренди; горелый; сливочный; капустный; камфорный; карамельный; кедровый; сельдерейный; ромашковый; сырный; вишнёвый; шоколадный; корица; цитрусовый; чистый; гвоздичный; какао; кокосовый; кофейный; коньячный; варёный; охлаждающий; корковый; кумариновый; кремовый; огуречный; молочный; сухой; землистый; эфирный; жирный; ферментированный; рыбный; цветочный; свежий; фруктовая кожура; фруктовый; чесночный; газовый; гераниевый; виноградный; грейпфрутовый; травянистый; зелёный; боярышник; сеновой; фундуковый; травяной; медовый; гиацинтовый; жасминовый; сочный; кетоновый; лактонный; лавандовый; листовой; кожаный; лимонный; лилейный; солодовый; мясной; лекарственный; дынный; металлический; молочный; мятный; ландышевый; грибной; мускусный; затхлый; натуральный; ореховый; без запаха; маслянистый; луковый; апельсиновый; апельсиновый цвет; ирисовый корень; озоновый; персиковый; грушевый; фенольный; сосновый; ананасовый; сливовый; попкорн; картофельный; пудровый; резкий; редисочный; малиновый; спелый; обжаренный; розовый; ромовый; сандаловый; пикантный; резкий; дымный; мыльный; растворитель; кислый; пряный; клубничный; сернистый; потный; сладкий; чайный; терпеновый; табачный; томатный; тропический; ванильный; овощной; ветиверовый; фиалковый; тёплый; восковой; сорняковый; винный; древесный; ,rata,Какие из следующих описаний запаха относятся к молекуле CC=CCCO? Выберите все подходящие из [алкогольный; альдегидный; луковый; миндальный; амбровый; анималистический; анисовый; яблочный; абрикосовый; ароматический; бальзамический; банановый; говяжий; бергамотовый; ягодный; горький; чёрная смородина; бренди; горелый; сливочный; капустный; камфорный; карамельный; кедровый; сельдерейный; ромашковый; сырный; вишнёвый; шоколадный; корица; цитрусовый; чистый; гвоздичный; какао; кокосовый; кофейный; коньячный; варёный; охлаждающий; корковый; кумариновый; кремовый; огуречный; молочный; сухой; землистый; эфирный; жирный; ферментированный; рыбный; цветочный; свежий; фруктовая кожура; фруктовый; чесночный; газовый; гераниевый; виноградный; грейпфрутовый; травянистый; зелёный; боярышник; сеновой; фундуковый; травяной; медовый; гиацинтовый; жасминовый; сочный; кетоновый; лактонный; лавандовый; листовой; кожаный; лимонный; лилейный; солодовый; мясной; лекарственный; дынный; металлический; молочный; мятный; ландышевый; грибной; мускусный; затхлый; натуральный; ореховый; без запаха; маслянистый; луковый; апельсиновый; апельсиновый цвет; ирисовый корень; озоновый; персиковый; грушевый; фенольный; сосновый; ананасовый; сливовый; попкорн; картофельный; пудровый; резкий; редисочный; малиновый; спелый; обжаренный; розовый; ромовый; сандаловый; пикантный; резкий; дымный; мыльный; растворитель; кислый; пряный; клубничный; сернистый; потный; сладкий; чайный; терпеновый; табачный; томатный; тропический; ванильный; овощной; ветиверовый; фиалковый; тёплый; восковой; сорняковый; винный; древесный; ]. Не пишите никаких комментариев.,Какие из следующих описаний запаха относятся к молекуле 3-Penten-1-ol? Выберите все подходящие из [алкогольный; альдегидный; луковый; миндальный; амбровый; анималистический; анисовый; яблочный; абрикосовый; ароматический; бальзамический; банановый; говяжий; бергамотовый; ягодный; горький; чёрная смородина; бренди; горелый; сливочный; капустный; камфорный; карамельный; кедровый; сельдерейный; ромашковый; сырный; вишнёвый; шоколадный; корица; цитрусовый; чистый; гвоздичный; какао; кокосовый; кофейный; коньячный; варёный; охлаждающий; корковый; кумариновый; кремовый; огуречный; молочный; сухой; землистый; эфирный; жирный; ферментированный; рыбный; цветочный; свежий; фруктовая кожура; фруктовый; чесночный; газовый; гераниевый; виноградный; грейпфрутовый; травянистый; зелёный; боярышник; сеновой; фундуковый; травяной; медовый; гиацинтовый; жасминовый; сочный; кетоновый; лактонный; лавандовый; листовой; кожаный; лимонный; лилейный; солодовый; мясной; лекарственный; дынный; металлический; молочный; мятный; ландышевый; грибной; мускусный; затхлый; натуральный; ореховый; без запаха; маслянистый; луковый; апельсиновый; апельсиновый цвет; ирисовый корень; озоновый; персиковый; грушевый; фенольный; сосновый; ананасовый; сливовый; попкорн; картофельный; пудровый; резкий; редисочный; малиновый; спелый; обжаренный; розовый; ромовый; сандаловый; пикантный; резкий; дымный; мыльный; растворитель; кислый; пряный; клубничный; сернистый; потный; сладкий; чайный; терпеновый; табачный; томатный; тропический; ванильный; овощной; ветиверовый; фиалковый; тёплый; восковой; сорняковый; винный; древесный; ]. Не пишите никаких комментариев.,зелёный;фруктовый;свежий;,,"алкогольный
травянистый
зелёный
фруктовый","алкогольный
зелёный
травянистый",673,676,263,287,118,132
16,O-ethyl pentanethioate,CCCCC(=S)OCC,,,алкогольный; альдегидный; луковый; миндальный; амбровый; анималистический; анисовый; яблочный; абрикосовый; ароматический; бальзамический; банановый; говяжий; бергамотовый; ягодный; горький; чёрная смородина; бренди; горелый; сливочный; капустный; камфорный; карамельный; кедровый; сельдерейный; ромашковый; сырный; вишнёвый; шоколадный; корица; цитрусовый; чистый; гвоздичный; какао; кокосовый; кофейный; коньячный; варёный; охлаждающий; корковый; кумариновый; кремовый; огуречный; молочный; сухой; землистый; эфирный; жирный; ферментированный; рыбный; цветочный; свежий; фруктовая кожура; фруктовый; чесночный; газовый; гераниевый; виноградный; грейпфрутовый; травянистый; зелёный; боярышник; сеновой; фундуковый; травяной; медовый; гиацинтовый; жасминовый; сочный; кетоновый; лактонный; лавандовый; листовой; кожаный; лимонный; лилейный; солодовый; мясной; лекарственный; дынный; металлический; молочный; мятный; ландышевый; грибной; мускусный; затхлый; натуральный; ореховый; без запаха; маслянистый; луковый; апельсиновый; апельсиновый цвет; ирисовый корень; озоновый; персиковый; грушевый; фенольный; сосновый; ананасовый; сливовый; попкорн; картофельный; пудровый; резкий; редисочный; малиновый; спелый; обжаренный; розовый; ромовый; сандаловый; пикантный; резкий; дымный; мыльный; растворитель; кислый; пряный; клубничный; сернистый; потный; сладкий; чайный; терпеновый; табачный; томатный; тропический; ванильный; овощной; ветиверовый; фиалковый; тёплый; восковой; сорняковый; винный; древесный; ,rata,Какие из следующих описаний запаха относятся к молекуле CCCCC(=S)OCC? Выберите все подходящие из [алкогольный; альдегидный; луковый; миндальный; амбровый; анималистический; анисовый; яблочный; абрикосовый; ароматический; бальзамический; банановый; говяжий; бергамотовый; ягодный; горький; чёрная смородина; бренди; горелый; сливочный; капустный; камфорный; карамельный; кедровый; сельдерейный; ромашковый; сырный; вишнёвый; шоколадный; корица; цитрусовый; чистый; гвоздичный; какао; кокосовый; кофейный; коньячный; варёный; охлаждающий; корковый; кумариновый; кремовый; огуречный; молочный; сухой; землистый; эфирный; жирный; ферментированный; рыбный; цветочный; свежий; фруктовая кожура; фруктовый; чесночный; газовый; гераниевый; виноградный; грейпфрутовый; травянистый; зелёный; боярышник; сеновой; фундуковый; травяной; медовый; гиацинтовый; жасминовый; сочный; кетоновый; лактонный; лавандовый; листовой; кожаный; лимонный; лилейный; солодовый; мясной; лекарственный; дынный; металлический; молочный; мятный; ландышевый; грибной; мускусный; затхлый; натуральный; ореховый; без запаха; маслянистый; луковый; апельсиновый; апельсиновый цвет; ирисовый корень; озоновый; персиковый; грушевый; фенольный; сосновый; ананасовый; сливовый; попкорн; картофельный; пудровый; резкий; редисочный; малиновый; спелый; обжаренный; розовый; ромовый; сандаловый; пикантный; резкий; дымный; мыльный; растворитель; кислый; пряный; клубничный; сернистый; потный; сладкий; чайный; терпеновый; табачный; томатный; тропический; ванильный; овощной; ветиверовый; фиалковый; тёплый; восковой; сорняковый; винный; древесный; ]. Не пишите никаких комментариев.,Какие из следующих описаний запаха относятся к молекуле O-ethyl pentanethioate? Выберите все подходящие из [алкогольный; альдегидный; луковый; миндальный; амбровый; анималистический; анисовый; яблочный; абрикосовый; ароматический; бальзамический; банановый; говяжий; бергамотовый; ягодный; горький; чёрная смородина; бренди; горелый; сливочный; капустный; камфорный; карамельный; кедровый; сельдерейный; ромашковый; сырный; вишнёвый; шоколадный; корица; цитрусовый; чистый; гвоздичный; какао; кокосовый; кофейный; коньячный; варёный; охлаждающий; корковый; кумариновый; кремовый; огуречный; молочный; сухой; землистый; эфирный; жирный; ферментированный; рыбный; цветочный; свежий; фруктовая кожура; фруктовый; чесночный; газовый; гераниевый; виноградный; грейпфрутовый; травянистый; зелёный; боярышник; сеновой; фундуковый; травяной; медовый; гиацинтовый; жасминовый; сочный; кетоновый; лактонный; лавандовый; листовой; кожаный; лимонный; лилейный; солодовый; мясной; лекарственный; дынный; металлический; молочный; мятный; ландышевый; грибной; мускусный; затхлый; натуральный; ореховый; без запаха; маслянистый; луковый; апельсиновый; апельсиновый цвет; ирисовый корень; озоновый; персиковый; грушевый; фенольный; сосновый; ананасовый; сливовый; попкорн; картофельный; пудровый; резкий; редисочный; малиновый; спелый; обжаренный; розовый; ромовый; сандаловый; пикантный; резкий; дымный; мыльный; растворитель; кислый; пряный; клубничный; сернистый; потный; сладкий; чайный; терпеновый; табачный; томатный; тропический; ванильный; овощной; ветиверовый; фиалковый; тёплый; восковой; сорняковый; винный; древесный; ]. Не пишите никаких комментариев.,сырный;фруктовый;,,луковый; анималистический; чесночный; газовый; горелый; капустный; потный; резкий; редисочный; сернистый,луковый; чесночный; сернистый; фруктовый; тропический; ананасовый,675,677,5031,4708,2233,2106
17,"2,5-Dimethyl-2,5-dihydroxy-1,4-dithiane",CC1(O)CSC(C)(O)CS1,,,алкогольный; альдегидный; луковый; миндальный; амбровый; анималистический; анисовый; яблочный; абрикосовый; ароматический; бальзамический; банановый; говяжий; бергамотовый; ягодный; горький; чёрная смородина; бренди; горелый; сливочный; капустный; камфорный; карамельный; кедровый; сельдерейный; ромашковый; сырный; вишнёвый; шоколадный; корица; цитрусовый; чистый; гвоздичный; какао; кокосовый; кофейный; коньячный; варёный; охлаждающий; корковый; кумариновый; кремовый; огуречный; молочный; сухой; землистый; эфирный; жирный; ферментированный; рыбный; цветочный; свежий; фруктовая кожура; фруктовый; чесночный; газовый; гераниевый; виноградный; грейпфрутовый; травянистый; зелёный; боярышник; сеновой; фундуковый; травяной; медовый; гиацинтовый; жасминовый; сочный; кетоновый; лактонный; лавандовый; листовой; кожаный; лимонный; лилейный; солодовый; мясной; лекарственный; дынный; металлический; молочный; мятный; ландышевый; грибной; мускусный; затхлый; натуральный; ореховый; без запаха; маслянистый; луковый; апельсиновый; апельсиновый цвет; ирисовый корень; озоновый; персиковый; грушевый; фенольный; сосновый; ананасовый; сливовый; попкорн; картофельный; пудровый; резкий; редисочный; малиновый; спелый; обжаренный; розовый; ромовый; сандаловый; пикантный; резкий; дымный; мыльный; растворитель; кислый; пряный; клубничный; сернистый; потный; сладкий; чайный; терпеновый; табачный; томатный; тропический; ванильный; овощной; ветиверовый; фиалковый; тёплый; восковой; сорняковый; винный; древесный; ,rata,Какие из следующих описаний запаха относятся к молекуле CC1(O)CSC(C)(O)CS1? Выберите все подходящие из [алкогольный; альдегидный; луковый; миндальный; амбровый; анималистический; анисовый; яблочный; абрикосовый; ароматический; бальзамический; банановый; говяжий; бергамотовый; ягодный; горький; чёрная смородина; бренди; горелый; сливочный; капустный; камфорный; карамельный; кедровый; сельдерейный; ромашковый; сырный; вишнёвый; шоколадный; корица; цитрусовый; чистый; гвоздичный; какао; кокосовый; кофейный; коньячный; варёный; охлаждающий; корковый; кумариновый; кремовый; огуречный; молочный; сухой; землистый; эфирный; жирный; ферментированный; рыбный; цветочный; свежий; фруктовая кожура; фруктовый; чесночный; газовый; гераниевый; виноградный; грейпфрутовый; травянистый; зелёный; боярышник; сеновой; фундуковый; травяной; медовый; гиацинтовый; жасминовый; сочный; кетоновый; лактонный; лавандовый; листовой; кожаный; лимонный; лилейный; солодовый; мясной; лекарственный; дынный; металлический; молочный; мятный; ландышевый; грибной; мускусный; затхлый; натуральный; ореховый; без запаха; маслянистый; луковый; апельсиновый; апельсиновый цвет; ирисовый корень; озоновый; персиковый; грушевый; фенольный; сосновый; ананасовый; сливовый; попкорн; картофельный; пудровый; резкий; редисочный; малиновый; спелый; обжаренный; розовый; ромовый; сандаловый; пикантный; резкий; дымный; мыльный; растворитель; кислый; пряный; клубничный; сернистый; потный; сладкий; чайный; терпеновый; табачный; томатный; тропический; ванильный; овощной; ветиверовый; фиалковый; тёплый; восковой; сорняковый; винный; древесный; ]. Не пишите никаких комментариев.,"Какие из следующих описаний запаха относятся к молекуле 2,5-Dimethyl-2,5-dihydroxy-1,4-dithiane? Выберите все подходящие из [алкогольный; альдегидный; луковый; миндальный; амбровый; анималистический; анисовый; яблочный; абрикосовый; ароматический; бальзамический; банановый; говяжий; бергамотовый; ягодный; горький; чёрная смородина; бренди; горелый; сливочный; капустный; камфорный; карамельный; кедровый; сельдерейный; ромашковый; сырный; вишнёвый; шоколадный; корица; цитрусовый; чистый; гвоздичный; какао; кокосовый; кофейный; коньячный; варёный; охлаждающий; корковый; кумариновый; кремовый; огуречный; молочный; сухой; землистый; эфирный; жирный; ферментированный; рыбный; цветочный; свежий; фруктовая кожура; фруктовый; чесночный; газовый; гераниевый; виноградный; грейпфрутовый; травянистый; зелёный; боярышник; сеновой; фундуковый; травяной; медовый; гиацинтовый; жасминовый; сочный; кетоновый; лактонный; лавандовый; листовой; кожаный; лимонный; лилейный; солодовый; мясной; лекарственный; дынный; металлический; молочный; мятный; ландышевый; грибной; мускусный; затхлый; натуральный; ореховый; без запаха; маслянистый; луковый; апельсиновый; апельсиновый цвет; ирисовый корень; озоновый; персиковый; грушевый; фенольный; сосновый; ананасовый; сливовый; попкорн; картофельный; пудровый; резкий; редисочный; малиновый; спелый; обжаренный; розовый; ромовый; сандаловый; пикантный; резкий; дымный; мыльный; растворитель; кислый; пряный; клубничный; сернистый; потный; сладкий; чайный; терпеновый; табачный; томатный; тропический; ванильный; овощной; ветиверовый; фиалковый; тёплый; восковой; сорняковый; винный; древесный; ]. Не пишите никаких комментариев.",пикантный;сладкий;сельдерейный;мясной;луковый;,,луковый; сернистый,"алкогольный
луковый
мясной
анималистический
сернистый
потный
тропический
фруктовый",679,690,6042,2248,3070,1058
18,"2,3-Dimethylphenol",Cc1cccc(O)c1C,,,алкогольный; альдегидный; луковый; миндальный; амбровый; анималистический; анисовый; яблочный; абрикосовый; ароматический; бальзамический; банановый; говяжий; бергамотовый; ягодный; горький; чёрная смородина; бренди; горелый; сливочный; капустный; камфорный; карамельный; кедровый; сельдерейный; ромашковый; сырный; вишнёвый; шоколадный; корица; цитрусовый; чистый; гвоздичный; какао; кокосовый; кофейный; коньячный; варёный; охлаждающий; корковый; кумариновый; кремовый; огуречный; молочный; сухой; землистый; эфирный; жирный; ферментированный; рыбный; цветочный; свежий; фруктовая кожура; фруктовый; чесночный; газовый; гераниевый; виноградный; грейпфрутовый; травянистый; зелёный; боярышник; сеновой; фундуковый; травяной; медовый; гиацинтовый; жасминовый; сочный; кетоновый; лактонный; лавандовый; листовой; кожаный; лимонный; лилейный; солодовый; мясной; лекарственный; дынный; металлический; молочный; мятный; ландышевый; грибной; мускусный; затхлый; натуральный; ореховый; без запаха; маслянистый; луковый; апельсиновый; апельсиновый цвет; ирисовый корень; озоновый; персиковый; грушевый; фенольный; сосновый; ананасовый; сливовый; попкорн; картофельный; пудровый; резкий; редисочный; малиновый; спелый; обжаренный; розовый; ромовый; сандаловый; пикантный; резкий; дымный; мыльный; растворитель; кислый; пряный; клубничный; сернистый; потный; сладкий; чайный; терпеновый; табачный; томатный; тропический; ванильный; овощной; ветиверовый; фиалковый; тёплый; восковой; сорняковый; винный; древесный; ,rata,Какие из следующих описаний запаха относятся к молекуле Cc1cccc(O)c1C? Выберите все подходящие из [алкогольный; альдегидный; луковый; миндальный; амбровый; анималистический; анисовый; яблочный; абрикосовый; ароматический; бальзамический; банановый; говяжий; бергамотовый; ягодный; горький; чёрная смородина; бренди; горелый; сливочный; капустный; камфорный; карамельный; кедровый; сельдерейный; ромашковый; сырный; вишнёвый; шоколадный; корица; цитрусовый; чистый; гвоздичный; какао; кокосовый; кофейный; коньячный; варёный; охлаждающий; корковый; кумариновый; кремовый; огуречный; молочный; сухой; землистый; эфирный; жирный; ферментированный; рыбный; цветочный; свежий; фруктовая кожура; фруктовый; чесночный; газовый; гераниевый; виноградный; грейпфрутовый; травянистый; зелёный; боярышник; сеновой; фундуковый; травяной; медовый; гиацинтовый; жасминовый; сочный; кетоновый; лактонный; лавандовый; листовой; кожаный; лимонный; лилейный; солодовый; мясной; лекарственный; дынный; металлический; молочный; мятный; ландышевый; грибной; мускусный; затхлый; натуральный; ореховый; без запаха; маслянистый; луковый; апельсиновый; апельсиновый цвет; ирисовый корень; озоновый; персиковый; грушевый; фенольный; сосновый; ананасовый; сливовый; попкорн; картофельный; пудровый; резкий; редисочный; малиновый; спелый; обжаренный; розовый; ромовый; сандаловый; пикантный; резкий; дымный; мыльный; растворитель; кислый; пряный; клубничный; сернистый; потный; сладкий; чайный; терпеновый; табачный; томатный; тропический; ванильный; овощной; ветиверовый; фиалковый; тёплый; восковой; сорняковый; винный; древесный; ]. Не пишите никаких комментариев.,"Какие из следующих описаний запаха относятся к молекуле 2,3-Dimethylphenol? Выберите все подходящие из [алкогольный; альдегидный; луковый; миндальный; амбровый; анималистический; анисовый; яблочный; абрикосовый; ароматический; бальзамический; банановый; говяжий; бергамотовый; ягодный; горький; чёрная смородина; бренди; горелый; сливочный; капустный; камфорный; карамельный; кедровый; сельдерейный; ромашковый; сырный; вишнёвый; шоколадный; корица; цитрусовый; чистый; гвоздичный; какао; кокосовый; кофейный; коньячный; варёный; охлаждающий; корковый; кумариновый; кремовый; огуречный; молочный; сухой; землистый; эфирный; жирный; ферментированный; рыбный; цветочный; свежий; фруктовая кожура; фруктовый; чесночный; газовый; гераниевый; виноградный; грейпфрутовый; травянистый; зелёный; боярышник; сеновой; фундуковый; травяной; медовый; гиацинтовый; жасминовый; сочный; кетоновый; лактонный; лавандовый; листовой; кожаный; лимонный; лилейный; солодовый; мясной; лекарственный; дынный; металлический; молочный; мятный; ландышевый; грибной; мускусный; затхлый; натуральный; ореховый; без запаха; маслянистый; луковый; апельсиновый; апельсиновый цвет; ирисовый корень; озоновый; персиковый; грушевый; фенольный; сосновый; ананасовый; сливовый; попкорн; картофельный; пудровый; резкий; редисочный; малиновый; спелый; обжаренный; розовый; ромовый; сандаловый; пикантный; резкий; дымный; мыльный; растворитель; кислый; пряный; клубничный; сернистый; потный; сладкий; чайный; терпеновый; табачный; томатный; тропический; ванильный; овощной; ветиверовый; фиалковый; тёплый; восковой; сорняковый; винный; древесный; ]. Не пишите никаких комментариев.",фенольный;кожаный;пряный;затхлый;анималистический;,,"фенольный
лекарственный
дымный",[фенольный; дымный; кожаный; резкий; затхлый],677,678,260,262,111,111
19,"1,1-Bis(phenethyloxy)ethane",CC(OCCc1ccccc1)OCCc1ccccc1,,,алкогольный; альдегидный; луковый; миндальный; амбровый; анималистический; анисовый; яблочный; абрикосовый; ароматический; бальзамический; банановый; говяжий; бергамотовый; ягодный; горький; чёрная смородина; бренди; горелый; сливочный; капустный; камфорный; карамельный; кедровый; сельдерейный; ромашковый; сырный; вишнёвый; шоколадный; корица; цитрусовый; чистый; гвоздичный; какао; кокосовый; кофейный; коньячный; варёный; охлаждающий; корковый; кумариновый; кремовый; огуречный; молочный; сухой; землистый; эфирный; жирный; ферментированный; рыбный; цветочный; свежий; фруктовая кожура; фруктовый; чесночный; газовый; гераниевый; виноградный; грейпфрутовый; травянистый; зелёный; боярышник; сеновой; фундуковый; травяной; медовый; гиацинтовый; жасминовый; сочный; кетоновый; лактонный; лавандовый; листовой; кожаный; лимонный; лилейный; солодовый; мясной; лекарственный; дынный; металлический; молочный; мятный; ландышевый; грибной; мускусный; затхлый; натуральный; ореховый; без запаха; маслянистый; луковый; апельсиновый; апельсиновый цвет; ирисовый корень; озоновый; персиковый; грушевый; фенольный; сосновый; ананасовый; сливовый; попкорн; картофельный; пудровый; резкий; редисочный; малиновый; спелый; обжаренный; розовый; ромовый; сандаловый; пикантный; резкий; дымный; мыльный; растворитель; кислый; пряный; клубничный; сернистый; потный; сладкий; чайный; терпеновый; табачный; томатный; тропический; ванильный; овощной; ветиверовый; фиалковый; тёплый; восковой; сорняковый; винный; древесный; ,rata,Какие из следующих описаний запаха относятся к молекуле CC(OCCc1ccccc1)OCCc1ccccc1? Выберите все подходящие из [алкогольный; альдегидный; луковый; миндальный; амбровый; анималистический; анисовый; яблочный; абрикосовый; ароматический; бальзамический; банановый; говяжий; бергамотовый; ягодный; горький; чёрная смородина; бренди; горелый; сливочный; капустный; камфорный; карамельный; кедровый; сельдерейный; ромашковый; сырный; вишнёвый; шоколадный; корица; цитрусовый; чистый; гвоздичный; какао; кокосовый; кофейный; коньячный; варёный; охлаждающий; корковый; кумариновый; кремовый; огуречный; молочный; сухой; землистый; эфирный; жирный; ферментированный; рыбный; цветочный; свежий; фруктовая кожура; фруктовый; чесночный; газовый; гераниевый; виноградный; грейпфрутовый; травянистый; зелёный; боярышник; сеновой; фундуковый; травяной; медовый; гиацинтовый; жасминовый; сочный; кетоновый; лактонный; лавандовый; листовой; кожаный; лимонный; лилейный; солодовый; мясной; лекарственный; дынный; металлический; молочный; мятный; ландышевый; грибной; мускусный; затхлый; натуральный; ореховый; без запаха; маслянистый; луковый; апельсиновый; апельсиновый цвет; ирисовый корень; озоновый; персиковый; грушевый; фенольный; сосновый; ананасовый; сливовый; попкорн; картофельный; пудровый; резкий; редисочный; малиновый; спелый; обжаренный; розовый; ромовый; сандаловый; пикантный; резкий; дымный; мыльный; растворитель; кислый; пряный; клубничный; сернистый; потный; сладкий; чайный; терпеновый; табачный; томатный; тропический; ванильный; овощной; ветиверовый; фиалковый; тёплый; восковой; сорняковый; винный; древесный; ]. Не пишите никаких комментариев.,"Какие из следующих описаний запаха относятся к молекуле 1,1-Bis(phenethyloxy)ethane? Выберите все подходящие из [алкогольный; альдегидный; луковый; миндальный; амбровый; анималистический; анисовый; яблочный; абрикосовый; ароматический; бальзамический; банановый; говяжий; бергамотовый; ягодный; горький; чёрная смородина; бренди; горелый; сливочный; капустный; камфорный; карамельный; кедровый; сельдерейный; ромашковый; сырный; вишнёвый; шоколадный; корица; цитрусовый; чистый; гвоздичный; какао; кокосовый; кофейный; коньячный; варёный; охлаждающий; корковый; кумариновый; кремовый; огуречный; молочный; сухой; землистый; эфирный; жирный; ферментированный; рыбный; цветочный; свежий; фруктовая кожура; фруктовый; чесночный; газовый; гераниевый; виноградный; грейпфрутовый; травянистый; зелёный; боярышник; сеновой; фундуковый; травяной; медовый; гиацинтовый; жасминовый; сочный; кетоновый; лактонный; лавандовый; листовой; кожаный; лимонный; лилейный; солодовый; мясной; лекарственный; дынный; металлический; молочный; мятный; ландышевый; грибной; мускусный; затхлый; натуральный; ореховый; без запаха; маслянистый; луковый; апельсиновый; апельсиновый цвет; ирисовый корень; озоновый; персиковый; грушевый; фенольный; сосновый; ананасовый; сливовый; попкорн; картофельный; пудровый; резкий; редисочный; малиновый; спелый; обжаренный; розовый; ромовый; сандаловый; пикантный; резкий; дымный; мыльный; растворитель; кислый; пряный; клубничный; сернистый; потный; сладкий; чайный; терпеновый; табачный; томатный; тропический; ванильный; овощной; ветиверовый; фиалковый; тёплый; восковой; сорняковый; винный; древесный; ]. Не пишите никаких комментариев.",цветочный;розовый;тёплый;листовой;бальзамический;,,цветочный; розовый; фруктовый; зелёный,"зелёный
травянистый
фруктовый
свежий
фруктовая кожура
винный
сладкий",684,681,5698,908,2771,393
20,"Butanoic acid, 3-(methylthio)-",CSC(C)CC(=O)O,,,алкогольный; альдегидный; луковый; миндальный; амбровый; анималистический; анисовый; яблочный; абрикосовый; ароматический; бальзамический; банановый; говяжий; бергамотовый; ягодный; горький; чёрная смородина; бренди; горелый; сливочный; капустный; камфорный; карамельный; кедровый; сельдерейный; ромашковый; сырный; вишнёвый; шоколадный; корица; цитрусовый; чистый; гвоздичный; какао; кокосовый; кофейный; коньячный; варёный; охлаждающий; корковый; кумариновый; кремовый; огуречный; молочный; сухой; землистый; эфирный; жирный; ферментированный; рыбный; цветочный; свежий; фруктовая кожура; фруктовый; чесночный; газовый; гераниевый; виноградный; грейпфрутовый; травянистый; зелёный; боярышник; сеновой; фундуковый; травяной; медовый; гиацинтовый; жасминовый; сочный; кетоновый; лактонный; лавандовый; листовой; кожаный; лимонный; лилейный; солодовый; мясной; лекарственный; дынный; металлический; молочный; мятный; ландышевый; грибной; мускусный; затхлый; натуральный; ореховый; без запаха; маслянистый; луковый; апельсиновый; апельсиновый цвет; ирисовый корень; озоновый; персиковый; грушевый; фенольный; сосновый; ананасовый; сливовый; попкорн; картофельный; пудровый; резкий; редисочный; малиновый; спелый; обжаренный; розовый; ромовый; сандаловый; пикантный; резкий; дымный; мыльный; растворитель; кислый; пряный; клубничный; сернистый; потный; сладкий; чайный; терпеновый; табачный; томатный; тропический; ванильный; овощной; ветиверовый; фиалковый; тёплый; восковой; сорняковый; винный; древесный; ,rata,Какие из следующих описаний запаха относятся к молекуле CSC(C)CC(=O)O? Выберите все подходящие из [алкогольный; альдегидный; луковый; миндальный; амбровый; анималистический; анисовый; яблочный; абрикосовый; ароматический; бальзамический; банановый; говяжий; бергамотовый; ягодный; горький; чёрная смородина; бренди; горелый; сливочный; капустный; камфорный; карамельный; кедровый; сельдерейный; ромашковый; сырный; вишнёвый; шоколадный; корица; цитрусовый; чистый; гвоздичный; какао; кокосовый; кофейный; коньячный; варёный; охлаждающий; корковый; кумариновый; кремовый; огуречный; молочный; сухой; землистый; эфирный; жирный; ферментированный; рыбный; цветочный; свежий; фруктовая кожура; фруктовый; чесночный; газовый; гераниевый; виноградный; грейпфрутовый; травянистый; зелёный; боярышник; сеновой; фундуковый; травяной; медовый; гиацинтовый; жасминовый; сочный; кетоновый; лактонный; лавандовый; листовой; кожаный; лимонный; лилейный; солодовый; мясной; лекарственный; дынный; металлический; молочный; мятный; ландышевый; грибной; мускусный; затхлый; натуральный; ореховый; без запаха; маслянистый; луковый; апельсиновый; апельсиновый цвет; ирисовый корень; озоновый; персиковый; грушевый; фенольный; сосновый; ананасовый; сливовый; попкорн; картофельный; пудровый; резкий; редисочный; малиновый; спелый; обжаренный; розовый; ромовый; сандаловый; пикантный; резкий; дымный; мыльный; растворитель; кислый; пряный; клубничный; сернистый; потный; сладкий; чайный; терпеновый; табачный; томатный; тропический; ванильный; овощной; ветиверовый; фиалковый; тёплый; восковой; сорняковый; винный; древесный; ]. Не пишите никаких комментариев.,"Какие из следующих описаний запаха относятся к молекуле Butanoic acid, 3-(methylthio)-? Выберите все подходящие из [алкогольный; альдегидный; луковый; миндальный; амбровый; анималистический; анисовый; яблочный; абрикосовый; ароматический; бальзамический; банановый; говяжий; бергамотовый; ягодный; горький; чёрная смородина; бренди; горелый; сливочный; капустный; камфорный; карамельный; кедровый; сельдерейный; ромашковый; сырный; вишнёвый; шоколадный; корица; цитрусовый; чистый; гвоздичный; какао; кокосовый; кофейный; коньячный; варёный; охлаждающий; корковый; кумариновый; кремовый; огуречный; молочный; сухой; землистый; эфирный; жирный; ферментированный; рыбный; цветочный; свежий; фруктовая кожура; фруктовый; чесночный; газовый; гераниевый; виноградный; грейпфрутовый; травянистый; зелёный; боярышник; сеновой; фундуковый; травяной; медовый; гиацинтовый; жасминовый; сочный; кетоновый; лактонный; лавандовый; листовой; кожаный; лимонный; лилейный; солодовый; мясной; лекарственный; дынный; металлический; молочный; мятный; ландышевый; грибной; мускусный; затхлый; натуральный; ореховый; без запаха; маслянистый; луковый; апельсиновый; апельсиновый цвет; ирисовый корень; озоновый; персиковый; грушевый; фенольный; сосновый; ананасовый; сливовый; попкорн; картофельный; пудровый; резкий; редисочный; малиновый; спелый; обжаренный; розовый; ромовый; сандаловый; пикантный; резкий; дымный; мыльный; растворитель; кислый; пряный; клубничный; сернистый; потный; сладкий; чайный; терпеновый; табачный; томатный; тропический; ванильный; овощной; ветиверовый; фиалковый; тёплый; восковой; сорняковый; винный; древесный; ]. Не пишите никаких комментариев.",сернистый;сырный;фруктовый;спелый;тропический;,,[луковый; сернистый; резкий],"луковый
сырный
жирный
ферментированный
чесночный
кислый
сернистый
потный
острый",676,681,220,327,104,128
21,"Octa-1,3-dien-1-ol",CCCCC=CC=CO,,,алкогольный; альдегидный; луковый; миндальный; амбровый; анималистический; анисовый; яблочный; абрикосовый; ароматический; бальзамический; банановый; говяжий; бергамотовый; ягодный; горький; чёрная смородина; бренди; горелый; сливочный; капустный; камфорный; карамельный; кедровый; сельдерейный; ромашковый; сырный; вишнёвый; шоколадный; корица; цитрусовый; чистый; гвоздичный; какао; кокосовый; кофейный; коньячный; варёный; охлаждающий; корковый; кумариновый; кремовый; огуречный; молочный; сухой; землистый; эфирный; жирный; ферментированный; рыбный; цветочный; свежий; фруктовая кожура; фруктовый; чесночный; газовый; гераниевый; виноградный; грейпфрутовый; травянистый; зелёный; боярышник; сеновой; фундуковый; травяной; медовый; гиацинтовый; жасминовый; сочный; кетоновый; лактонный; лавандовый; листовой; кожаный; лимонный; лилейный; солодовый; мясной; лекарственный; дынный; металлический; молочный; мятный; ландышевый; грибной; мускусный; затхлый; натуральный; ореховый; без запаха; маслянистый; луковый; апельсиновый; апельсиновый цвет; ирисовый корень; озоновый; персиковый; грушевый; фенольный; сосновый; ананасовый; сливовый; попкорн; картофельный; пудровый; резкий; редисочный; малиновый; спелый; обжаренный; розовый; ромовый; сандаловый; пикантный; резкий; дымный; мыльный; растворитель; кислый; пряный; клубничный; сернистый; потный; сладкий; чайный; терпеновый; табачный; томатный; тропический; ванильный; овощной; ветиверовый; фиалковый; тёплый; восковой; сорняковый; винный; древесный; ,rata,Какие из следующих описаний запаха относятся к молекуле CCCCC=CC=CO? Выберите все подходящие из [алкогольный; альдегидный; луковый; миндальный; амбровый; анималистический; анисовый; яблочный; абрикосовый; ароматический; бальзамический; банановый; говяжий; бергамотовый; ягодный; горький; чёрная смородина; бренди; горелый; сливочный; капустный; камфорный; карамельный; кедровый; сельдерейный; ромашковый; сырный; вишнёвый; шоколадный; корица; цитрусовый; чистый; гвоздичный; какао; кокосовый; кофейный; коньячный; варёный; охлаждающий; корковый; кумариновый; кремовый; огуречный; молочный; сухой; землистый; эфирный; жирный; ферментированный; рыбный; цветочный; свежий; фруктовая кожура; фруктовый; чесночный; газовый; гераниевый; виноградный; грейпфрутовый; травянистый; зелёный; боярышник; сеновой; фундуковый; травяной; медовый; гиацинтовый; жасминовый; сочный; кетоновый; лактонный; лавандовый; листовой; кожаный; лимонный; лилейный; солодовый; мясной; лекарственный; дынный; металлический; молочный; мятный; ландышевый; грибной; мускусный; затхлый; натуральный; ореховый; без запаха; маслянистый; луковый; апельсиновый; апельсиновый цвет; ирисовый корень; озоновый; персиковый; грушевый; фенольный; сосновый; ананасовый; сливовый; попкорн; картофельный; пудровый; резкий; редисочный; малиновый; спелый; обжаренный; розовый; ромовый; сандаловый; пикантный; резкий; дымный; мыльный; растворитель; кислый; пряный; клубничный; сернистый; потный; сладкий; чайный; терпеновый; табачный; томатный; тропический; ванильный; овощной; ветиверовый; фиалковый; тёплый; восковой; сорняковый; винный; древесный; ]. Не пишите никаких комментариев.,"Какие из следующих описаний запаха относятся к молекуле Octa-1,3-dien-1-ol? Выберите все подходящие из [алкогольный; альдегидный; луковый; миндальный; амбровый; анималистический; анисовый; яблочный; абрикосовый; ароматический; бальзамический; банановый; говяжий; бергамотовый; ягодный; горький; чёрная смородина; бренди; горелый; сливочный; капустный; камфорный; карамельный; кедровый; сельдерейный; ромашковый; сырный; вишнёвый; шоколадный; корица; цитрусовый; чистый; гвоздичный; какао; кокосовый; кофейный; коньячный; варёный; охлаждающий; корковый; кумариновый; кремовый; огуречный; молочный; сухой; землистый; эфирный; жирный; ферментированный; рыбный; цветочный; свежий; фруктовая кожура; фруктовый; чесночный; газовый; гераниевый; виноградный; грейпфрутовый; травянистый; зелёный; боярышник; сеновой; фундуковый; травяной; медовый; гиацинтовый; жасминовый; сочный; кетоновый; лактонный; лавандовый; листовой; кожаный; лимонный; лилейный; солодовый; мясной; лекарственный; дынный; металлический; молочный; мятный; ландышевый; грибной; мускусный; затхлый; натуральный; ореховый; без запаха; маслянистый; луковый; апельсиновый; апельсиновый цвет; ирисовый корень; озоновый; персиковый; грушевый; фенольный; сосновый; ананасовый; сливовый; попкорн; картофельный; пудровый; резкий; редисочный; малиновый; спелый; обжаренный; розовый; ромовый; сандаловый; пикантный; резкий; дымный; мыльный; растворитель; кислый; пряный; клубничный; сернистый; потный; сладкий; чайный; терпеновый; табачный; томатный; тропический; ванильный; овощной; ветиверовый; фиалковый; тёплый; восковой; сорняковый; винный; древесный; ]. Не пишите никаких комментариев.",зелёный;грибной;гераниевый;листовой;,,"алкогольный
зелёный
травянистый
фруктовый",зеленый; травянистый; жирный; землистый; грибной; томатный; огуречный; сельдерейный; листовой; травяной; сеновой; свежий,675,680,287,4433,133,2288
22,"1-(1,2,8,8-Tetramethyl-1,3,4,5,6,7-hexahydronaphthalen-2-yl)ethanone",CC(=O)C1(C)CCC2=C(C1C)C(C)(C)CCC2,,,алкогольный; альдегидный; луковый; миндальный; амбровый; анималистический; анисовый; яблочный; абрикосовый; ароматический; бальзамический; банановый; говяжий; бергамотовый; ягодный; горький; чёрная смородина; бренди; горелый; сливочный; капустный; камфорный; карамельный; кедровый; сельдерейный; ромашковый; сырный; вишнёвый; шоколадный; корица; цитрусовый; чистый; гвоздичный; какао; кокосовый; кофейный; коньячный; варёный; охлаждающий; корковый; кумариновый; кремовый; огуречный; молочный; сухой; землистый; эфирный; жирный; ферментированный; рыбный; цветочный; свежий; фруктовая кожура; фруктовый; чесночный; газовый; гераниевый; виноградный; грейпфрутовый; травянистый; зелёный; боярышник; сеновой; фундуковый; травяной; медовый; гиацинтовый; жасминовый; сочный; кетоновый; лактонный; лавандовый; листовой; кожаный; лимонный; лилейный; солодовый; мясной; лекарственный; дынный; металлический; молочный; мятный; ландышевый; грибной; мускусный; затхлый; натуральный; ореховый; без запаха; маслянистый; луковый; апельсиновый; апельсиновый цвет; ирисовый корень; озоновый; персиковый; грушевый; фенольный; сосновый; ананасовый; сливовый; попкорн; картофельный; пудровый; резкий; редисочный; малиновый; спелый; обжаренный; розовый; ромовый; сандаловый; пикантный; резкий; дымный; мыльный; растворитель; кислый; пряный; клубничный; сернистый; потный; сладкий; чайный; терпеновый; табачный; томатный; тропический; ванильный; овощной; ветиверовый; фиалковый; тёплый; восковой; сорняковый; винный; древесный; ,rata,Какие из следующих описаний запаха относятся к молекуле CC(=O)C1(C)CCC2=C(C1C)C(C)(C)CCC2? Выберите все подходящие из [алкогольный; альдегидный; луковый; миндальный; амбровый; анималистический; анисовый; яблочный; абрикосовый; ароматический; бальзамический; банановый; говяжий; бергамотовый; ягодный; горький; чёрная смородина; бренди; горелый; сливочный; капустный; камфорный; карамельный; кедровый; сельдерейный; ромашковый; сырный; вишнёвый; шоколадный; корица; цитрусовый; чистый; гвоздичный; какао; кокосовый; кофейный; коньячный; варёный; охлаждающий; корковый; кумариновый; кремовый; огуречный; молочный; сухой; землистый; эфирный; жирный; ферментированный; рыбный; цветочный; свежий; фруктовая кожура; фруктовый; чесночный; газовый; гераниевый; виноградный; грейпфрутовый; травянистый; зелёный; боярышник; сеновой; фундуковый; травяной; медовый; гиацинтовый; жасминовый; сочный; кетоновый; лактонный; лавандовый; листовой; кожаный; лимонный; лилейный; солодовый; мясной; лекарственный; дынный; металлический; молочный; мятный; ландышевый; грибной; мускусный; затхлый; натуральный; ореховый; без запаха; маслянистый; луковый; апельсиновый; апельсиновый цвет; ирисовый корень; озоновый; персиковый; грушевый; фенольный; сосновый; ананасовый; сливовый; попкорн; картофельный; пудровый; резкий; редисочный; малиновый; спелый; обжаренный; розовый; ромовый; сандаловый; пикантный; резкий; дымный; мыльный; растворитель; кислый; пряный; клубничный; сернистый; потный; сладкий; чайный; терпеновый; табачный; томатный; тропический; ванильный; овощной; ветиверовый; фиалковый; тёплый; восковой; сорняковый; винный; древесный; ]. Не пишите никаких комментариев.,"Какие из следующих описаний запаха относятся к молекуле 1-(1,2,8,8-Tetramethyl-1,3,4,5,6,7-hexahydronaphthalen-2-yl)ethanone? Выберите все подходящие из [алкогольный; альдегидный; луковый; миндальный; амбровый; анималистический; анисовый; яблочный; абрикосовый; ароматический; бальзамический; банановый; говяжий; бергамотовый; ягодный; горький; чёрная смородина; бренди; горелый; сливочный; капустный; камфорный; карамельный; кедровый; сельдерейный; ромашковый; сырный; вишнёвый; шоколадный; корица; цитрусовый; чистый; гвоздичный; какао; кокосовый; кофейный; коньячный; варёный; охлаждающий; корковый; кумариновый; кремовый; огуречный; молочный; сухой; землистый; эфирный; жирный; ферментированный; рыбный; цветочный; свежий; фруктовая кожура; фруктовый; чесночный; газовый; гераниевый; виноградный; грейпфрутовый; травянистый; зелёный; боярышник; сеновой; фундуковый; травяной; медовый; гиацинтовый; жасминовый; сочный; кетоновый; лактонный; лавандовый; листовой; кожаный; лимонный; лилейный; солодовый; мясной; лекарственный; дынный; металлический; молочный; мятный; ландышевый; грибной; мускусный; затхлый; натуральный; ореховый; без запаха; маслянистый; луковый; апельсиновый; апельсиновый цвет; ирисовый корень; озоновый; персиковый; грушевый; фенольный; сосновый; ананасовый; сливовый; попкорн; картофельный; пудровый; резкий; редисочный; малиновый; спелый; обжаренный; розовый; ромовый; сандаловый; пикантный; резкий; дымный; мыльный; растворитель; кислый; пряный; клубничный; сернистый; потный; сладкий; чайный; терпеновый; табачный; томатный; тропический; ванильный; овощной; ветиверовый; фиалковый; тёплый; восковой; сорняковый; винный; древесный; ]. Не пишите никаких комментариев.",древесный;амбровый;цветочный;,,"амбровый
мускусный
древесный","амбровый
древесный
кедровый
мускусный
тёплый
сладкий",689,710,10156,1919,5704,837
23,"1,6-Dioxacycloheptadecan-7-one",O=C1CCCCCCCCCCOCCCCO1,,,алкогольный; альдегидный; луковый; миндальный; амбровый; анималистический; анисовый; яблочный; абрикосовый; ароматический; бальзамический; банановый; говяжий; бергамотовый; ягодный; горький; чёрная смородина; бренди; горелый; сливочный; капустный; камфорный; карамельный; кедровый; сельдерейный; ромашковый; сырный; вишнёвый; шоколадный; корица; цитрусовый; чистый; гвоздичный; какао; кокосовый; кофейный; коньячный; варёный; охлаждающий; корковый; кумариновый; кремовый; огуречный; молочный; сухой; землистый; эфирный; жирный; ферментированный; рыбный; цветочный; свежий; фруктовая кожура; фруктовый; чесночный; газовый; гераниевый; виноградный; грейпфрутовый; травянистый; зелёный; боярышник; сеновой; фундуковый; травяной; медовый; гиацинтовый; жасминовый; сочный; кетоновый; лактонный; лавандовый; листовой; кожаный; лимонный; лилейный; солодовый; мясной; лекарственный; дынный; металлический; молочный; мятный; ландышевый; грибной; мускусный; затхлый; натуральный; ореховый; без запаха; маслянистый; луковый; апельсиновый; апельсиновый цвет; ирисовый корень; озоновый; персиковый; грушевый; фенольный; сосновый; ананасовый; сливовый; попкорн; картофельный; пудровый; резкий; редисочный; малиновый; спелый; обжаренный; розовый; ромовый; сандаловый; пикантный; резкий; дымный; мыльный; растворитель; кислый; пряный; клубничный; сернистый; потный; сладкий; чайный; терпеновый; табачный; томатный; тропический; ванильный; овощной; ветиверовый; фиалковый; тёплый; восковой; сорняковый; винный; древесный; ,rata,Какие из следующих описаний запаха относятся к молекуле O=C1CCCCCCCCCCOCCCCO1? Выберите все подходящие из [алкогольный; альдегидный; луковый; миндальный; амбровый; анималистический; анисовый; яблочный; абрикосовый; ароматический; бальзамический; банановый; говяжий; бергамотовый; ягодный; горький; чёрная смородина; бренди; горелый; сливочный; капустный; камфорный; карамельный; кедровый; сельдерейный; ромашковый; сырный; вишнёвый; шоколадный; корица; цитрусовый; чистый; гвоздичный; какао; кокосовый; кофейный; коньячный; варёный; охлаждающий; корковый; кумариновый; кремовый; огуречный; молочный; сухой; землистый; эфирный; жирный; ферментированный; рыбный; цветочный; свежий; фруктовая кожура; фруктовый; чесночный; газовый; гераниевый; виноградный; грейпфрутовый; травянистый; зелёный; боярышник; сеновой; фундуковый; травяной; медовый; гиацинтовый; жасминовый; сочный; кетоновый; лактонный; лавандовый; листовой; кожаный; лимонный; лилейный; солодовый; мясной; лекарственный; дынный; металлический; молочный; мятный; ландышевый; грибной; мускусный; затхлый; натуральный; ореховый; без запаха; маслянистый; луковый; апельсиновый; апельсиновый цвет; ирисовый корень; озоновый; персиковый; грушевый; фенольный; сосновый; ананасовый; сливовый; попкорн; картофельный; пудровый; резкий; редисочный; малиновый; спелый; обжаренный; розовый; ромовый; сандаловый; пикантный; резкий; дымный; мыльный; растворитель; кислый; пряный; клубничный; сернистый; потный; сладкий; чайный; терпеновый; табачный; томатный; тропический; ванильный; овощной; ветиверовый; фиалковый; тёплый; восковой; сорняковый; винный; древесный; ]. Не пишите никаких комментариев.,"Какие из следующих описаний запаха относятся к молекуле 1,6-Dioxacycloheptadecan-7-one? Выберите все подходящие из [алкогольный; альдегидный; луковый; миндальный; амбровый; анималистический; анисовый; яблочный; абрикосовый; ароматический; бальзамический; банановый; говяжий; бергамотовый; ягодный; горький; чёрная смородина; бренди; горелый; сливочный; капустный; камфорный; карамельный; кедровый; сельдерейный; ромашковый; сырный; вишнёвый; шоколадный; корица; цитрусовый; чистый; гвоздичный; какао; кокосовый; кофейный; коньячный; варёный; охлаждающий; корковый; кумариновый; кремовый; огуречный; молочный; сухой; землистый; эфирный; жирный; ферментированный; рыбный; цветочный; свежий; фруктовая кожура; фруктовый; чесночный; газовый; гераниевый; виноградный; грейпфрутовый; травянистый; зелёный; боярышник; сеновой; фундуковый; травяной; медовый; гиацинтовый; жасминовый; сочный; кетоновый; лактонный; лавандовый; листовой; кожаный; лимонный; лилейный; солодовый; мясной; лекарственный; дынный; металлический; молочный; мятный; ландышевый; грибной; мускусный; затхлый; натуральный; ореховый; без запаха; маслянистый; луковый; апельсиновый; апельсиновый цвет; ирисовый корень; озоновый; персиковый; грушевый; фенольный; сосновый; ананасовый; сливовый; попкорн; картофельный; пудровый; резкий; редисочный; малиновый; спелый; обжаренный; розовый; ромовый; сандаловый; пикантный; резкий; дымный; мыльный; растворитель; кислый; пряный; клубничный; сернистый; потный; сладкий; чайный; терпеновый; табачный; томатный; тропический; ванильный; овощной; ветиверовый; фиалковый; тёплый; восковой; сорняковый; винный; древесный; ]. Не пишите никаких комментариев.",древесный;восковой;мускусный;фруктовый;сладкий;,,амбровый; мускусный; лактонный; сладкий; древесный,"амбровый
анималистический
мускусный
восковой
жирный
тёплый",680,684,6460,348,3229,149
24,Mercaptoheptanol,CCCCCCC(O)S,,,алкогольный; альдегидный; луковый; миндальный; амбровый; анималистический; анисовый; яблочный; абрикосовый; ароматический; бальзамический; банановый; говяжий; бергамотовый; ягодный; горький; чёрная смородина; бренди; горелый; сливочный; капустный; камфорный; карамельный; кедровый; сельдерейный; ромашковый; сырный; вишнёвый; шоколадный; корица; цитрусовый; чистый; гвоздичный; какао; кокосовый; кофейный; коньячный; варёный; охлаждающий; корковый; кумариновый; кремовый; огуречный; молочный; сухой; землистый; эфирный; жирный; ферментированный; рыбный; цветочный; свежий; фруктовая кожура; фруктовый; чесночный; газовый; гераниевый; виноградный; грейпфрутовый; травянистый; зелёный; боярышник; сеновой; фундуковый; травяной; медовый; гиацинтовый; жасминовый; сочный; кетоновый; лактонный; лавандовый; листовой; кожаный; лимонный; лилейный; солодовый; мясной; лекарственный; дынный; металлический; молочный; мятный; ландышевый; грибной; мускусный; затхлый; натуральный; ореховый; без запаха; маслянистый; луковый; апельсиновый; апельсиновый цвет; ирисовый корень; озоновый; персиковый; грушевый; фенольный; сосновый; ананасовый; сливовый; попкорн; картофельный; пудровый; резкий; редисочный; малиновый; спелый; обжаренный; розовый; ромовый; сандаловый; пикантный; резкий; дымный; мыльный; растворитель; кислый; пряный; клубничный; сернистый; потный; сладкий; чайный; терпеновый; табачный; томатный; тропический; ванильный; овощной; ветиверовый; фиалковый; тёплый; восковой; сорняковый; винный; древесный; ,rata,Какие из следующих описаний запаха относятся к молекуле CCCCCCC(O)S? Выберите все подходящие из [алкогольный; альдегидный; луковый; миндальный; амбровый; анималистический; анисовый; яблочный; абрикосовый; ароматический; бальзамический; банановый; говяжий; бергамотовый; ягодный; горький; чёрная смородина; бренди; горелый; сливочный; капустный; камфорный; карамельный; кедровый; сельдерейный; ромашковый; сырный; вишнёвый; шоколадный; корица; цитрусовый; чистый; гвоздичный; какао; кокосовый; кофейный; коньячный; варёный; охлаждающий; корковый; кумариновый; кремовый; огуречный; молочный; сухой; землистый; эфирный; жирный; ферментированный; рыбный; цветочный; свежий; фруктовая кожура; фруктовый; чесночный; газовый; гераниевый; виноградный; грейпфрутовый; травянистый; зелёный; боярышник; сеновой; фундуковый; травяной; медовый; гиацинтовый; жасминовый; сочный; кетоновый; лактонный; лавандовый; листовой; кожаный; лимонный; лилейный; солодовый; мясной; лекарственный; дынный; металлический; молочный; мятный; ландышевый; грибной; мускусный; затхлый; натуральный; ореховый; без запаха; маслянистый; луковый; апельсиновый; апельсиновый цвет; ирисовый корень; озоновый; персиковый; грушевый; фенольный; сосновый; ананасовый; сливовый; попкорн; картофельный; пудровый; резкий; редисочный; малиновый; спелый; обжаренный; розовый; ромовый; сандаловый; пикантный; резкий; дымный; мыльный; растворитель; кислый; пряный; клубничный; сернистый; потный; сладкий; чайный; терпеновый; табачный; томатный; тропический; ванильный; овощной; ветиверовый; фиалковый; тёплый; восковой; сорняковый; винный; древесный; ]. Не пишите никаких комментариев.,Какие из следующих описаний запаха относятся к молекуле Mercaptoheptanol? Выберите все подходящие из [алкогольный; альдегидный; луковый; миндальный; амбровый; анималистический; анисовый; яблочный; абрикосовый; ароматический; бальзамический; банановый; говяжий; бергамотовый; ягодный; горький; чёрная смородина; бренди; горелый; сливочный; капустный; камфорный; карамельный; кедровый; сельдерейный; ромашковый; сырный; вишнёвый; шоколадный; корица; цитрусовый; чистый; гвоздичный; какао; кокосовый; кофейный; коньячный; варёный; охлаждающий; корковый; кумариновый; кремовый; огуречный; молочный; сухой; землистый; эфирный; жирный; ферментированный; рыбный; цветочный; свежий; фруктовая кожура; фруктовый; чесночный; газовый; гераниевый; виноградный; грейпфрутовый; травянистый; зелёный; боярышник; сеновой; фундуковый; травяной; медовый; гиацинтовый; жасминовый; сочный; кетоновый; лактонный; лавандовый; листовой; кожаный; лимонный; лилейный; солодовый; мясной; лекарственный; дынный; металлический; молочный; мятный; ландышевый; грибной; мускусный; затхлый; натуральный; ореховый; без запаха; маслянистый; луковый; апельсиновый; апельсиновый цвет; ирисовый корень; озоновый; персиковый; грушевый; фенольный; сосновый; ананасовый; сливовый; попкорн; картофельный; пудровый; резкий; редисочный; малиновый; спелый; обжаренный; розовый; ромовый; сандаловый; пикантный; резкий; дымный; мыльный; растворитель; кислый; пряный; клубничный; сернистый; потный; сладкий; чайный; терпеновый; табачный; томатный; тропический; ванильный; овощной; ветиверовый; фиалковый; тёплый; восковой; сорняковый; винный; древесный; ]. Не пишите никаких комментариев.,овощной;тропический;фруктовый;,,"луковый
чесночный
сернистый
капустный
потный
анималистический
резкий
мясной
говяжий
жирный
сырный
землистый
резкий
горький
затхлый
пикантный
редисочный","луковый
сернистый
резкий",674,675,2475,490,1294,250
25,"5-Sec-butyl-2,3-dimethylpyrazine, 98%",CCC(C)c1cnc(C)c(C)n1,,,алкогольный; альдегидный; луковый; миндальный; амбровый; анималистический; анисовый; яблочный; абрикосовый; ароматический; бальзамический; банановый; говяжий; бергамотовый; ягодный; горький; чёрная смородина; бренди; горелый; сливочный; капустный; камфорный; карамельный; кедровый; сельдерейный; ромашковый; сырный; вишнёвый; шоколадный; корица; цитрусовый; чистый; гвоздичный; какао; кокосовый; кофейный; коньячный; варёный; охлаждающий; корковый; кумариновый; кремовый; огуречный; молочный; сухой; землистый; эфирный; жирный; ферментированный; рыбный; цветочный; свежий; фруктовая кожура; фруктовый; чесночный; газовый; гераниевый; виноградный; грейпфрутовый; травянистый; зелёный; боярышник; сеновой; фундуковый; травяной; медовый; гиацинтовый; жасминовый; сочный; кетоновый; лактонный; лавандовый; листовой; кожаный; лимонный; лилейный; солодовый; мясной; лекарственный; дынный; металлический; молочный; мятный; ландышевый; грибной; мускусный; затхлый; натуральный; ореховый; без запаха; маслянистый; луковый; апельсиновый; апельсиновый цвет; ирисовый корень; озоновый; персиковый; грушевый; фенольный; сосновый; ананасовый; сливовый; попкорн; картофельный; пудровый; резкий; редисочный; малиновый; спелый; обжаренный; розовый; ромовый; сандаловый; пикантный; резкий; дымный; мыльный; растворитель; кислый; пряный; клубничный; сернистый; потный; сладкий; чайный; терпеновый; табачный; томатный; тропический; ванильный; овощной; ветиверовый; фиалковый; тёплый; восковой; сорняковый; винный; древесный; ,rata,Какие из следующих описаний запаха относятся к молекуле CCC(C)c1cnc(C)c(C)n1? Выберите все подходящие из [алкогольный; альдегидный; луковый; миндальный; амбровый; анималистический; анисовый; яблочный; абрикосовый; ароматический; бальзамический; банановый; говяжий; бергамотовый; ягодный; горький; чёрная смородина; бренди; горелый; сливочный; капустный; камфорный; карамельный; кедровый; сельдерейный; ромашковый; сырный; вишнёвый; шоколадный; корица; цитрусовый; чистый; гвоздичный; какао; кокосовый; кофейный; коньячный; варёный; охлаждающий; корковый; кумариновый; кремовый; огуречный; молочный; сухой; землистый; эфирный; жирный; ферментированный; рыбный; цветочный; свежий; фруктовая кожура; фруктовый; чесночный; газовый; гераниевый; виноградный; грейпфрутовый; травянистый; зелёный; боярышник; сеновой; фундуковый; травяной; медовый; гиацинтовый; жасминовый; сочный; кетоновый; лактонный; лавандовый; листовой; кожаный; лимонный; лилейный; солодовый; мясной; лекарственный; дынный; металлический; молочный; мятный; ландышевый; грибной; мускусный; затхлый; натуральный; ореховый; без запаха; маслянистый; луковый; апельсиновый; апельсиновый цвет; ирисовый корень; озоновый; персиковый; грушевый; фенольный; сосновый; ананасовый; сливовый; попкорн; картофельный; пудровый; резкий; редисочный; малиновый; спелый; обжаренный; розовый; ромовый; сандаловый; пикантный; резкий; дымный; мыльный; растворитель; кислый; пряный; клубничный; сернистый; потный; сладкий; чайный; терпеновый; табачный; томатный; тропический; ванильный; овощной; ветиверовый; фиалковый; тёплый; восковой; сорняковый; винный; древесный; ]. Не пишите никаких комментариев.,"Какие из следующих описаний запаха относятся к молекуле 5-Sec-butyl-2,3-dimethylpyrazine, 98%? Выберите все подходящие из [алкогольный; альдегидный; луковый; миндальный; амбровый; анималистический; анисовый; яблочный; абрикосовый; ароматический; бальзамический; банановый; говяжий; бергамотовый; ягодный; горький; чёрная смородина; бренди; горелый; сливочный; капустный; камфорный; карамельный; кедровый; сельдерейный; ромашковый; сырный; вишнёвый; шоколадный; корица; цитрусовый; чистый; гвоздичный; какао; кокосовый; кофейный; коньячный; варёный; охлаждающий; корковый; кумариновый; кремовый; огуречный; молочный; сухой; землистый; эфирный; жирный; ферментированный; рыбный; цветочный; свежий; фруктовая кожура; фруктовый; чесночный; газовый; гераниевый; виноградный; грейпфрутовый; травянистый; зелёный; боярышник; сеновой; фундуковый; травяной; медовый; гиацинтовый; жасминовый; сочный; кетоновый; лактонный; лавандовый; листовой; кожаный; лимонный; лилейный; солодовый; мясной; лекарственный; дынный; металлический; молочный; мятный; ландышевый; грибной; мускусный; затхлый; натуральный; ореховый; без запаха; маслянистый; луковый; апельсиновый; апельсиновый цвет; ирисовый корень; озоновый; персиковый; грушевый; фенольный; сосновый; ананасовый; сливовый; попкорн; картофельный; пудровый; резкий; редисочный; малиновый; спелый; обжаренный; розовый; ромовый; сандаловый; пикантный; резкий; дымный; мыльный; растворитель; кислый; пряный; клубничный; сернистый; потный; сладкий; чайный; терпеновый; табачный; томатный; тропический; ванильный; овощной; ветиверовый; фиалковый; тёплый; восковой; сорняковый; винный; древесный; ]. Не пишите никаких комментариев.",обжаренный;горелый;,,землистый; ореховый; фундуковый; картофельный; попкорн; обжаренный,"ореховый
картофельный
землистый
жареный
попкорн",680,686,11918,389,6006,169
26,4-Methylpyridine,Cc1ccncc1,,,алкогольный; альдегидный; луковый; миндальный; амбровый; анималистический; анисовый; яблочный; абрикосовый; ароматический; бальзамический; банановый; говяжий; бергамотовый; ягодный; горький; чёрная смородина; бренди; горелый; сливочный; капустный; камфорный; карамельный; кедровый; сельдерейный; ромашковый; сырный; вишнёвый; шоколадный; корица; цитрусовый; чистый; гвоздичный; какао; кокосовый; кофейный; коньячный; варёный; охлаждающий; корковый; кумариновый; кремовый; огуречный; молочный; сухой; землистый; эфирный; жирный; ферментированный; рыбный; цветочный; свежий; фруктовая кожура; фруктовый; чесночный; газовый; гераниевый; виноградный; грейпфрутовый; травянистый; зелёный; боярышник; сеновой; фундуковый; травяной; медовый; гиацинтовый; жасминовый; сочный; кетоновый; лактонный; лавандовый; листовой; кожаный; лимонный; лилейный; солодовый; мясной; лекарственный; дынный; металлический; молочный; мятный; ландышевый; грибной; мускусный; затхлый; натуральный; ореховый; без запаха; маслянистый; луковый; апельсиновый; апельсиновый цвет; ирисовый корень; озоновый; персиковый; грушевый; фенольный; сосновый; ананасовый; сливовый; попкорн; картофельный; пудровый; резкий; редисочный; малиновый; спелый; обжаренный; розовый; ромовый; сандаловый; пикантный; резкий; дымный; мыльный; растворитель; кислый; пряный; клубничный; сернистый; потный; сладкий; чайный; терпеновый; табачный; томатный; тропический; ванильный; овощной; ветиверовый; фиалковый; тёплый; восковой; сорняковый; винный; древесный; ,rata,Какие из следующих описаний запаха относятся к молекуле Cc1ccncc1? Выберите все подходящие из [алкогольный; альдегидный; луковый; миндальный; амбровый; анималистический; анисовый; яблочный; абрикосовый; ароматический; бальзамический; банановый; говяжий; бергамотовый; ягодный; горький; чёрная смородина; бренди; горелый; сливочный; капустный; камфорный; карамельный; кедровый; сельдерейный; ромашковый; сырный; вишнёвый; шоколадный; корица; цитрусовый; чистый; гвоздичный; какао; кокосовый; кофейный; коньячный; варёный; охлаждающий; корковый; кумариновый; кремовый; огуречный; молочный; сухой; землистый; эфирный; жирный; ферментированный; рыбный; цветочный; свежий; фруктовая кожура; фруктовый; чесночный; газовый; гераниевый; виноградный; грейпфрутовый; травянистый; зелёный; боярышник; сеновой; фундуковый; травяной; медовый; гиацинтовый; жасминовый; сочный; кетоновый; лактонный; лавандовый; листовой; кожаный; лимонный; лилейный; солодовый; мясной; лекарственный; дынный; металлический; молочный; мятный; ландышевый; грибной; мускусный; затхлый; натуральный; ореховый; без запаха; маслянистый; луковый; апельсиновый; апельсиновый цвет; ирисовый корень; озоновый; персиковый; грушевый; фенольный; сосновый; ананасовый; сливовый; попкорн; картофельный; пудровый; резкий; редисочный; малиновый; спелый; обжаренный; розовый; ромовый; сандаловый; пикантный; резкий; дымный; мыльный; растворитель; кислый; пряный; клубничный; сернистый; потный; сладкий; чайный; терпеновый; табачный; томатный; тропический; ванильный; овощной; ветиверовый; фиалковый; тёплый; восковой; сорняковый; винный; древесный; ]. Не пишите никаких комментариев.,Какие из следующих описаний запаха относятся к молекуле 4-Methylpyridine? Выберите все подходящие из [алкогольный; альдегидный; луковый; миндальный; амбровый; анималистический; анисовый; яблочный; абрикосовый; ароматический; бальзамический; банановый; говяжий; бергамотовый; ягодный; горький; чёрная смородина; бренди; горелый; сливочный; капустный; камфорный; карамельный; кедровый; сельдерейный; ромашковый; сырный; вишнёвый; шоколадный; корица; цитрусовый; чистый; гвоздичный; какао; кокосовый; кофейный; коньячный; варёный; охлаждающий; корковый; кумариновый; кремовый; огуречный; молочный; сухой; землистый; эфирный; жирный; ферментированный; рыбный; цветочный; свежий; фруктовая кожура; фруктовый; чесночный; газовый; гераниевый; виноградный; грейпфрутовый; травянистый; зелёный; боярышник; сеновой; фундуковый; травяной; медовый; гиацинтовый; жасминовый; сочный; кетоновый; лактонный; лавандовый; листовой; кожаный; лимонный; лилейный; солодовый; мясной; лекарственный; дынный; металлический; молочный; мятный; ландышевый; грибной; мускусный; затхлый; натуральный; ореховый; без запаха; маслянистый; луковый; апельсиновый; апельсиновый цвет; ирисовый корень; озоновый; персиковый; грушевый; фенольный; сосновый; ананасовый; сливовый; попкорн; картофельный; пудровый; резкий; редисочный; малиновый; спелый; обжаренный; розовый; ромовый; сандаловый; пикантный; резкий; дымный; мыльный; растворитель; кислый; пряный; клубничный; сернистый; потный; сладкий; чайный; терпеновый; табачный; томатный; тропический; ванильный; овощной; ветиверовый; фиалковый; тёплый; восковой; сорняковый; винный; древесный; ]. Не пишите никаких комментариев.,зелёный;анималистический;рыбный;табачный;,,миндальный; рыбный; резкий,анималистический; горелый; дымный; затхлый; потный; растворитель; резкий; рыбный,676,675,9780,4942,5135,2640
27,2-Phenoxyethyl benzoate,O=C(OCCOc1ccccc1)c1ccccc1,,,алкогольный; альдегидный; луковый; миндальный; амбровый; анималистический; анисовый; яблочный; абрикосовый; ароматический; бальзамический; банановый; говяжий; бергамотовый; ягодный; горький; чёрная смородина; бренди; горелый; сливочный; капустный; камфорный; карамельный; кедровый; сельдерейный; ромашковый; сырный; вишнёвый; шоколадный; корица; цитрусовый; чистый; гвоздичный; какао; кокосовый; кофейный; коньячный; варёный; охлаждающий; корковый; кумариновый; кремовый; огуречный; молочный; сухой; землистый; эфирный; жирный; ферментированный; рыбный; цветочный; свежий; фруктовая кожура; фруктовый; чесночный; газовый; гераниевый; виноградный; грейпфрутовый; травянистый; зелёный; боярышник; сеновой; фундуковый; травяной; медовый; гиацинтовый; жасминовый; сочный; кетоновый; лактонный; лавандовый; листовой; кожаный; лимонный; лилейный; солодовый; мясной; лекарственный; дынный; металлический; молочный; мятный; ландышевый; грибной; мускусный; затхлый; натуральный; ореховый; без запаха; маслянистый; луковый; апельсиновый; апельсиновый цвет; ирисовый корень; озоновый; персиковый; грушевый; фенольный; сосновый; ананасовый; сливовый; попкорн; картофельный; пудровый; резкий; редисочный; малиновый; спелый; обжаренный; розовый; ромовый; сандаловый; пикантный; резкий; дымный; мыльный; растворитель; кислый; пряный; клубничный; сернистый; потный; сладкий; чайный; терпеновый; табачный; томатный; тропический; ванильный; овощной; ветиверовый; фиалковый; тёплый; восковой; сорняковый; винный; древесный; ,rata,Какие из следующих описаний запаха относятся к молекуле O=C(OCCOc1ccccc1)c1ccccc1? Выберите все подходящие из [алкогольный; альдегидный; луковый; миндальный; амбровый; анималистический; анисовый; яблочный; абрикосовый; ароматический; бальзамический; банановый; говяжий; бергамотовый; ягодный; горький; чёрная смородина; бренди; горелый; сливочный; капустный; камфорный; карамельный; кедровый; сельдерейный; ромашковый; сырный; вишнёвый; шоколадный; корица; цитрусовый; чистый; гвоздичный; какао; кокосовый; кофейный; коньячный; варёный; охлаждающий; корковый; кумариновый; кремовый; огуречный; молочный; сухой; землистый; эфирный; жирный; ферментированный; рыбный; цветочный; свежий; фруктовая кожура; фруктовый; чесночный; газовый; гераниевый; виноградный; грейпфрутовый; травянистый; зелёный; боярышник; сеновой; фундуковый; травяной; медовый; гиацинтовый; жасминовый; сочный; кетоновый; лактонный; лавандовый; листовой; кожаный; лимонный; лилейный; солодовый; мясной; лекарственный; дынный; металлический; молочный; мятный; ландышевый; грибной; мускусный; затхлый; натуральный; ореховый; без запаха; маслянистый; луковый; апельсиновый; апельсиновый цвет; ирисовый корень; озоновый; персиковый; грушевый; фенольный; сосновый; ананасовый; сливовый; попкорн; картофельный; пудровый; резкий; редисочный; малиновый; спелый; обжаренный; розовый; ромовый; сандаловый; пикантный; резкий; дымный; мыльный; растворитель; кислый; пряный; клубничный; сернистый; потный; сладкий; чайный; терпеновый; табачный; томатный; тропический; ванильный; овощной; ветиверовый; фиалковый; тёплый; восковой; сорняковый; винный; древесный; ]. Не пишите никаких комментариев.,Какие из следующих описаний запаха относятся к молекуле 2-Phenoxyethyl benzoate? Выберите все подходящие из [алкогольный; альдегидный; луковый; миндальный; амбровый; анималистический; анисовый; яблочный; абрикосовый; ароматический; бальзамический; банановый; говяжий; бергамотовый; ягодный; горький; чёрная смородина; бренди; горелый; сливочный; капустный; камфорный; карамельный; кедровый; сельдерейный; ромашковый; сырный; вишнёвый; шоколадный; корица; цитрусовый; чистый; гвоздичный; какао; кокосовый; кофейный; коньячный; варёный; охлаждающий; корковый; кумариновый; кремовый; огуречный; молочный; сухой; землистый; эфирный; жирный; ферментированный; рыбный; цветочный; свежий; фруктовая кожура; фруктовый; чесночный; газовый; гераниевый; виноградный; грейпфрутовый; травянистый; зелёный; боярышник; сеновой; фундуковый; травяной; медовый; гиацинтовый; жасминовый; сочный; кетоновый; лактонный; лавандовый; листовой; кожаный; лимонный; лилейный; солодовый; мясной; лекарственный; дынный; металлический; молочный; мятный; ландышевый; грибной; мускусный; затхлый; натуральный; ореховый; без запаха; маслянистый; луковый; апельсиновый; апельсиновый цвет; ирисовый корень; озоновый; персиковый; грушевый; фенольный; сосновый; ананасовый; сливовый; попкорн; картофельный; пудровый; резкий; редисочный; малиновый; спелый; обжаренный; розовый; ромовый; сандаловый; пикантный; резкий; дымный; мыльный; растворитель; кислый; пряный; клубничный; сернистый; потный; сладкий; чайный; терпеновый; табачный; томатный; тропический; ванильный; овощной; ветиверовый; фиалковый; тёплый; восковой; сорняковый; винный; древесный; ]. Не пишите никаких комментариев.,цветочный;бальзамический;,,"бальзамический
цветочный
медовый
розовый
сладкий","сладкий
фруктовый
цветочный
бальзамический
ванильный
миндальный
медовый",684,677,3596,901,1612,434
28,alpha-(2-Methylpropyl)benzeneethanol,CC(C)CC(O)Cc1ccccc1,,,алкогольный; альдегидный; луковый; миндальный; амбровый; анималистический; анисовый; яблочный; абрикосовый; ароматический; бальзамический; банановый; говяжий; бергамотовый; ягодный; горький; чёрная смородина; бренди; горелый; сливочный; капустный; камфорный; карамельный; кедровый; сельдерейный; ромашковый; сырный; вишнёвый; шоколадный; корица; цитрусовый; чистый; гвоздичный; какао; кокосовый; кофейный; коньячный; варёный; охлаждающий; корковый; кумариновый; кремовый; огуречный; молочный; сухой; землистый; эфирный; жирный; ферментированный; рыбный; цветочный; свежий; фруктовая кожура; фруктовый; чесночный; газовый; гераниевый; виноградный; грейпфрутовый; травянистый; зелёный; боярышник; сеновой; фундуковый; травяной; медовый; гиацинтовый; жасминовый; сочный; кетоновый; лактонный; лавандовый; листовой; кожаный; лимонный; лилейный; солодовый; мясной; лекарственный; дынный; металлический; молочный; мятный; ландышевый; грибной; мускусный; затхлый; натуральный; ореховый; без запаха; маслянистый; луковый; апельсиновый; апельсиновый цвет; ирисовый корень; озоновый; персиковый; грушевый; фенольный; сосновый; ананасовый; сливовый; попкорн; картофельный; пудровый; резкий; редисочный; малиновый; спелый; обжаренный; розовый; ромовый; сандаловый; пикантный; резкий; дымный; мыльный; растворитель; кислый; пряный; клубничный; сернистый; потный; сладкий; чайный; терпеновый; табачный; томатный; тропический; ванильный; овощной; ветиверовый; фиалковый; тёплый; восковой; сорняковый; винный; древесный; ,rata,Какие из следующих описаний запаха относятся к молекуле CC(C)CC(O)Cc1ccccc1? Выберите все подходящие из [алкогольный; альдегидный; луковый; миндальный; амбровый; анималистический; анисовый; яблочный; абрикосовый; ароматический; бальзамический; банановый; говяжий; бергамотовый; ягодный; горький; чёрная смородина; бренди; горелый; сливочный; капустный; камфорный; карамельный; кедровый; сельдерейный; ромашковый; сырный; вишнёвый; шоколадный; корица; цитрусовый; чистый; гвоздичный; какао; кокосовый; кофейный; коньячный; варёный; охлаждающий; корковый; кумариновый; кремовый; огуречный; молочный; сухой; землистый; эфирный; жирный; ферментированный; рыбный; цветочный; свежий; фруктовая кожура; фруктовый; чесночный; газовый; гераниевый; виноградный; грейпфрутовый; травянистый; зелёный; боярышник; сеновой; фундуковый; травяной; медовый; гиацинтовый; жасминовый; сочный; кетоновый; лактонный; лавандовый; листовой; кожаный; лимонный; лилейный; солодовый; мясной; лекарственный; дынный; металлический; молочный; мятный; ландышевый; грибной; мускусный; затхлый; натуральный; ореховый; без запаха; маслянистый; луковый; апельсиновый; апельсиновый цвет; ирисовый корень; озоновый; персиковый; грушевый; фенольный; сосновый; ананасовый; сливовый; попкорн; картофельный; пудровый; резкий; редисочный; малиновый; спелый; обжаренный; розовый; ромовый; сандаловый; пикантный; резкий; дымный; мыльный; растворитель; кислый; пряный; клубничный; сернистый; потный; сладкий; чайный; терпеновый; табачный; томатный; тропический; ванильный; овощной; ветиверовый; фиалковый; тёплый; восковой; сорняковый; винный; древесный; ]. Не пишите никаких комментариев.,Какие из следующих описаний запаха относятся к молекуле alpha-(2-Methylpropyl)benzeneethanol? Выберите все подходящие из [алкогольный; альдегидный; луковый; миндальный; амбровый; анималистический; анисовый; яблочный; абрикосовый; ароматический; бальзамический; банановый; говяжий; бергамотовый; ягодный; горький; чёрная смородина; бренди; горелый; сливочный; капустный; камфорный; карамельный; кедровый; сельдерейный; ромашковый; сырный; вишнёвый; шоколадный; корица; цитрусовый; чистый; гвоздичный; какао; кокосовый; кофейный; коньячный; варёный; охлаждающий; корковый; кумариновый; кремовый; огуречный; молочный; сухой; землистый; эфирный; жирный; ферментированный; рыбный; цветочный; свежий; фруктовая кожура; фруктовый; чесночный; газовый; гераниевый; виноградный; грейпфрутовый; травянистый; зелёный; боярышник; сеновой; фундуковый; травяной; медовый; гиацинтовый; жасминовый; сочный; кетоновый; лактонный; лавандовый; листовой; кожаный; лимонный; лилейный; солодовый; мясной; лекарственный; дынный; металлический; молочный; мятный; ландышевый; грибной; мускусный; затхлый; натуральный; ореховый; без запаха; маслянистый; луковый; апельсиновый; апельсиновый цвет; ирисовый корень; озоновый; персиковый; грушевый; фенольный; сосновый; ананасовый; сливовый; попкорн; картофельный; пудровый; резкий; редисочный; малиновый; спелый; обжаренный; розовый; ромовый; сандаловый; пикантный; резкий; дымный; мыльный; растворитель; кислый; пряный; клубничный; сернистый; потный; сладкий; чайный; терпеновый; табачный; томатный; тропический; ванильный; овощной; ветиверовый; фиалковый; тёплый; восковой; сорняковый; винный; древесный; ]. Не пишите никаких комментариев.,травяной;цветочный;сельдерейный;зелёный;кремовый;,,"алкогольный
цветочный
розовый
сладкий
фруктовый
винный",[цветочный; розовый; яблочный; медовый; сладкий; фруктовый; ванильный],680,680,7516,396,3798,178
29,Isobutyl mercaptan,CC(C)CS,,,алкогольный; альдегидный; луковый; миндальный; амбровый; анималистический; анисовый; яблочный; абрикосовый; ароматический; бальзамический; банановый; говяжий; бергамотовый; ягодный; горький; чёрная смородина; бренди; горелый; сливочный; капустный; камфорный; карамельный; кедровый; сельдерейный; ромашковый; сырный; вишнёвый; шоколадный; корица; цитрусовый; чистый; гвоздичный; какао; кокосовый; кофейный; коньячный; варёный; охлаждающий; корковый; кумариновый; кремовый; огуречный; молочный; сухой; землистый; эфирный; жирный; ферментированный; рыбный; цветочный; свежий; фруктовая кожура; фруктовый; чесночный; газовый; гераниевый; виноградный; грейпфрутовый; травянистый; зелёный; боярышник; сеновой; фундуковый; травяной; медовый; гиацинтовый; жасминовый; сочный; кетоновый; лактонный; лавандовый; листовой; кожаный; лимонный; лилейный; солодовый; мясной; лекарственный; дынный; металлический; молочный; мятный; ландышевый; грибной; мускусный; затхлый; натуральный; ореховый; без запаха; маслянистый; луковый; апельсиновый; апельсиновый цвет; ирисовый корень; озоновый; персиковый; грушевый; фенольный; сосновый; ананасовый; сливовый; попкорн; картофельный; пудровый; резкий; редисочный; малиновый; спелый; обжаренный; розовый; ромовый; сандаловый; пикантный; резкий; дымный; мыльный; растворитель; кислый; пряный; клубничный; сернистый; потный; сладкий; чайный; терпеновый; табачный; томатный; тропический; ванильный; овощной; ветиверовый; фиалковый; тёплый; восковой; сорняковый; винный; древесный; ,rata,Какие из следующих описаний запаха относятся к молекуле CC(C)CS? Выберите все подходящие из [алкогольный; альдегидный; луковый; миндальный; амбровый; анималистический; анисовый; яблочный; абрикосовый; ароматический; бальзамический; банановый; говяжий; бергамотовый; ягодный; горький; чёрная смородина; бренди; горелый; сливочный; капустный; камфорный; карамельный; кедровый; сельдерейный; ромашковый; сырный; вишнёвый; шоколадный; корица; цитрусовый; чистый; гвоздичный; какао; кокосовый; кофейный; коньячный; варёный; охлаждающий; корковый; кумариновый; кремовый; огуречный; молочный; сухой; землистый; эфирный; жирный; ферментированный; рыбный; цветочный; свежий; фруктовая кожура; фруктовый; чесночный; газовый; гераниевый; виноградный; грейпфрутовый; травянистый; зелёный; боярышник; сеновой; фундуковый; травяной; медовый; гиацинтовый; жасминовый; сочный; кетоновый; лактонный; лавандовый; листовой; кожаный; лимонный; лилейный; солодовый; мясной; лекарственный; дынный; металлический; молочный; мятный; ландышевый; грибной; мускусный; затхлый; натуральный; ореховый; без запаха; маслянистый; луковый; апельсиновый; апельсиновый цвет; ирисовый корень; озоновый; персиковый; грушевый; фенольный; сосновый; ананасовый; сливовый; попкорн; картофельный; пудровый; резкий; редисочный; малиновый; спелый; обжаренный; розовый; ромовый; сандаловый; пикантный; резкий; дымный; мыльный; растворитель; кислый; пряный; клубничный; сернистый; потный; сладкий; чайный; терпеновый; табачный; томатный; тропический; ванильный; овощной; ветиверовый; фиалковый; тёплый; восковой; сорняковый; винный; древесный; ]. Не пишите никаких комментариев.,Какие из следующих описаний запаха относятся к молекуле Isobutyl mercaptan? Выберите все подходящие из [алкогольный; альдегидный; луковый; миндальный; амбровый; анималистический; анисовый; яблочный; абрикосовый; ароматический; бальзамический; банановый; говяжий; бергамотовый; ягодный; горький; чёрная смородина; бренди; горелый; сливочный; капустный; камфорный; карамельный; кедровый; сельдерейный; ромашковый; сырный; вишнёвый; шоколадный; корица; цитрусовый; чистый; гвоздичный; какао; кокосовый; кофейный; коньячный; варёный; охлаждающий; корковый; кумариновый; кремовый; огуречный; молочный; сухой; землистый; эфирный; жирный; ферментированный; рыбный; цветочный; свежий; фруктовая кожура; фруктовый; чесночный; газовый; гераниевый; виноградный; грейпфрутовый; травянистый; зелёный; боярышник; сеновой; фундуковый; травяной; медовый; гиацинтовый; жасминовый; сочный; кетоновый; лактонный; лавандовый; листовой; кожаный; лимонный; лилейный; солодовый; мясной; лекарственный; дынный; металлический; молочный; мятный; ландышевый; грибной; мускусный; затхлый; натуральный; ореховый; без запаха; маслянистый; луковый; апельсиновый; апельсиновый цвет; ирисовый корень; озоновый; персиковый; грушевый; фенольный; сосновый; ананасовый; сливовый; попкорн; картофельный; пудровый; резкий; редисочный; малиновый; спелый; обжаренный; розовый; ромовый; сандаловый; пикантный; резкий; дымный; мыльный; растворитель; кислый; пряный; клубничный; сернистый; потный; сладкий; чайный; терпеновый; табачный; томатный; тропический; ванильный; овощной; ветиверовый; фиалковый; тёплый; восковой; сорняковый; винный; древесный; ]. Не пишите никаких комментариев.,чесночный;варёный;овощной;сернистый;луковый;,,"луковый
сернистый
едкий
затхлый","луковый
чесночный
капустный
сернистый
резкий
газовый",672,675,273,1132,123,578
30,2-Methyl-3-phenyl-2-propen-1-ol,CC(=Cc1ccccc1)CO,,,алкогольный; альдегидный; луковый; миндальный; амбровый; анималистический; анисовый; яблочный; абрикосовый; ароматический; бальзамический; банановый; говяжий; бергамотовый; ягодный; горький; чёрная смородина; бренди; горелый; сливочный; капустный; камфорный; карамельный; кедровый; сельдерейный; ромашковый; сырный; вишнёвый; шоколадный; корица; цитрусовый; чистый; гвоздичный; какао; кокосовый; кофейный; коньячный; варёный; охлаждающий; корковый; кумариновый; кремовый; огуречный; молочный; сухой; землистый; эфирный; жирный; ферментированный; рыбный; цветочный; свежий; фруктовая кожура; фруктовый; чесночный; газовый; гераниевый; виноградный; грейпфрутовый; травянистый; зелёный; боярышник; сеновой; фундуковый; травяной; медовый; гиацинтовый; жасминовый; сочный; кетоновый; лактонный; лавандовый; листовой; кожаный; лимонный; лилейный; солодовый; мясной; лекарственный; дынный; металлический; молочный; мятный; ландышевый; грибной; мускусный; затхлый; натуральный; ореховый; без запаха; маслянистый; луковый; апельсиновый; апельсиновый цвет; ирисовый корень; озоновый; персиковый; грушевый; фенольный; сосновый; ананасовый; сливовый; попкорн; картофельный; пудровый; резкий; редисочный; малиновый; спелый; обжаренный; розовый; ромовый; сандаловый; пикантный; резкий; дымный; мыльный; растворитель; кислый; пряный; клубничный; сернистый; потный; сладкий; чайный; терпеновый; табачный; томатный; тропический; ванильный; овощной; ветиверовый; фиалковый; тёплый; восковой; сорняковый; винный; древесный; ,rata,Какие из следующих описаний запаха относятся к молекуле CC(=Cc1ccccc1)CO? Выберите все подходящие из [алкогольный; альдегидный; луковый; миндальный; амбровый; анималистический; анисовый; яблочный; абрикосовый; ароматический; бальзамический; банановый; говяжий; бергамотовый; ягодный; горький; чёрная смородина; бренди; горелый; сливочный; капустный; камфорный; карамельный; кедровый; сельдерейный; ромашковый; сырный; вишнёвый; шоколадный; корица; цитрусовый; чистый; гвоздичный; какао; кокосовый; кофейный; коньячный; варёный; охлаждающий; корковый; кумариновый; кремовый; огуречный; молочный; сухой; землистый; эфирный; жирный; ферментированный; рыбный; цветочный; свежий; фруктовая кожура; фруктовый; чесночный; газовый; гераниевый; виноградный; грейпфрутовый; травянистый; зелёный; боярышник; сеновой; фундуковый; травяной; медовый; гиацинтовый; жасминовый; сочный; кетоновый; лактонный; лавандовый; листовой; кожаный; лимонный; лилейный; солодовый; мясной; лекарственный; дынный; металлический; молочный; мятный; ландышевый; грибной; мускусный; затхлый; натуральный; ореховый; без запаха; маслянистый; луковый; апельсиновый; апельсиновый цвет; ирисовый корень; озоновый; персиковый; грушевый; фенольный; сосновый; ананасовый; сливовый; попкорн; картофельный; пудровый; резкий; редисочный; малиновый; спелый; обжаренный; розовый; ромовый; сандаловый; пикантный; резкий; дымный; мыльный; растворитель; кислый; пряный; клубничный; сернистый; потный; сладкий; чайный; терпеновый; табачный; томатный; тропический; ванильный; овощной; ветиверовый; фиалковый; тёплый; восковой; сорняковый; винный; древесный; ]. Не пишите никаких комментариев.,Какие из следующих описаний запаха относятся к молекуле 2-Methyl-3-phenyl-2-propen-1-ol? Выберите все подходящие из [алкогольный; альдегидный; луковый; миндальный; амбровый; анималистический; анисовый; яблочный; абрикосовый; ароматический; бальзамический; банановый; говяжий; бергамотовый; ягодный; горький; чёрная смородина; бренди; горелый; сливочный; капустный; камфорный; карамельный; кедровый; сельдерейный; ромашковый; сырный; вишнёвый; шоколадный; корица; цитрусовый; чистый; гвоздичный; какао; кокосовый; кофейный; коньячный; варёный; охлаждающий; корковый; кумариновый; кремовый; огуречный; молочный; сухой; землистый; эфирный; жирный; ферментированный; рыбный; цветочный; свежий; фруктовая кожура; фруктовый; чесночный; газовый; гераниевый; виноградный; грейпфрутовый; травянистый; зелёный; боярышник; сеновой; фундуковый; травяной; медовый; гиацинтовый; жасминовый; сочный; кетоновый; лактонный; лавандовый; листовой; кожаный; лимонный; лилейный; солодовый; мясной; лекарственный; дынный; металлический; молочный; мятный; ландышевый; грибной; мускусный; затхлый; натуральный; ореховый; без запаха; маслянистый; луковый; апельсиновый; апельсиновый цвет; ирисовый корень; озоновый; персиковый; грушевый; фенольный; сосновый; ананасовый; сливовый; попкорн; картофельный; пудровый; резкий; редисочный; малиновый; спелый; обжаренный; розовый; ромовый; сандаловый; пикантный; резкий; дымный; мыльный; растворитель; кислый; пряный; клубничный; сернистый; потный; сладкий; чайный; терпеновый; табачный; томатный; тропический; ванильный; овощной; ветиверовый; фиалковый; тёплый; восковой; сорняковый; винный; древесный; ]. Не пишите никаких комментариев.,бальзамический;сладкий;цветочный;,,цветочный; зеленый; гиацинтовый; лилейный; ландышевый,"цветочный
розовый
пряный
зелёный
сладкий",678,683,5264,324,2758,157
31,Hexadecatrienal,CCCCCCCCCC=CC=CC=CC=O,,,алкогольный; альдегидный; луковый; миндальный; амбровый; анималистический; анисовый; яблочный; абрикосовый; ароматический; бальзамический; банановый; говяжий; бергамотовый; ягодный; горький; чёрная смородина; бренди; горелый; сливочный; капустный; камфорный; карамельный; кедровый; сельдерейный; ромашковый; сырный; вишнёвый; шоколадный; корица; цитрусовый; чистый; гвоздичный; какао; кокосовый; кофейный; коньячный; варёный; охлаждающий; корковый; кумариновый; кремовый; огуречный; молочный; сухой; землистый; эфирный; жирный; ферментированный; рыбный; цветочный; свежий; фруктовая кожура; фруктовый; чесночный; газовый; гераниевый; виноградный; грейпфрутовый; травянистый; зелёный; боярышник; сеновой; фундуковый; травяной; медовый; гиацинтовый; жасминовый; сочный; кетоновый; лактонный; лавандовый; листовой; кожаный; лимонный; лилейный; солодовый; мясной; лекарственный; дынный; металлический; молочный; мятный; ландышевый; грибной; мускусный; затхлый; натуральный; ореховый; без запаха; маслянистый; луковый; апельсиновый; апельсиновый цвет; ирисовый корень; озоновый; персиковый; грушевый; фенольный; сосновый; ананасовый; сливовый; попкорн; картофельный; пудровый; резкий; редисочный; малиновый; спелый; обжаренный; розовый; ромовый; сандаловый; пикантный; резкий; дымный; мыльный; растворитель; кислый; пряный; клубничный; сернистый; потный; сладкий; чайный; терпеновый; табачный; томатный; тропический; ванильный; овощной; ветиверовый; фиалковый; тёплый; восковой; сорняковый; винный; древесный; ,rata,Какие из следующих описаний запаха относятся к молекуле CCCCCCCCCC=CC=CC=CC=O? Выберите все подходящие из [алкогольный; альдегидный; луковый; миндальный; амбровый; анималистический; анисовый; яблочный; абрикосовый; ароматический; бальзамический; банановый; говяжий; бергамотовый; ягодный; горький; чёрная смородина; бренди; горелый; сливочный; капустный; камфорный; карамельный; кедровый; сельдерейный; ромашковый; сырный; вишнёвый; шоколадный; корица; цитрусовый; чистый; гвоздичный; какао; кокосовый; кофейный; коньячный; варёный; охлаждающий; корковый; кумариновый; кремовый; огуречный; молочный; сухой; землистый; эфирный; жирный; ферментированный; рыбный; цветочный; свежий; фруктовая кожура; фруктовый; чесночный; газовый; гераниевый; виноградный; грейпфрутовый; травянистый; зелёный; боярышник; сеновой; фундуковый; травяной; медовый; гиацинтовый; жасминовый; сочный; кетоновый; лактонный; лавандовый; листовой; кожаный; лимонный; лилейный; солодовый; мясной; лекарственный; дынный; металлический; молочный; мятный; ландышевый; грибной; мускусный; затхлый; натуральный; ореховый; без запаха; маслянистый; луковый; апельсиновый; апельсиновый цвет; ирисовый корень; озоновый; персиковый; грушевый; фенольный; сосновый; ананасовый; сливовый; попкорн; картофельный; пудровый; резкий; редисочный; малиновый; спелый; обжаренный; розовый; ромовый; сандаловый; пикантный; резкий; дымный; мыльный; растворитель; кислый; пряный; клубничный; сернистый; потный; сладкий; чайный; терпеновый; табачный; томатный; тропический; ванильный; овощной; ветиверовый; фиалковый; тёплый; восковой; сорняковый; винный; древесный; ]. Не пишите никаких комментариев.,Какие из следующих описаний запаха относятся к молекуле Hexadecatrienal? Выберите все подходящие из [алкогольный; альдегидный; луковый; миндальный; амбровый; анималистический; анисовый; яблочный; абрикосовый; ароматический; бальзамический; банановый; говяжий; бергамотовый; ягодный; горький; чёрная смородина; бренди; горелый; сливочный; капустный; камфорный; карамельный; кедровый; сельдерейный; ромашковый; сырный; вишнёвый; шоколадный; корица; цитрусовый; чистый; гвоздичный; какао; кокосовый; кофейный; коньячный; варёный; охлаждающий; корковый; кумариновый; кремовый; огуречный; молочный; сухой; землистый; эфирный; жирный; ферментированный; рыбный; цветочный; свежий; фруктовая кожура; фруктовый; чесночный; газовый; гераниевый; виноградный; грейпфрутовый; травянистый; зелёный; боярышник; сеновой; фундуковый; травяной; медовый; гиацинтовый; жасминовый; сочный; кетоновый; лактонный; лавандовый; листовой; кожаный; лимонный; лилейный; солодовый; мясной; лекарственный; дынный; металлический; молочный; мятный; ландышевый; грибной; мускусный; затхлый; натуральный; ореховый; без запаха; маслянистый; луковый; апельсиновый; апельсиновый цвет; ирисовый корень; озоновый; персиковый; грушевый; фенольный; сосновый; ананасовый; сливовый; попкорн; картофельный; пудровый; резкий; редисочный; малиновый; спелый; обжаренный; розовый; ромовый; сандаловый; пикантный; резкий; дымный; мыльный; растворитель; кислый; пряный; клубничный; сернистый; потный; сладкий; чайный; терпеновый; табачный; томатный; тропический; ванильный; овощной; ветиверовый; фиалковый; тёплый; восковой; сорняковый; винный; древесный; ]. Не пишите никаких комментариев.,жирный;маслянистый;,,альдегидный; жирный; маслянистый; рыбный; мясной; обжаренный,"альдегидный
огуречный
зелёный
травянистый
травяной
овощной
свежий",681,674,8717,1928,4091,1002
32,Heptyl 4-methylpentanoate,CCCCCCCOC(=O)CCC(C)C,,,алкогольный; альдегидный; луковый; миндальный; амбровый; анималистический; анисовый; яблочный; абрикосовый; ароматический; бальзамический; банановый; говяжий; бергамотовый; ягодный; горький; чёрная смородина; бренди; горелый; сливочный; капустный; камфорный; карамельный; кедровый; сельдерейный; ромашковый; сырный; вишнёвый; шоколадный; корица; цитрусовый; чистый; гвоздичный; какао; кокосовый; кофейный; коньячный; варёный; охлаждающий; корковый; кумариновый; кремовый; огуречный; молочный; сухой; землистый; эфирный; жирный; ферментированный; рыбный; цветочный; свежий; фруктовая кожура; фруктовый; чесночный; газовый; гераниевый; виноградный; грейпфрутовый; травянистый; зелёный; боярышник; сеновой; фундуковый; травяной; медовый; гиацинтовый; жасминовый; сочный; кетоновый; лактонный; лавандовый; листовой; кожаный; лимонный; лилейный; солодовый; мясной; лекарственный; дынный; металлический; молочный; мятный; ландышевый; грибной; мускусный; затхлый; натуральный; ореховый; без запаха; маслянистый; луковый; апельсиновый; апельсиновый цвет; ирисовый корень; озоновый; персиковый; грушевый; фенольный; сосновый; ананасовый; сливовый; попкорн; картофельный; пудровый; резкий; редисочный; малиновый; спелый; обжаренный; розовый; ромовый; сандаловый; пикантный; резкий; дымный; мыльный; растворитель; кислый; пряный; клубничный; сернистый; потный; сладкий; чайный; терпеновый; табачный; томатный; тропический; ванильный; овощной; ветиверовый; фиалковый; тёплый; восковой; сорняковый; винный; древесный; ,rata,Какие из следующих описаний запаха относятся к молекуле CCCCCCCOC(=O)CCC(C)C? Выберите все подходящие из [алкогольный; альдегидный; луковый; миндальный; амбровый; анималистический; анисовый; яблочный; абрикосовый; ароматический; бальзамический; банановый; говяжий; бергамотовый; ягодный; горький; чёрная смородина; бренди; горелый; сливочный; капустный; камфорный; карамельный; кедровый; сельдерейный; ромашковый; сырный; вишнёвый; шоколадный; корица; цитрусовый; чистый; гвоздичный; какао; кокосовый; кофейный; коньячный; варёный; охлаждающий; корковый; кумариновый; кремовый; огуречный; молочный; сухой; землистый; эфирный; жирный; ферментированный; рыбный; цветочный; свежий; фруктовая кожура; фруктовый; чесночный; газовый; гераниевый; виноградный; грейпфрутовый; травянистый; зелёный; боярышник; сеновой; фундуковый; травяной; медовый; гиацинтовый; жасминовый; сочный; кетоновый; лактонный; лавандовый; листовой; кожаный; лимонный; лилейный; солодовый; мясной; лекарственный; дынный; металлический; молочный; мятный; ландышевый; грибной; мускусный; затхлый; натуральный; ореховый; без запаха; маслянистый; луковый; апельсиновый; апельсиновый цвет; ирисовый корень; озоновый; персиковый; грушевый; фенольный; сосновый; ананасовый; сливовый; попкорн; картофельный; пудровый; резкий; редисочный; малиновый; спелый; обжаренный; розовый; ромовый; сандаловый; пикантный; резкий; дымный; мыльный; растворитель; кислый; пряный; клубничный; сернистый; потный; сладкий; чайный; терпеновый; табачный; томатный; тропический; ванильный; овощной; ветиверовый; фиалковый; тёплый; восковой; сорняковый; винный; древесный; ]. Не пишите никаких комментариев.,Какие из следующих описаний запаха относятся к молекуле Heptyl 4-methylpentanoate? Выберите все подходящие из [алкогольный; альдегидный; луковый; миндальный; амбровый; анималистический; анисовый; яблочный; абрикосовый; ароматический; бальзамический; банановый; говяжий; бергамотовый; ягодный; горький; чёрная смородина; бренди; горелый; сливочный; капустный; камфорный; карамельный; кедровый; сельдерейный; ромашковый; сырный; вишнёвый; шоколадный; корица; цитрусовый; чистый; гвоздичный; какао; кокосовый; кофейный; коньячный; варёный; охлаждающий; корковый; кумариновый; кремовый; огуречный; молочный; сухой; землистый; эфирный; жирный; ферментированный; рыбный; цветочный; свежий; фруктовая кожура; фруктовый; чесночный; газовый; гераниевый; виноградный; грейпфрутовый; травянистый; зелёный; боярышник; сеновой; фундуковый; травяной; медовый; гиацинтовый; жасминовый; сочный; кетоновый; лактонный; лавандовый; листовой; кожаный; лимонный; лилейный; солодовый; мясной; лекарственный; дынный; металлический; молочный; мятный; ландышевый; грибной; мускусный; затхлый; натуральный; ореховый; без запаха; маслянистый; луковый; апельсиновый; апельсиновый цвет; ирисовый корень; озоновый; персиковый; грушевый; фенольный; сосновый; ананасовый; сливовый; попкорн; картофельный; пудровый; резкий; редисочный; малиновый; спелый; обжаренный; розовый; ромовый; сандаловый; пикантный; резкий; дымный; мыльный; растворитель; кислый; пряный; клубничный; сернистый; потный; сладкий; чайный; терпеновый; табачный; томатный; тропический; ванильный; овощной; ветиверовый; фиалковый; тёплый; восковой; сорняковый; винный; древесный; ]. Не пишите никаких комментариев.,винный;фруктовый;маслянистый;травяной;,,фруктовый; яблочный; грушевый; сладкий,[фруктовый; грушевый; яблочный],679,678,9884,251,5171,114
33,ethyl 2-acetyloxyoctanoate,CCCCCCC(OC(C)=O)C(=O)OCC,,,алкогольный; альдегидный; луковый; миндальный; амбровый; анималистический; анисовый; яблочный; абрикосовый; ароматический; бальзамический; банановый; говяжий; бергамотовый; ягодный; горький; чёрная смородина; бренди; горелый; сливочный; капустный; камфорный; карамельный; кедровый; сельдерейный; ромашковый; сырный; вишнёвый; шоколадный; корица; цитрусовый; чистый; гвоздичный; какао; кокосовый; кофейный; коньячный; варёный; охлаждающий; корковый; кумариновый; кремовый; огуречный; молочный; сухой; землистый; эфирный; жирный; ферментированный; рыбный; цветочный; свежий; фруктовая кожура; фруктовый; чесночный; газовый; гераниевый; виноградный; грейпфрутовый; травянистый; зелёный; боярышник; сеновой; фундуковый; травяной; медовый; гиацинтовый; жасминовый; сочный; кетоновый; лактонный; лавандовый; листовой; кожаный; лимонный; лилейный; солодовый; мясной; лекарственный; дынный; металлический; молочный; мятный; ландышевый; грибной; мускусный; затхлый; натуральный; ореховый; без запаха; маслянистый; луковый; апельсиновый; апельсиновый цвет; ирисовый корень; озоновый; персиковый; грушевый; фенольный; сосновый; ананасовый; сливовый; попкорн; картофельный; пудровый; резкий; редисочный; малиновый; спелый; обжаренный; розовый; ромовый; сандаловый; пикантный; резкий; дымный; мыльный; растворитель; кислый; пряный; клубничный; сернистый; потный; сладкий; чайный; терпеновый; табачный; томатный; тропический; ванильный; овощной; ветиверовый; фиалковый; тёплый; восковой; сорняковый; винный; древесный; ,rata,Какие из следующих описаний запаха относятся к молекуле CCCCCCC(OC(C)=O)C(=O)OCC? Выберите все подходящие из [алкогольный; альдегидный; луковый; миндальный; амбровый; анималистический; анисовый; яблочный; абрикосовый; ароматический; бальзамический; банановый; говяжий; бергамотовый; ягодный; горький; чёрная смородина; бренди; горелый; сливочный; капустный; камфорный; карамельный; кедровый; сельдерейный; ромашковый; сырный; вишнёвый; шоколадный; корица; цитрусовый; чистый; гвоздичный; какао; кокосовый; кофейный; коньячный; варёный; охлаждающий; корковый; кумариновый; кремовый; огуречный; молочный; сухой; землистый; эфирный; жирный; ферментированный; рыбный; цветочный; свежий; фруктовая кожура; фруктовый; чесночный; газовый; гераниевый; виноградный; грейпфрутовый; травянистый; зелёный; боярышник; сеновой; фундуковый; травяной; медовый; гиацинтовый; жасминовый; сочный; кетоновый; лактонный; лавандовый; листовой; кожаный; лимонный; лилейный; солодовый; мясной; лекарственный; дынный; металлический; молочный; мятный; ландышевый; грибной; мускусный; затхлый; натуральный; ореховый; без запаха; маслянистый; луковый; апельсиновый; апельсиновый цвет; ирисовый корень; озоновый; персиковый; грушевый; фенольный; сосновый; ананасовый; сливовый; попкорн; картофельный; пудровый; резкий; редисочный; малиновый; спелый; обжаренный; розовый; ромовый; сандаловый; пикантный; резкий; дымный; мыльный; растворитель; кислый; пряный; клубничный; сернистый; потный; сладкий; чайный; терпеновый; табачный; томатный; тропический; ванильный; овощной; ветиверовый; фиалковый; тёплый; восковой; сорняковый; винный; древесный; ]. Не пишите никаких комментариев.,Какие из следующих описаний запаха относятся к молекуле ethyl 2-acetyloxyoctanoate? Выберите все подходящие из [алкогольный; альдегидный; луковый; миндальный; амбровый; анималистический; анисовый; яблочный; абрикосовый; ароматический; бальзамический; банановый; говяжий; бергамотовый; ягодный; горький; чёрная смородина; бренди; горелый; сливочный; капустный; камфорный; карамельный; кедровый; сельдерейный; ромашковый; сырный; вишнёвый; шоколадный; корица; цитрусовый; чистый; гвоздичный; какао; кокосовый; кофейный; коньячный; варёный; охлаждающий; корковый; кумариновый; кремовый; огуречный; молочный; сухой; землистый; эфирный; жирный; ферментированный; рыбный; цветочный; свежий; фруктовая кожура; фруктовый; чесночный; газовый; гераниевый; виноградный; грейпфрутовый; травянистый; зелёный; боярышник; сеновой; фундуковый; травяной; медовый; гиацинтовый; жасминовый; сочный; кетоновый; лактонный; лавандовый; листовой; кожаный; лимонный; лилейный; солодовый; мясной; лекарственный; дынный; металлический; молочный; мятный; ландышевый; грибной; мускусный; затхлый; натуральный; ореховый; без запаха; маслянистый; луковый; апельсиновый; апельсиновый цвет; ирисовый корень; озоновый; персиковый; грушевый; фенольный; сосновый; ананасовый; сливовый; попкорн; картофельный; пудровый; резкий; редисочный; малиновый; спелый; обжаренный; розовый; ромовый; сандаловый; пикантный; резкий; дымный; мыльный; растворитель; кислый; пряный; клубничный; сернистый; потный; сладкий; чайный; терпеновый; табачный; томатный; тропический; ванильный; овощной; ветиверовый; фиалковый; тёплый; восковой; сорняковый; винный; древесный; ]. Не пишите никаких комментариев.,тропический;винный;фруктовый;маслянистый;,,фруктовый; винный,[фруктовый; ананасовый; банановый; винный; эфирный; сладкий; жирный; маслянистый; тропический],682,679,6836,2305,3255,1077
34,Piperonal propyleneglycol acetal,CC1COC(c2ccc3c(c2)OCO3)O1,,,алкогольный; альдегидный; луковый; миндальный; амбровый; анималистический; анисовый; яблочный; абрикосовый; ароматический; бальзамический; банановый; говяжий; бергамотовый; ягодный; горький; чёрная смородина; бренди; горелый; сливочный; капустный; камфорный; карамельный; кедровый; сельдерейный; ромашковый; сырный; вишнёвый; шоколадный; корица; цитрусовый; чистый; гвоздичный; какао; кокосовый; кофейный; коньячный; варёный; охлаждающий; корковый; кумариновый; кремовый; огуречный; молочный; сухой; землистый; эфирный; жирный; ферментированный; рыбный; цветочный; свежий; фруктовая кожура; фруктовый; чесночный; газовый; гераниевый; виноградный; грейпфрутовый; травянистый; зелёный; боярышник; сеновой; фундуковый; травяной; медовый; гиацинтовый; жасминовый; сочный; кетоновый; лактонный; лавандовый; листовой; кожаный; лимонный; лилейный; солодовый; мясной; лекарственный; дынный; металлический; молочный; мятный; ландышевый; грибной; мускусный; затхлый; натуральный; ореховый; без запаха; маслянистый; луковый; апельсиновый; апельсиновый цвет; ирисовый корень; озоновый; персиковый; грушевый; фенольный; сосновый; ананасовый; сливовый; попкорн; картофельный; пудровый; резкий; редисочный; малиновый; спелый; обжаренный; розовый; ромовый; сандаловый; пикантный; резкий; дымный; мыльный; растворитель; кислый; пряный; клубничный; сернистый; потный; сладкий; чайный; терпеновый; табачный; томатный; тропический; ванильный; овощной; ветиверовый; фиалковый; тёплый; восковой; сорняковый; винный; древесный; ,rata,Какие из следующих описаний запаха относятся к молекуле CC1COC(c2ccc3c(c2)OCO3)O1? Выберите все подходящие из [алкогольный; альдегидный; луковый; миндальный; амбровый; анималистический; анисовый; яблочный; абрикосовый; ароматический; бальзамический; банановый; говяжий; бергамотовый; ягодный; горький; чёрная смородина; бренди; горелый; сливочный; капустный; камфорный; карамельный; кедровый; сельдерейный; ромашковый; сырный; вишнёвый; шоколадный; корица; цитрусовый; чистый; гвоздичный; какао; кокосовый; кофейный; коньячный; варёный; охлаждающий; корковый; кумариновый; кремовый; огуречный; молочный; сухой; землистый; эфирный; жирный; ферментированный; рыбный; цветочный; свежий; фруктовая кожура; фруктовый; чесночный; газовый; гераниевый; виноградный; грейпфрутовый; травянистый; зелёный; боярышник; сеновой; фундуковый; травяной; медовый; гиацинтовый; жасминовый; сочный; кетоновый; лактонный; лавандовый; листовой; кожаный; лимонный; лилейный; солодовый; мясной; лекарственный; дынный; металлический; молочный; мятный; ландышевый; грибной; мускусный; затхлый; натуральный; ореховый; без запаха; маслянистый; луковый; апельсиновый; апельсиновый цвет; ирисовый корень; озоновый; персиковый; грушевый; фенольный; сосновый; ананасовый; сливовый; попкорн; картофельный; пудровый; резкий; редисочный; малиновый; спелый; обжаренный; розовый; ромовый; сандаловый; пикантный; резкий; дымный; мыльный; растворитель; кислый; пряный; клубничный; сернистый; потный; сладкий; чайный; терпеновый; табачный; томатный; тропический; ванильный; овощной; ветиверовый; фиалковый; тёплый; восковой; сорняковый; винный; древесный; ]. Не пишите никаких комментариев.,Какие из следующих описаний запаха относятся к молекуле Piperonal propyleneglycol acetal? Выберите все подходящие из [алкогольный; альдегидный; луковый; миндальный; амбровый; анималистический; анисовый; яблочный; абрикосовый; ароматический; бальзамический; банановый; говяжий; бергамотовый; ягодный; горький; чёрная смородина; бренди; горелый; сливочный; капустный; камфорный; карамельный; кедровый; сельдерейный; ромашковый; сырный; вишнёвый; шоколадный; корица; цитрусовый; чистый; гвоздичный; какао; кокосовый; кофейный; коньячный; варёный; охлаждающий; корковый; кумариновый; кремовый; огуречный; молочный; сухой; землистый; эфирный; жирный; ферментированный; рыбный; цветочный; свежий; фруктовая кожура; фруктовый; чесночный; газовый; гераниевый; виноградный; грейпфрутовый; травянистый; зелёный; боярышник; сеновой; фундуковый; травяной; медовый; гиацинтовый; жасминовый; сочный; кетоновый; лактонный; лавандовый; листовой; кожаный; лимонный; лилейный; солодовый; мясной; лекарственный; дынный; металлический; молочный; мятный; ландышевый; грибной; мускусный; затхлый; натуральный; ореховый; без запаха; маслянистый; луковый; апельсиновый; апельсиновый цвет; ирисовый корень; озоновый; персиковый; грушевый; фенольный; сосновый; ананасовый; сливовый; попкорн; картофельный; пудровый; резкий; редисочный; малиновый; спелый; обжаренный; розовый; ромовый; сандаловый; пикантный; резкий; дымный; мыльный; растворитель; кислый; пряный; клубничный; сернистый; потный; сладкий; чайный; терпеновый; табачный; томатный; тропический; ванильный; овощной; ветиверовый; фиалковый; тёплый; восковой; сорняковый; винный; древесный; ]. Не пишите никаких комментариев.,цветочный;ароматический;сладкий;,,анисовый; сладкий; пряный; травянистый; зелёный,миндальный; ванильный; сладкий; цветочный; вишнёвый; фруктовый; ореховый,685,678,7394,2506,3386,1062
35,,CCCOC(CC)OC(C)CCC,,,алкогольный; альдегидный; луковый; миндальный; амбровый; анималистический; анисовый; яблочный; абрикосовый; ароматический; бальзамический; банановый; говяжий; бергамотовый; ягодный; горький; чёрная смородина; бренди; горелый; сливочный; капустный; камфорный; карамельный; кедровый; сельдерейный; ромашковый; сырный; вишнёвый; шоколадный; корица; цитрусовый; чистый; гвоздичный; какао; кокосовый; кофейный; коньячный; варёный; охлаждающий; корковый; кумариновый; кремовый; огуречный; молочный; сухой; землистый; эфирный; жирный; ферментированный; рыбный; цветочный; свежий; фруктовая кожура; фруктовый; чесночный; газовый; гераниевый; виноградный; грейпфрутовый; травянистый; зелёный; боярышник; сеновой; фундуковый; травяной; медовый; гиацинтовый; жасминовый; сочный; кетоновый; лактонный; лавандовый; листовой; кожаный; лимонный; лилейный; солодовый; мясной; лекарственный; дынный; металлический; молочный; мятный; ландышевый; грибной; мускусный; затхлый; натуральный; ореховый; без запаха; маслянистый; луковый; апельсиновый; апельсиновый цвет; ирисовый корень; озоновый; персиковый; грушевый; фенольный; сосновый; ананасовый; сливовый; попкорн; картофельный; пудровый; резкий; редисочный; малиновый; спелый; обжаренный; розовый; ромовый; сандаловый; пикантный; резкий; дымный; мыльный; растворитель; кислый; пряный; клубничный; сернистый; потный; сладкий; чайный; терпеновый; табачный; томатный; тропический; ванильный; овощной; ветиверовый; фиалковый; тёплый; восковой; сорняковый; винный; древесный; ,rata,Какие из следующих описаний запаха относятся к молекуле CCCOC(CC)OC(C)CCC? Выберите все подходящие из [алкогольный; альдегидный; луковый; миндальный; амбровый; анималистический; анисовый; яблочный; абрикосовый; ароматический; бальзамический; банановый; говяжий; бергамотовый; ягодный; горький; чёрная смородина; бренди; горелый; сливочный; капустный; камфорный; карамельный; кедровый; сельдерейный; ромашковый; сырный; вишнёвый; шоколадный; корица; цитрусовый; чистый; гвоздичный; какао; кокосовый; кофейный; коньячный; варёный; охлаждающий; корковый; кумариновый; кремовый; огуречный; молочный; сухой; землистый; эфирный; жирный; ферментированный; рыбный; цветочный; свежий; фруктовая кожура; фруктовый; чесночный; газовый; гераниевый; виноградный; грейпфрутовый; травянистый; зелёный; боярышник; сеновой; фундуковый; травяной; медовый; гиацинтовый; жасминовый; сочный; кетоновый; лактонный; лавандовый; листовой; кожаный; лимонный; лилейный; солодовый; мясной; лекарственный; дынный; металлический; молочный; мятный; ландышевый; грибной; мускусный; затхлый; натуральный; ореховый; без запаха; маслянистый; луковый; апельсиновый; апельсиновый цвет; ирисовый корень; озоновый; персиковый; грушевый; фенольный; сосновый; ананасовый; сливовый; попкорн; картофельный; пудровый; резкий; редисочный; малиновый; спелый; обжаренный; розовый; ромовый; сандаловый; пикантный; резкий; дымный; мыльный; растворитель; кислый; пряный; клубничный; сернистый; потный; сладкий; чайный; терпеновый; табачный; томатный; тропический; ванильный; овощной; ветиверовый; фиалковый; тёплый; восковой; сорняковый; винный; древесный; ]. Не пишите никаких комментариев.,Какие из следующих описаний запаха относятся к молекуле this compound? Выберите все подходящие из [алкогольный; альдегидный; луковый; миндальный; амбровый; анималистический; анисовый; яблочный; абрикосовый; ароматический; бальзамический; банановый; говяжий; бергамотовый; ягодный; горький; чёрная смородина; бренди; горелый; сливочный; капустный; камфорный; карамельный; кедровый; сельдерейный; ромашковый; сырный; вишнёвый; шоколадный; корица; цитрусовый; чистый; гвоздичный; какао; кокосовый; кофейный; коньячный; варёный; охлаждающий; корковый; кумариновый; кремовый; огуречный; молочный; сухой; землистый; эфирный; жирный; ферментированный; рыбный; цветочный; свежий; фруктовая кожура; фруктовый; чесночный; газовый; гераниевый; виноградный; грейпфрутовый; травянистый; зелёный; боярышник; сеновой; фундуковый; травяной; медовый; гиацинтовый; жасминовый; сочный; кетоновый; лактонный; лавандовый; листовой; кожаный; лимонный; лилейный; солодовый; мясной; лекарственный; дынный; металлический; молочный; мятный; ландышевый; грибной; мускусный; затхлый; натуральный; ореховый; без запаха; маслянистый; луковый; апельсиновый; апельсиновый цвет; ирисовый корень; озоновый; персиковый; грушевый; фенольный; сосновый; ананасовый; сливовый; попкорн; картофельный; пудровый; резкий; редисочный; малиновый; спелый; обжаренный; розовый; ромовый; сандаловый; пикантный; резкий; дымный; мыльный; растворитель; кислый; пряный; клубничный; сернистый; потный; сладкий; чайный; терпеновый; табачный; томатный; тропический; ванильный; овощной; ветиверовый; фиалковый; тёплый; восковой; сорняковый; винный; древесный; ]. Не пишите никаких комментариев.,зелёный;коньячный;эфирный;алкогольный;,,[эфирный; фруктовый; грушевый; банановый],[],679,671,7439,623,3941,423
36,Propylamine,CCCN,,,алкогольный; альдегидный; луковый; миндальный; амбровый; анималистический; анисовый; яблочный; абрикосовый; ароматический; бальзамический; банановый; говяжий; бергамотовый; ягодный; горький; чёрная смородина; бренди; горелый; сливочный; капустный; камфорный; карамельный; кедровый; сельдерейный; ромашковый; сырный; вишнёвый; шоколадный; корица; цитрусовый; чистый; гвоздичный; какао; кокосовый; кофейный; коньячный; варёный; охлаждающий; корковый; кумариновый; кремовый; огуречный; молочный; сухой; землистый; эфирный; жирный; ферментированный; рыбный; цветочный; свежий; фруктовая кожура; фруктовый; чесночный; газовый; гераниевый; виноградный; грейпфрутовый; травянистый; зелёный; боярышник; сеновой; фундуковый; травяной; медовый; гиацинтовый; жасминовый; сочный; кетоновый; лактонный; лавандовый; листовой; кожаный; лимонный; лилейный; солодовый; мясной; лекарственный; дынный; металлический; молочный; мятный; ландышевый; грибной; мускусный; затхлый; натуральный; ореховый; без запаха; маслянистый; луковый; апельсиновый; апельсиновый цвет; ирисовый корень; озоновый; персиковый; грушевый; фенольный; сосновый; ананасовый; сливовый; попкорн; картофельный; пудровый; резкий; редисочный; малиновый; спелый; обжаренный; розовый; ромовый; сандаловый; пикантный; резкий; дымный; мыльный; растворитель; кислый; пряный; клубничный; сернистый; потный; сладкий; чайный; терпеновый; табачный; томатный; тропический; ванильный; овощной; ветиверовый; фиалковый; тёплый; восковой; сорняковый; винный; древесный; ,rata,Какие из следующих описаний запаха относятся к молекуле CCCN? Выберите все подходящие из [алкогольный; альдегидный; луковый; миндальный; амбровый; анималистический; анисовый; яблочный; абрикосовый; ароматический; бальзамический; банановый; говяжий; бергамотовый; ягодный; горький; чёрная смородина; бренди; горелый; сливочный; капустный; камфорный; карамельный; кедровый; сельдерейный; ромашковый; сырный; вишнёвый; шоколадный; корица; цитрусовый; чистый; гвоздичный; какао; кокосовый; кофейный; коньячный; варёный; охлаждающий; корковый; кумариновый; кремовый; огуречный; молочный; сухой; землистый; эфирный; жирный; ферментированный; рыбный; цветочный; свежий; фруктовая кожура; фруктовый; чесночный; газовый; гераниевый; виноградный; грейпфрутовый; травянистый; зелёный; боярышник; сеновой; фундуковый; травяной; медовый; гиацинтовый; жасминовый; сочный; кетоновый; лактонный; лавандовый; листовой; кожаный; лимонный; лилейный; солодовый; мясной; лекарственный; дынный; металлический; молочный; мятный; ландышевый; грибной; мускусный; затхлый; натуральный; ореховый; без запаха; маслянистый; луковый; апельсиновый; апельсиновый цвет; ирисовый корень; озоновый; персиковый; грушевый; фенольный; сосновый; ананасовый; сливовый; попкорн; картофельный; пудровый; резкий; редисочный; малиновый; спелый; обжаренный; розовый; ромовый; сандаловый; пикантный; резкий; дымный; мыльный; растворитель; кислый; пряный; клубничный; сернистый; потный; сладкий; чайный; терпеновый; табачный; томатный; тропический; ванильный; овощной; ветиверовый; фиалковый; тёплый; восковой; сорняковый; винный; древесный; ]. Не пишите никаких комментариев.,Какие из следующих описаний запаха относятся к молекуле Propylamine? Выберите все подходящие из [алкогольный; альдегидный; луковый; миндальный; амбровый; анималистический; анисовый; яблочный; абрикосовый; ароматический; бальзамический; банановый; говяжий; бергамотовый; ягодный; горький; чёрная смородина; бренди; горелый; сливочный; капустный; камфорный; карамельный; кедровый; сельдерейный; ромашковый; сырный; вишнёвый; шоколадный; корица; цитрусовый; чистый; гвоздичный; какао; кокосовый; кофейный; коньячный; варёный; охлаждающий; корковый; кумариновый; кремовый; огуречный; молочный; сухой; землистый; эфирный; жирный; ферментированный; рыбный; цветочный; свежий; фруктовая кожура; фруктовый; чесночный; газовый; гераниевый; виноградный; грейпфрутовый; травянистый; зелёный; боярышник; сеновой; фундуковый; травяной; медовый; гиацинтовый; жасминовый; сочный; кетоновый; лактонный; лавандовый; листовой; кожаный; лимонный; лилейный; солодовый; мясной; лекарственный; дынный; металлический; молочный; мятный; ландышевый; грибной; мускусный; затхлый; натуральный; ореховый; без запаха; маслянистый; луковый; апельсиновый; апельсиновый цвет; ирисовый корень; озоновый; персиковый; грушевый; фенольный; сосновый; ананасовый; сливовый; попкорн; картофельный; пудровый; резкий; редисочный; малиновый; спелый; обжаренный; розовый; ромовый; сандаловый; пикантный; резкий; дымный; мыльный; растворитель; кислый; пряный; клубничный; сернистый; потный; сладкий; чайный; терпеновый; табачный; томатный; тропический; ванильный; овощной; ветиверовый; фиалковый; тёплый; восковой; сорняковый; винный; древесный; ]. Не пишите никаких комментариев.,сырный;рыбный;,,"[горький]
[миндальный]
[резкий]","рыбный
резкий",671,672,215,2067,110,1092
37,Diethyl Oxalate,CCOC(=O)C(=O)OCC,,,алкогольный; альдегидный; луковый; миндальный; амбровый; анималистический; анисовый; яблочный; абрикосовый; ароматический; бальзамический; банановый; говяжий; бергамотовый; ягодный; горький; чёрная смородина; бренди; горелый; сливочный; капустный; камфорный; карамельный; кедровый; сельдерейный; ромашковый; сырный; вишнёвый; шоколадный; корица; цитрусовый; чистый; гвоздичный; какао; кокосовый; кофейный; коньячный; варёный; охлаждающий; корковый; кумариновый; кремовый; огуречный; молочный; сухой; землистый; эфирный; жирный; ферментированный; рыбный; цветочный; свежий; фруктовая кожура; фруктовый; чесночный; газовый; гераниевый; виноградный; грейпфрутовый; травянистый; зелёный; боярышник; сеновой; фундуковый; травяной; медовый; гиацинтовый; жасминовый; сочный; кетоновый; лактонный; лавандовый; листовой; кожаный; лимонный; лилейный; солодовый; мясной; лекарственный; дынный; металлический; молочный; мятный; ландышевый; грибной; мускусный; затхлый; натуральный; ореховый; без запаха; маслянистый; луковый; апельсиновый; апельсиновый цвет; ирисовый корень; озоновый; персиковый; грушевый; фенольный; сосновый; ананасовый; сливовый; попкорн; картофельный; пудровый; резкий; редисочный; малиновый; спелый; обжаренный; розовый; ромовый; сандаловый; пикантный; резкий; дымный; мыльный; растворитель; кислый; пряный; клубничный; сернистый; потный; сладкий; чайный; терпеновый; табачный; томатный; тропический; ванильный; овощной; ветиверовый; фиалковый; тёплый; восковой; сорняковый; винный; древесный; ,rata,Какие из следующих описаний запаха относятся к молекуле CCOC(=O)C(=O)OCC? Выберите все подходящие из [алкогольный; альдегидный; луковый; миндальный; амбровый; анималистический; анисовый; яблочный; абрикосовый; ароматический; бальзамический; банановый; говяжий; бергамотовый; ягодный; горький; чёрная смородина; бренди; горелый; сливочный; капустный; камфорный; карамельный; кедровый; сельдерейный; ромашковый; сырный; вишнёвый; шоколадный; корица; цитрусовый; чистый; гвоздичный; какао; кокосовый; кофейный; коньячный; варёный; охлаждающий; корковый; кумариновый; кремовый; огуречный; молочный; сухой; землистый; эфирный; жирный; ферментированный; рыбный; цветочный; свежий; фруктовая кожура; фруктовый; чесночный; газовый; гераниевый; виноградный; грейпфрутовый; травянистый; зелёный; боярышник; сеновой; фундуковый; травяной; медовый; гиацинтовый; жасминовый; сочный; кетоновый; лактонный; лавандовый; листовой; кожаный; лимонный; лилейный; солодовый; мясной; лекарственный; дынный; металлический; молочный; мятный; ландышевый; грибной; мускусный; затхлый; натуральный; ореховый; без запаха; маслянистый; луковый; апельсиновый; апельсиновый цвет; ирисовый корень; озоновый; персиковый; грушевый; фенольный; сосновый; ананасовый; сливовый; попкорн; картофельный; пудровый; резкий; редисочный; малиновый; спелый; обжаренный; розовый; ромовый; сандаловый; пикантный; резкий; дымный; мыльный; растворитель; кислый; пряный; клубничный; сернистый; потный; сладкий; чайный; терпеновый; табачный; томатный; тропический; ванильный; овощной; ветиверовый; фиалковый; тёплый; восковой; сорняковый; винный; древесный; ]. Не пишите никаких комментариев.,Какие из следующих описаний запаха относятся к молекуле Diethyl Oxalate? Выберите все подходящие из [алкогольный; альдегидный; луковый; миндальный; амбровый; анималистический; анисовый; яблочный; абрикосовый; ароматический; бальзамический; банановый; говяжий; бергамотовый; ягодный; горький; чёрная смородина; бренди; горелый; сливочный; капустный; камфорный; карамельный; кедровый; сельдерейный; ромашковый; сырный; вишнёвый; шоколадный; корица; цитрусовый; чистый; гвоздичный; какао; кокосовый; кофейный; коньячный; варёный; охлаждающий; корковый; кумариновый; кремовый; огуречный; молочный; сухой; землистый; эфирный; жирный; ферментированный; рыбный; цветочный; свежий; фруктовая кожура; фруктовый; чесночный; газовый; гераниевый; виноградный; грейпфрутовый; травянистый; зелёный; боярышник; сеновой; фундуковый; травяной; медовый; гиацинтовый; жасминовый; сочный; кетоновый; лактонный; лавандовый; листовой; кожаный; лимонный; лилейный; солодовый; мясной; лекарственный; дынный; металлический; молочный; мятный; ландышевый; грибной; мускусный; затхлый; натуральный; ореховый; без запаха; маслянистый; луковый; апельсиновый; апельсиновый цвет; ирисовый корень; озоновый; персиковый; грушевый; фенольный; сосновый; ананасовый; сливовый; попкорн; картофельный; пудровый; резкий; редисочный; малиновый; спелый; обжаренный; розовый; ромовый; сандаловый; пикантный; резкий; дымный; мыльный; растворитель; кислый; пряный; клубничный; сернистый; потный; сладкий; чайный; терпеновый; табачный; томатный; тропический; ванильный; овощной; ветиверовый; фиалковый; тёплый; восковой; сорняковый; винный; древесный; ]. Не пишите никаких комментариев.,мускусный;фруктовый;ферментированный;травяной;винный;,,"виноградный
фруктовый
ромовый","виноградный
винный
фруктовый",679,673,1751,1455,938,787
38,"Spiro(bicyclo(2.2.1)heptane-2,5'-(1,3)dioxane), 2'-methyl-",CC1OCC2(CO1)CC1CCC2C1,,,алкогольный; альдегидный; луковый; миндальный; амбровый; анималистический; анисовый; яблочный; абрикосовый; ароматический; бальзамический; банановый; говяжий; бергамотовый; ягодный; горький; чёрная смородина; бренди; горелый; сливочный; капустный; камфорный; карамельный; кедровый; сельдерейный; ромашковый; сырный; вишнёвый; шоколадный; корица; цитрусовый; чистый; гвоздичный; какао; кокосовый; кофейный; коньячный; варёный; охлаждающий; корковый; кумариновый; кремовый; огуречный; молочный; сухой; землистый; эфирный; жирный; ферментированный; рыбный; цветочный; свежий; фруктовая кожура; фруктовый; чесночный; газовый; гераниевый; виноградный; грейпфрутовый; травянистый; зелёный; боярышник; сеновой; фундуковый; травяной; медовый; гиацинтовый; жасминовый; сочный; кетоновый; лактонный; лавандовый; листовой; кожаный; лимонный; лилейный; солодовый; мясной; лекарственный; дынный; металлический; молочный; мятный; ландышевый; грибной; мускусный; затхлый; натуральный; ореховый; без запаха; маслянистый; луковый; апельсиновый; апельсиновый цвет; ирисовый корень; озоновый; персиковый; грушевый; фенольный; сосновый; ананасовый; сливовый; попкорн; картофельный; пудровый; резкий; редисочный; малиновый; спелый; обжаренный; розовый; ромовый; сандаловый; пикантный; резкий; дымный; мыльный; растворитель; кислый; пряный; клубничный; сернистый; потный; сладкий; чайный; терпеновый; табачный; томатный; тропический; ванильный; овощной; ветиверовый; фиалковый; тёплый; восковой; сорняковый; винный; древесный; ,rata,Какие из следующих описаний запаха относятся к молекуле CC1OCC2(CO1)CC1CCC2C1? Выберите все подходящие из [алкогольный; альдегидный; луковый; миндальный; амбровый; анималистический; анисовый; яблочный; абрикосовый; ароматический; бальзамический; банановый; говяжий; бергамотовый; ягодный; горький; чёрная смородина; бренди; горелый; сливочный; капустный; камфорный; карамельный; кедровый; сельдерейный; ромашковый; сырный; вишнёвый; шоколадный; корица; цитрусовый; чистый; гвоздичный; какао; кокосовый; кофейный; коньячный; варёный; охлаждающий; корковый; кумариновый; кремовый; огуречный; молочный; сухой; землистый; эфирный; жирный; ферментированный; рыбный; цветочный; свежий; фруктовая кожура; фруктовый; чесночный; газовый; гераниевый; виноградный; грейпфрутовый; травянистый; зелёный; боярышник; сеновой; фундуковый; травяной; медовый; гиацинтовый; жасминовый; сочный; кетоновый; лактонный; лавандовый; листовой; кожаный; лимонный; лилейный; солодовый; мясной; лекарственный; дынный; металлический; молочный; мятный; ландышевый; грибной; мускусный; затхлый; натуральный; ореховый; без запаха; маслянистый; луковый; апельсиновый; апельсиновый цвет; ирисовый корень; озоновый; персиковый; грушевый; фенольный; сосновый; ананасовый; сливовый; попкорн; картофельный; пудровый; резкий; редисочный; малиновый; спелый; обжаренный; розовый; ромовый; сандаловый; пикантный; резкий; дымный; мыльный; растворитель; кислый; пряный; клубничный; сернистый; потный; сладкий; чайный; терпеновый; табачный; томатный; тропический; ванильный; овощной; ветиверовый; фиалковый; тёплый; восковой; сорняковый; винный; древесный; ]. Не пишите никаких комментариев.,"Какие из следующих описаний запаха относятся к молекуле Spiro(bicyclo(2.2.1)heptane-2,5'-(1,3)dioxane), 2'-methyl-? Выберите все подходящие из [алкогольный; альдегидный; луковый; миндальный; амбровый; анималистический; анисовый; яблочный; абрикосовый; ароматический; бальзамический; банановый; говяжий; бергамотовый; ягодный; горький; чёрная смородина; бренди; горелый; сливочный; капустный; камфорный; карамельный; кедровый; сельдерейный; ромашковый; сырный; вишнёвый; шоколадный; корица; цитрусовый; чистый; гвоздичный; какао; кокосовый; кофейный; коньячный; варёный; охлаждающий; корковый; кумариновый; кремовый; огуречный; молочный; сухой; землистый; эфирный; жирный; ферментированный; рыбный; цветочный; свежий; фруктовая кожура; фруктовый; чесночный; газовый; гераниевый; виноградный; грейпфрутовый; травянистый; зелёный; боярышник; сеновой; фундуковый; травяной; медовый; гиацинтовый; жасминовый; сочный; кетоновый; лактонный; лавандовый; листовой; кожаный; лимонный; лилейный; солодовый; мясной; лекарственный; дынный; металлический; молочный; мятный; ландышевый; грибной; мускусный; затхлый; натуральный; ореховый; без запаха; маслянистый; луковый; апельсиновый; апельсиновый цвет; ирисовый корень; озоновый; персиковый; грушевый; фенольный; сосновый; ананасовый; сливовый; попкорн; картофельный; пудровый; резкий; редисочный; малиновый; спелый; обжаренный; розовый; ромовый; сандаловый; пикантный; резкий; дымный; мыльный; растворитель; кислый; пряный; клубничный; сернистый; потный; сладкий; чайный; терпеновый; табачный; томатный; тропический; ванильный; овощной; ветиверовый; фиалковый; тёплый; восковой; сорняковый; винный; древесный; ]. Не пишите никаких комментариев.",сельдерейный;фруктовый;зелёный;,,"амбровый
древесный","эфирный
зелёный
травянистый
древесный
терпеновый",684,702,17681,4563,10198,2377
39,2-Hydroxy-2-phenylethyl n-butyrate,CCCC(=O)OCC(O)c1ccccc1,,,алкогольный; альдегидный; луковый; миндальный; амбровый; анималистический; анисовый; яблочный; абрикосовый; ароматический; бальзамический; банановый; говяжий; бергамотовый; ягодный; горький; чёрная смородина; бренди; горелый; сливочный; капустный; камфорный; карамельный; кедровый; сельдерейный; ромашковый; сырный; вишнёвый; шоколадный; корица; цитрусовый; чистый; гвоздичный; какао; кокосовый; кофейный; коньячный; варёный; охлаждающий; корковый; кумариновый; кремовый; огуречный; молочный; сухой; землистый; эфирный; жирный; ферментированный; рыбный; цветочный; свежий; фруктовая кожура; фруктовый; чесночный; газовый; гераниевый; виноградный; грейпфрутовый; травянистый; зелёный; боярышник; сеновой; фундуковый; травяной; медовый; гиацинтовый; жасминовый; сочный; кетоновый; лактонный; лавандовый; листовой; кожаный; лимонный; лилейный; солодовый; мясной; лекарственный; дынный; металлический; молочный; мятный; ландышевый; грибной; мускусный; затхлый; натуральный; ореховый; без запаха; маслянистый; луковый; апельсиновый; апельсиновый цвет; ирисовый корень; озоновый; персиковый; грушевый; фенольный; сосновый; ананасовый; сливовый; попкорн; картофельный; пудровый; резкий; редисочный; малиновый; спелый; обжаренный; розовый; ромовый; сандаловый; пикантный; резкий; дымный; мыльный; растворитель; кислый; пряный; клубничный; сернистый; потный; сладкий; чайный; терпеновый; табачный; томатный; тропический; ванильный; овощной; ветиверовый; фиалковый; тёплый; восковой; сорняковый; винный; древесный; ,rata,Какие из следующих описаний запаха относятся к молекуле CCCC(=O)OCC(O)c1ccccc1? Выберите все подходящие из [алкогольный; альдегидный; луковый; миндальный; амбровый; анималистический; анисовый; яблочный; абрикосовый; ароматический; бальзамический; банановый; говяжий; бергамотовый; ягодный; горький; чёрная смородина; бренди; горелый; сливочный; капустный; камфорный; карамельный; кедровый; сельдерейный; ромашковый; сырный; вишнёвый; шоколадный; корица; цитрусовый; чистый; гвоздичный; какао; кокосовый; кофейный; коньячный; варёный; охлаждающий; корковый; кумариновый; кремовый; огуречный; молочный; сухой; землистый; эфирный; жирный; ферментированный; рыбный; цветочный; свежий; фруктовая кожура; фруктовый; чесночный; газовый; гераниевый; виноградный; грейпфрутовый; травянистый; зелёный; боярышник; сеновой; фундуковый; травяной; медовый; гиацинтовый; жасминовый; сочный; кетоновый; лактонный; лавандовый; листовой; кожаный; лимонный; лилейный; солодовый; мясной; лекарственный; дынный; металлический; молочный; мятный; ландышевый; грибной; мускусный; затхлый; натуральный; ореховый; без запаха; маслянистый; луковый; апельсиновый; апельсиновый цвет; ирисовый корень; озоновый; персиковый; грушевый; фенольный; сосновый; ананасовый; сливовый; попкорн; картофельный; пудровый; резкий; редисочный; малиновый; спелый; обжаренный; розовый; ромовый; сандаловый; пикантный; резкий; дымный; мыльный; растворитель; кислый; пряный; клубничный; сернистый; потный; сладкий; чайный; терпеновый; табачный; томатный; тропический; ванильный; овощной; ветиверовый; фиалковый; тёплый; восковой; сорняковый; винный; древесный; ]. Не пишите никаких комментариев.,Какие из следующих описаний запаха относятся к молекуле 2-Hydroxy-2-phenylethyl n-butyrate? Выберите все подходящие из [алкогольный; альдегидный; луковый; миндальный; амбровый; анималистический; анисовый; яблочный; абрикосовый; ароматический; бальзамический; банановый; говяжий; бергамотовый; ягодный; горький; чёрная смородина; бренди; горелый; сливочный; капустный; камфорный; карамельный; кедровый; сельдерейный; ромашковый; сырный; вишнёвый; шоколадный; корица; цитрусовый; чистый; гвоздичный; какао; кокосовый; кофейный; коньячный; варёный; охлаждающий; корковый; кумариновый; кремовый; огуречный; молочный; сухой; землистый; эфирный; жирный; ферментированный; рыбный; цветочный; свежий; фруктовая кожура; фруктовый; чесночный; газовый; гераниевый; виноградный; грейпфрутовый; травянистый; зелёный; боярышник; сеновой; фундуковый; травяной; медовый; гиацинтовый; жасминовый; сочный; кетоновый; лактонный; лавандовый; листовой; кожаный; лимонный; лилейный; солодовый; мясной; лекарственный; дынный; металлический; молочный; мятный; ландышевый; грибной; мускусный; затхлый; натуральный; ореховый; без запаха; маслянистый; луковый; апельсиновый; апельсиновый цвет; ирисовый корень; озоновый; персиковый; грушевый; фенольный; сосновый; ананасовый; сливовый; попкорн; картофельный; пудровый; резкий; редисочный; малиновый; спелый; обжаренный; розовый; ромовый; сандаловый; пикантный; резкий; дымный; мыльный; растворитель; кислый; пряный; клубничный; сернистый; потный; сладкий; чайный; терпеновый; табачный; томатный; тропический; ванильный; овощной; ветиверовый; фиалковый; тёплый; восковой; сорняковый; винный; древесный; ]. Не пишите никаких комментариев.,гиацинтовый;фруктовый;,,цветочный; гиацинтовый; ландышевый; розовый; фруктовый; сладкий,[фруктовый; персиковый; сливовый; абрикосовый; цветочный],681,685,6507,438,3101,211
40,Methyl dodec-2-enoate,CCCCCCCCCC=CC(=O)OC,,,алкогольный; альдегидный; луковый; миндальный; амбровый; анималистический; анисовый; яблочный; абрикосовый; ароматический; бальзамический; банановый; говяжий; бергамотовый; ягодный; горький; чёрная смородина; бренди; горелый; сливочный; капустный; камфорный; карамельный; кедровый; сельдерейный; ромашковый; сырный; вишнёвый; шоколадный; корица; цитрусовый; чистый; гвоздичный; какао; кокосовый; кофейный; коньячный; варёный; охлаждающий; корковый; кумариновый; кремовый; огуречный; молочный; сухой; землистый; эфирный; жирный; ферментированный; рыбный; цветочный; свежий; фруктовая кожура; фруктовый; чесночный; газовый; гераниевый; виноградный; грейпфрутовый; травянистый; зелёный; боярышник; сеновой; фундуковый; травяной; медовый; гиацинтовый; жасминовый; сочный; кетоновый; лактонный; лавандовый; листовой; кожаный; лимонный; лилейный; солодовый; мясной; лекарственный; дынный; металлический; молочный; мятный; ландышевый; грибной; мускусный; затхлый; натуральный; ореховый; без запаха; маслянистый; луковый; апельсиновый; апельсиновый цвет; ирисовый корень; озоновый; персиковый; грушевый; фенольный; сосновый; ананасовый; сливовый; попкорн; картофельный; пудровый; резкий; редисочный; малиновый; спелый; обжаренный; розовый; ромовый; сандаловый; пикантный; резкий; дымный; мыльный; растворитель; кислый; пряный; клубничный; сернистый; потный; сладкий; чайный; терпеновый; табачный; томатный; тропический; ванильный; овощной; ветиверовый; фиалковый; тёплый; восковой; сорняковый; винный; древесный; ,rata,Какие из следующих описаний запаха относятся к молекуле CCCCCCCCCC=CC(=O)OC? Выберите все подходящие из [алкогольный; альдегидный; луковый; миндальный; амбровый; анималистический; анисовый; яблочный; абрикосовый; ароматический; бальзамический; банановый; говяжий; бергамотовый; ягодный; горький; чёрная смородина; бренди; горелый; сливочный; капустный; камфорный; карамельный; кедровый; сельдерейный; ромашковый; сырный; вишнёвый; шоколадный; корица; цитрусовый; чистый; гвоздичный; какао; кокосовый; кофейный; коньячный; варёный; охлаждающий; корковый; кумариновый; кремовый; огуречный; молочный; сухой; землистый; эфирный; жирный; ферментированный; рыбный; цветочный; свежий; фруктовая кожура; фруктовый; чесночный; газовый; гераниевый; виноградный; грейпфрутовый; травянистый; зелёный; боярышник; сеновой; фундуковый; травяной; медовый; гиацинтовый; жасминовый; сочный; кетоновый; лактонный; лавандовый; листовой; кожаный; лимонный; лилейный; солодовый; мясной; лекарственный; дынный; металлический; молочный; мятный; ландышевый; грибной; мускусный; затхлый; натуральный; ореховый; без запаха; маслянистый; луковый; апельсиновый; апельсиновый цвет; ирисовый корень; озоновый; персиковый; грушевый; фенольный; сосновый; ананасовый; сливовый; попкорн; картофельный; пудровый; резкий; редисочный; малиновый; спелый; обжаренный; розовый; ромовый; сандаловый; пикантный; резкий; дымный; мыльный; растворитель; кислый; пряный; клубничный; сернистый; потный; сладкий; чайный; терпеновый; табачный; томатный; тропический; ванильный; овощной; ветиверовый; фиалковый; тёплый; восковой; сорняковый; винный; древесный; ]. Не пишите никаких комментариев.,Какие из следующих описаний запаха относятся к молекуле Methyl dodec-2-enoate? Выберите все подходящие из [алкогольный; альдегидный; луковый; миндальный; амбровый; анималистический; анисовый; яблочный; абрикосовый; ароматический; бальзамический; банановый; говяжий; бергамотовый; ягодный; горький; чёрная смородина; бренди; горелый; сливочный; капустный; камфорный; карамельный; кедровый; сельдерейный; ромашковый; сырный; вишнёвый; шоколадный; корица; цитрусовый; чистый; гвоздичный; какао; кокосовый; кофейный; коньячный; варёный; охлаждающий; корковый; кумариновый; кремовый; огуречный; молочный; сухой; землистый; эфирный; жирный; ферментированный; рыбный; цветочный; свежий; фруктовая кожура; фруктовый; чесночный; газовый; гераниевый; виноградный; грейпфрутовый; травянистый; зелёный; боярышник; сеновой; фундуковый; травяной; медовый; гиацинтовый; жасминовый; сочный; кетоновый; лактонный; лавандовый; листовой; кожаный; лимонный; лилейный; солодовый; мясной; лекарственный; дынный; металлический; молочный; мятный; ландышевый; грибной; мускусный; затхлый; натуральный; ореховый; без запаха; маслянистый; луковый; апельсиновый; апельсиновый цвет; ирисовый корень; озоновый; персиковый; грушевый; фенольный; сосновый; ананасовый; сливовый; попкорн; картофельный; пудровый; резкий; редисочный; малиновый; спелый; обжаренный; розовый; ромовый; сандаловый; пикантный; резкий; дымный; мыльный; растворитель; кислый; пряный; клубничный; сернистый; потный; сладкий; чайный; терпеновый; табачный; томатный; тропический; ванильный; овощной; ветиверовый; фиалковый; тёплый; восковой; сорняковый; винный; древесный; ]. Не пишите никаких комментариев.,фруктовый;дынный;жирный;грушевый;зелёный;,,"жирный
фруктовый
зеленый
травянистый
восковой
цитрусовый
мыльный","восковой
цитрусовый
зелёный
жирный
фруктовый
фруктовая кожура
маслянистый
травянистый",679,678,5079,2792,2453,1112
41,"2,5-Dimethyl-bicyclo[3.2.1]oct-2-ene",CC1=CCC2(C)CCC1C2,,,алкогольный; альдегидный; луковый; миндальный; амбровый; анималистический; анисовый; яблочный; абрикосовый; ароматический; бальзамический; банановый; говяжий; бергамотовый; ягодный; горький; чёрная смородина; бренди; горелый; сливочный; капустный; камфорный; карамельный; кедровый; сельдерейный; ромашковый; сырный; вишнёвый; шоколадный; корица; цитрусовый; чистый; гвоздичный; какао; кокосовый; кофейный; коньячный; варёный; охлаждающий; корковый; кумариновый; кремовый; огуречный; молочный; сухой; землистый; эфирный; жирный; ферментированный; рыбный; цветочный; свежий; фруктовая кожура; фруктовый; чесночный; газовый; гераниевый; виноградный; грейпфрутовый; травянистый; зелёный; боярышник; сеновой; фундуковый; травяной; медовый; гиацинтовый; жасминовый; сочный; кетоновый; лактонный; лавандовый; листовой; кожаный; лимонный; лилейный; солодовый; мясной; лекарственный; дынный; металлический; молочный; мятный; ландышевый; грибной; мускусный; затхлый; натуральный; ореховый; без запаха; маслянистый; луковый; апельсиновый; апельсиновый цвет; ирисовый корень; озоновый; персиковый; грушевый; фенольный; сосновый; ананасовый; сливовый; попкорн; картофельный; пудровый; резкий; редисочный; малиновый; спелый; обжаренный; розовый; ромовый; сандаловый; пикантный; резкий; дымный; мыльный; растворитель; кислый; пряный; клубничный; сернистый; потный; сладкий; чайный; терпеновый; табачный; томатный; тропический; ванильный; овощной; ветиверовый; фиалковый; тёплый; восковой; сорняковый; винный; древесный; ,rata,Какие из следующих описаний запаха относятся к молекуле CC1=CCC2(C)CCC1C2? Выберите все подходящие из [алкогольный; альдегидный; луковый; миндальный; амбровый; анималистический; анисовый; яблочный; абрикосовый; ароматический; бальзамический; банановый; говяжий; бергамотовый; ягодный; горький; чёрная смородина; бренди; горелый; сливочный; капустный; камфорный; карамельный; кедровый; сельдерейный; ромашковый; сырный; вишнёвый; шоколадный; корица; цитрусовый; чистый; гвоздичный; какао; кокосовый; кофейный; коньячный; варёный; охлаждающий; корковый; кумариновый; кремовый; огуречный; молочный; сухой; землистый; эфирный; жирный; ферментированный; рыбный; цветочный; свежий; фруктовая кожура; фруктовый; чесночный; газовый; гераниевый; виноградный; грейпфрутовый; травянистый; зелёный; боярышник; сеновой; фундуковый; травяной; медовый; гиацинтовый; жасминовый; сочный; кетоновый; лактонный; лавандовый; листовой; кожаный; лимонный; лилейный; солодовый; мясной; лекарственный; дынный; металлический; молочный; мятный; ландышевый; грибной; мускусный; затхлый; натуральный; ореховый; без запаха; маслянистый; луковый; апельсиновый; апельсиновый цвет; ирисовый корень; озоновый; персиковый; грушевый; фенольный; сосновый; ананасовый; сливовый; попкорн; картофельный; пудровый; резкий; редисочный; малиновый; спелый; обжаренный; розовый; ромовый; сандаловый; пикантный; резкий; дымный; мыльный; растворитель; кислый; пряный; клубничный; сернистый; потный; сладкий; чайный; терпеновый; табачный; томатный; тропический; ванильный; овощной; ветиверовый; фиалковый; тёплый; восковой; сорняковый; винный; древесный; ]. Не пишите никаких комментариев.,"Какие из следующих описаний запаха относятся к молекуле 2,5-Dimethyl-bicyclo[3.2.1]oct-2-ene? Выберите все подходящие из [алкогольный; альдегидный; луковый; миндальный; амбровый; анималистический; анисовый; яблочный; абрикосовый; ароматический; бальзамический; банановый; говяжий; бергамотовый; ягодный; горький; чёрная смородина; бренди; горелый; сливочный; капустный; камфорный; карамельный; кедровый; сельдерейный; ромашковый; сырный; вишнёвый; шоколадный; корица; цитрусовый; чистый; гвоздичный; какао; кокосовый; кофейный; коньячный; варёный; охлаждающий; корковый; кумариновый; кремовый; огуречный; молочный; сухой; землистый; эфирный; жирный; ферментированный; рыбный; цветочный; свежий; фруктовая кожура; фруктовый; чесночный; газовый; гераниевый; виноградный; грейпфрутовый; травянистый; зелёный; боярышник; сеновой; фундуковый; травяной; медовый; гиацинтовый; жасминовый; сочный; кетоновый; лактонный; лавандовый; листовой; кожаный; лимонный; лилейный; солодовый; мясной; лекарственный; дынный; металлический; молочный; мятный; ландышевый; грибной; мускусный; затхлый; натуральный; ореховый; без запаха; маслянистый; луковый; апельсиновый; апельсиновый цвет; ирисовый корень; озоновый; персиковый; грушевый; фенольный; сосновый; ананасовый; сливовый; попкорн; картофельный; пудровый; резкий; редисочный; малиновый; спелый; обжаренный; розовый; ромовый; сандаловый; пикантный; резкий; дымный; мыльный; растворитель; кислый; пряный; клубничный; сернистый; потный; сладкий; чайный; терпеновый; табачный; томатный; тропический; ванильный; овощной; ветиверовый; фиалковый; тёплый; восковой; сорняковый; винный; древесный; ]. Не пишите никаких комментариев.",древесный;зелёный;,,"камфорный
терпеновый
древесный","камфорный
сосновый
терпеновый
древесный
кедровый",680,691,327,387,157,180
42,"4,5-Diethyl-2-propyl-1,3-thiazole",CCCc1nc(CC)c(CC)s1,,,алкогольный; альдегидный; луковый; миндальный; амбровый; анималистический; анисовый; яблочный; абрикосовый; ароматический; бальзамический; банановый; говяжий; бергамотовый; ягодный; горький; чёрная смородина; бренди; горелый; сливочный; капустный; камфорный; карамельный; кедровый; сельдерейный; ромашковый; сырный; вишнёвый; шоколадный; корица; цитрусовый; чистый; гвоздичный; какао; кокосовый; кофейный; коньячный; варёный; охлаждающий; корковый; кумариновый; кремовый; огуречный; молочный; сухой; землистый; эфирный; жирный; ферментированный; рыбный; цветочный; свежий; фруктовая кожура; фруктовый; чесночный; газовый; гераниевый; виноградный; грейпфрутовый; травянистый; зелёный; боярышник; сеновой; фундуковый; травяной; медовый; гиацинтовый; жасминовый; сочный; кетоновый; лактонный; лавандовый; листовой; кожаный; лимонный; лилейный; солодовый; мясной; лекарственный; дынный; металлический; молочный; мятный; ландышевый; грибной; мускусный; затхлый; натуральный; ореховый; без запаха; маслянистый; луковый; апельсиновый; апельсиновый цвет; ирисовый корень; озоновый; персиковый; грушевый; фенольный; сосновый; ананасовый; сливовый; попкорн; картофельный; пудровый; резкий; редисочный; малиновый; спелый; обжаренный; розовый; ромовый; сандаловый; пикантный; резкий; дымный; мыльный; растворитель; кислый; пряный; клубничный; сернистый; потный; сладкий; чайный; терпеновый; табачный; томатный; тропический; ванильный; овощной; ветиверовый; фиалковый; тёплый; восковой; сорняковый; винный; древесный; ,rata,Какие из следующих описаний запаха относятся к молекуле CCCc1nc(CC)c(CC)s1? Выберите все подходящие из [алкогольный; альдегидный; луковый; миндальный; амбровый; анималистический; анисовый; яблочный; абрикосовый; ароматический; бальзамический; банановый; говяжий; бергамотовый; ягодный; горький; чёрная смородина; бренди; горелый; сливочный; капустный; камфорный; карамельный; кедровый; сельдерейный; ромашковый; сырный; вишнёвый; шоколадный; корица; цитрусовый; чистый; гвоздичный; какао; кокосовый; кофейный; коньячный; варёный; охлаждающий; корковый; кумариновый; кремовый; огуречный; молочный; сухой; землистый; эфирный; жирный; ферментированный; рыбный; цветочный; свежий; фруктовая кожура; фруктовый; чесночный; газовый; гераниевый; виноградный; грейпфрутовый; травянистый; зелёный; боярышник; сеновой; фундуковый; травяной; медовый; гиацинтовый; жасминовый; сочный; кетоновый; лактонный; лавандовый; листовой; кожаный; лимонный; лилейный; солодовый; мясной; лекарственный; дынный; металлический; молочный; мятный; ландышевый; грибной; мускусный; затхлый; натуральный; ореховый; без запаха; маслянистый; луковый; апельсиновый; апельсиновый цвет; ирисовый корень; озоновый; персиковый; грушевый; фенольный; сосновый; ананасовый; сливовый; попкорн; картофельный; пудровый; резкий; редисочный; малиновый; спелый; обжаренный; розовый; ромовый; сандаловый; пикантный; резкий; дымный; мыльный; растворитель; кислый; пряный; клубничный; сернистый; потный; сладкий; чайный; терпеновый; табачный; томатный; тропический; ванильный; овощной; ветиверовый; фиалковый; тёплый; восковой; сорняковый; винный; древесный; ]. Не пишите никаких комментариев.,"Какие из следующих описаний запаха относятся к молекуле 4,5-Diethyl-2-propyl-1,3-thiazole? Выберите все подходящие из [алкогольный; альдегидный; луковый; миндальный; амбровый; анималистический; анисовый; яблочный; абрикосовый; ароматический; бальзамический; банановый; говяжий; бергамотовый; ягодный; горький; чёрная смородина; бренди; горелый; сливочный; капустный; камфорный; карамельный; кедровый; сельдерейный; ромашковый; сырный; вишнёвый; шоколадный; корица; цитрусовый; чистый; гвоздичный; какао; кокосовый; кофейный; коньячный; варёный; охлаждающий; корковый; кумариновый; кремовый; огуречный; молочный; сухой; землистый; эфирный; жирный; ферментированный; рыбный; цветочный; свежий; фруктовая кожура; фруктовый; чесночный; газовый; гераниевый; виноградный; грейпфрутовый; травянистый; зелёный; боярышник; сеновой; фундуковый; травяной; медовый; гиацинтовый; жасминовый; сочный; кетоновый; лактонный; лавандовый; листовой; кожаный; лимонный; лилейный; солодовый; мясной; лекарственный; дынный; металлический; молочный; мятный; ландышевый; грибной; мускусный; затхлый; натуральный; ореховый; без запаха; маслянистый; луковый; апельсиновый; апельсиновый цвет; ирисовый корень; озоновый; персиковый; грушевый; фенольный; сосновый; ананасовый; сливовый; попкорн; картофельный; пудровый; резкий; редисочный; малиновый; спелый; обжаренный; розовый; ромовый; сандаловый; пикантный; резкий; дымный; мыльный; растворитель; кислый; пряный; клубничный; сернистый; потный; сладкий; чайный; терпеновый; табачный; томатный; тропический; ванильный; овощной; ветиверовый; фиалковый; тёплый; восковой; сорняковый; винный; древесный; ]. Не пишите никаких комментариев.",зелёный;фруктовый;,,ореховый; обжаренный; попкорн; мясной; пикантный,"луковый
капустный
зелёный
травянистый
землистый
ореховый
затхлый
сернистый
овощной",680,687,5294,350,2697,141
43,"3-Cyclopentene-1-acetonitrile, 2,2,3-trimethyl-",CC1=CCC(CC#N)C1(C)C,,,алкогольный; альдегидный; луковый; миндальный; амбровый; анималистический; анисовый; яблочный; абрикосовый; ароматический; бальзамический; банановый; говяжий; бергамотовый; ягодный; горький; чёрная смородина; бренди; горелый; сливочный; капустный; камфорный; карамельный; кедровый; сельдерейный; ромашковый; сырный; вишнёвый; шоколадный; корица; цитрусовый; чистый; гвоздичный; какао; кокосовый; кофейный; коньячный; варёный; охлаждающий; корковый; кумариновый; кремовый; огуречный; молочный; сухой; землистый; эфирный; жирный; ферментированный; рыбный; цветочный; свежий; фруктовая кожура; фруктовый; чесночный; газовый; гераниевый; виноградный; грейпфрутовый; травянистый; зелёный; боярышник; сеновой; фундуковый; травяной; медовый; гиацинтовый; жасминовый; сочный; кетоновый; лактонный; лавандовый; листовой; кожаный; лимонный; лилейный; солодовый; мясной; лекарственный; дынный; металлический; молочный; мятный; ландышевый; грибной; мускусный; затхлый; натуральный; ореховый; без запаха; маслянистый; луковый; апельсиновый; апельсиновый цвет; ирисовый корень; озоновый; персиковый; грушевый; фенольный; сосновый; ананасовый; сливовый; попкорн; картофельный; пудровый; резкий; редисочный; малиновый; спелый; обжаренный; розовый; ромовый; сандаловый; пикантный; резкий; дымный; мыльный; растворитель; кислый; пряный; клубничный; сернистый; потный; сладкий; чайный; терпеновый; табачный; томатный; тропический; ванильный; овощной; ветиверовый; фиалковый; тёплый; восковой; сорняковый; винный; древесный; ,rata,Какие из следующих описаний запаха относятся к молекуле CC1=CCC(CC#N)C1(C)C? Выберите все подходящие из [алкогольный; альдегидный; луковый; миндальный; амбровый; анималистический; анисовый; яблочный; абрикосовый; ароматический; бальзамический; банановый; говяжий; бергамотовый; ягодный; горький; чёрная смородина; бренди; горелый; сливочный; капустный; камфорный; карамельный; кедровый; сельдерейный; ромашковый; сырный; вишнёвый; шоколадный; корица; цитрусовый; чистый; гвоздичный; какао; кокосовый; кофейный; коньячный; варёный; охлаждающий; корковый; кумариновый; кремовый; огуречный; молочный; сухой; землистый; эфирный; жирный; ферментированный; рыбный; цветочный; свежий; фруктовая кожура; фруктовый; чесночный; газовый; гераниевый; виноградный; грейпфрутовый; травянистый; зелёный; боярышник; сеновой; фундуковый; травяной; медовый; гиацинтовый; жасминовый; сочный; кетоновый; лактонный; лавандовый; листовой; кожаный; лимонный; лилейный; солодовый; мясной; лекарственный; дынный; металлический; молочный; мятный; ландышевый; грибной; мускусный; затхлый; натуральный; ореховый; без запаха; маслянистый; луковый; апельсиновый; апельсиновый цвет; ирисовый корень; озоновый; персиковый; грушевый; фенольный; сосновый; ананасовый; сливовый; попкорн; картофельный; пудровый; резкий; редисочный; малиновый; спелый; обжаренный; розовый; ромовый; сандаловый; пикантный; резкий; дымный; мыльный; растворитель; кислый; пряный; клубничный; сернистый; потный; сладкий; чайный; терпеновый; табачный; томатный; тропический; ванильный; овощной; ветиверовый; фиалковый; тёплый; восковой; сорняковый; винный; древесный; ]. Не пишите никаких комментариев.,"Какие из следующих описаний запаха относятся к молекуле 3-Cyclopentene-1-acetonitrile, 2,2,3-trimethyl-? Выберите все подходящие из [алкогольный; альдегидный; луковый; миндальный; амбровый; анималистический; анисовый; яблочный; абрикосовый; ароматический; бальзамический; банановый; говяжий; бергамотовый; ягодный; горький; чёрная смородина; бренди; горелый; сливочный; капустный; камфорный; карамельный; кедровый; сельдерейный; ромашковый; сырный; вишнёвый; шоколадный; корица; цитрусовый; чистый; гвоздичный; какао; кокосовый; кофейный; коньячный; варёный; охлаждающий; корковый; кумариновый; кремовый; огуречный; молочный; сухой; землистый; эфирный; жирный; ферментированный; рыбный; цветочный; свежий; фруктовая кожура; фруктовый; чесночный; газовый; гераниевый; виноградный; грейпфрутовый; травянистый; зелёный; боярышник; сеновой; фундуковый; травяной; медовый; гиацинтовый; жасминовый; сочный; кетоновый; лактонный; лавандовый; листовой; кожаный; лимонный; лилейный; солодовый; мясной; лекарственный; дынный; металлический; молочный; мятный; ландышевый; грибной; мускусный; затхлый; натуральный; ореховый; без запаха; маслянистый; луковый; апельсиновый; апельсиновый цвет; ирисовый корень; озоновый; персиковый; грушевый; фенольный; сосновый; ананасовый; сливовый; попкорн; картофельный; пудровый; резкий; редисочный; малиновый; спелый; обжаренный; розовый; ромовый; сандаловый; пикантный; резкий; дымный; мыльный; растворитель; кислый; пряный; клубничный; сернистый; потный; сладкий; чайный; терпеновый; табачный; томатный; тропический; ванильный; овощной; ветиверовый; фиалковый; тёплый; восковой; сорняковый; винный; древесный; ]. Не пишите никаких комментариев.",сеновой;сосновый;пряный;,,"миндальный
терпеновый","терпеновый
камфорный
древесный",681,693,17805,2844,9976,1348
44,"3-((2-Isopropyl-5-methylcyclohexyl)oxy)-2-methylpropane-1,2-diol",CC1CCC(C(C)C)C(OCC(C)(O)CO)C1,,,алкогольный; альдегидный; луковый; миндальный; амбровый; анималистический; анисовый; яблочный; абрикосовый; ароматический; бальзамический; банановый; говяжий; бергамотовый; ягодный; горький; чёрная смородина; бренди; горелый; сливочный; капустный; камфорный; карамельный; кедровый; сельдерейный; ромашковый; сырный; вишнёвый; шоколадный; корица; цитрусовый; чистый; гвоздичный; какао; кокосовый; кофейный; коньячный; варёный; охлаждающий; корковый; кумариновый; кремовый; огуречный; молочный; сухой; землистый; эфирный; жирный; ферментированный; рыбный; цветочный; свежий; фруктовая кожура; фруктовый; чесночный; газовый; гераниевый; виноградный; грейпфрутовый; травянистый; зелёный; боярышник; сеновой; фундуковый; травяной; медовый; гиацинтовый; жасминовый; сочный; кетоновый; лактонный; лавандовый; листовой; кожаный; лимонный; лилейный; солодовый; мясной; лекарственный; дынный; металлический; молочный; мятный; ландышевый; грибной; мускусный; затхлый; натуральный; ореховый; без запаха; маслянистый; луковый; апельсиновый; апельсиновый цвет; ирисовый корень; озоновый; персиковый; грушевый; фенольный; сосновый; ананасовый; сливовый; попкорн; картофельный; пудровый; резкий; редисочный; малиновый; спелый; обжаренный; розовый; ромовый; сандаловый; пикантный; резкий; дымный; мыльный; растворитель; кислый; пряный; клубничный; сернистый; потный; сладкий; чайный; терпеновый; табачный; томатный; тропический; ванильный; овощной; ветиверовый; фиалковый; тёплый; восковой; сорняковый; винный; древесный; ,rata,Какие из следующих описаний запаха относятся к молекуле CC1CCC(C(C)C)C(OCC(C)(O)CO)C1? Выберите все подходящие из [алкогольный; альдегидный; луковый; миндальный; амбровый; анималистический; анисовый; яблочный; абрикосовый; ароматический; бальзамический; банановый; говяжий; бергамотовый; ягодный; горький; чёрная смородина; бренди; горелый; сливочный; капустный; камфорный; карамельный; кедровый; сельдерейный; ромашковый; сырный; вишнёвый; шоколадный; корица; цитрусовый; чистый; гвоздичный; какао; кокосовый; кофейный; коньячный; варёный; охлаждающий; корковый; кумариновый; кремовый; огуречный; молочный; сухой; землистый; эфирный; жирный; ферментированный; рыбный; цветочный; свежий; фруктовая кожура; фруктовый; чесночный; газовый; гераниевый; виноградный; грейпфрутовый; травянистый; зелёный; боярышник; сеновой; фундуковый; травяной; медовый; гиацинтовый; жасминовый; сочный; кетоновый; лактонный; лавандовый; листовой; кожаный; лимонный; лилейный; солодовый; мясной; лекарственный; дынный; металлический; молочный; мятный; ландышевый; грибной; мускусный; затхлый; натуральный; ореховый; без запаха; маслянистый; луковый; апельсиновый; апельсиновый цвет; ирисовый корень; озоновый; персиковый; грушевый; фенольный; сосновый; ананасовый; сливовый; попкорн; картофельный; пудровый; резкий; редисочный; малиновый; спелый; обжаренный; розовый; ромовый; сандаловый; пикантный; резкий; дымный; мыльный; растворитель; кислый; пряный; клубничный; сернистый; потный; сладкий; чайный; терпеновый; табачный; томатный; тропический; ванильный; овощной; ветиверовый; фиалковый; тёплый; восковой; сорняковый; винный; древесный; ]. Не пишите никаких комментариев.,"Какие из следующих описаний запаха относятся к молекуле 3-((2-Isopropyl-5-methylcyclohexyl)oxy)-2-methylpropane-1,2-diol? Выберите все подходящие из [алкогольный; альдегидный; луковый; миндальный; амбровый; анималистический; анисовый; яблочный; абрикосовый; ароматический; бальзамический; банановый; говяжий; бергамотовый; ягодный; горький; чёрная смородина; бренди; горелый; сливочный; капустный; камфорный; карамельный; кедровый; сельдерейный; ромашковый; сырный; вишнёвый; шоколадный; корица; цитрусовый; чистый; гвоздичный; какао; кокосовый; кофейный; коньячный; варёный; охлаждающий; корковый; кумариновый; кремовый; огуречный; молочный; сухой; землистый; эфирный; жирный; ферментированный; рыбный; цветочный; свежий; фруктовая кожура; фруктовый; чесночный; газовый; гераниевый; виноградный; грейпфрутовый; травянистый; зелёный; боярышник; сеновой; фундуковый; травяной; медовый; гиацинтовый; жасминовый; сочный; кетоновый; лактонный; лавандовый; листовой; кожаный; лимонный; лилейный; солодовый; мясной; лекарственный; дынный; металлический; молочный; мятный; ландышевый; грибной; мускусный; затхлый; натуральный; ореховый; без запаха; маслянистый; луковый; апельсиновый; апельсиновый цвет; ирисовый корень; озоновый; персиковый; грушевый; фенольный; сосновый; ананасовый; сливовый; попкорн; картофельный; пудровый; резкий; редисочный; малиновый; спелый; обжаренный; розовый; ромовый; сандаловый; пикантный; резкий; дымный; мыльный; растворитель; кислый; пряный; клубничный; сернистый; потный; сладкий; чайный; терпеновый; табачный; томатный; тропический; ванильный; овощной; ветиверовый; фиалковый; тёплый; восковой; сорняковый; винный; древесный; ]. Не пишите никаких комментариев.",мятный;охлаждающий;,,"терпеновый
сосновый
камфорный
древесный","мятный
охлаждающий",685,697,465,3773,196,2016
45,"4-Amino-5-(3-(isopropylamino)-2,2-dimethyl-3-oxopropoxy)-2-methylquinoline-3-carboxylic acid",Cc1nc2cccc(OCC(C)(C)C(=O)NC(C)C)c2c(N)c1C(=O)O,,,алкогольный; альдегидный; луковый; миндальный; амбровый; анималистический; анисовый; яблочный; абрикосовый; ароматический; бальзамический; банановый; говяжий; бергамотовый; ягодный; горький; чёрная смородина; бренди; горелый; сливочный; капустный; камфорный; карамельный; кедровый; сельдерейный; ромашковый; сырный; вишнёвый; шоколадный; корица; цитрусовый; чистый; гвоздичный; какао; кокосовый; кофейный; коньячный; варёный; охлаждающий; корковый; кумариновый; кремовый; огуречный; молочный; сухой; землистый; эфирный; жирный; ферментированный; рыбный; цветочный; свежий; фруктовая кожура; фруктовый; чесночный; газовый; гераниевый; виноградный; грейпфрутовый; травянистый; зелёный; боярышник; сеновой; фундуковый; травяной; медовый; гиацинтовый; жасминовый; сочный; кетоновый; лактонный; лавандовый; листовой; кожаный; лимонный; лилейный; солодовый; мясной; лекарственный; дынный; металлический; молочный; мятный; ландышевый; грибной; мускусный; затхлый; натуральный; ореховый; без запаха; маслянистый; луковый; апельсиновый; апельсиновый цвет; ирисовый корень; озоновый; персиковый; грушевый; фенольный; сосновый; ананасовый; сливовый; попкорн; картофельный; пудровый; резкий; редисочный; малиновый; спелый; обжаренный; розовый; ромовый; сандаловый; пикантный; резкий; дымный; мыльный; растворитель; кислый; пряный; клубничный; сернистый; потный; сладкий; чайный; терпеновый; табачный; томатный; тропический; ванильный; овощной; ветиверовый; фиалковый; тёплый; восковой; сорняковый; винный; древесный; ,rata,Какие из следующих описаний запаха относятся к молекуле Cc1nc2cccc(OCC(C)(C)C(=O)NC(C)C)c2c(N)c1C(=O)O? Выберите все подходящие из [алкогольный; альдегидный; луковый; миндальный; амбровый; анималистический; анисовый; яблочный; абрикосовый; ароматический; бальзамический; банановый; говяжий; бергамотовый; ягодный; горький; чёрная смородина; бренди; горелый; сливочный; капустный; камфорный; карамельный; кедровый; сельдерейный; ромашковый; сырный; вишнёвый; шоколадный; корица; цитрусовый; чистый; гвоздичный; какао; кокосовый; кофейный; коньячный; варёный; охлаждающий; корковый; кумариновый; кремовый; огуречный; молочный; сухой; землистый; эфирный; жирный; ферментированный; рыбный; цветочный; свежий; фруктовая кожура; фруктовый; чесночный; газовый; гераниевый; виноградный; грейпфрутовый; травянистый; зелёный; боярышник; сеновой; фундуковый; травяной; медовый; гиацинтовый; жасминовый; сочный; кетоновый; лактонный; лавандовый; листовой; кожаный; лимонный; лилейный; солодовый; мясной; лекарственный; дынный; металлический; молочный; мятный; ландышевый; грибной; мускусный; затхлый; натуральный; ореховый; без запаха; маслянистый; луковый; апельсиновый; апельсиновый цвет; ирисовый корень; озоновый; персиковый; грушевый; фенольный; сосновый; ананасовый; сливовый; попкорн; картофельный; пудровый; резкий; редисочный; малиновый; спелый; обжаренный; розовый; ромовый; сандаловый; пикантный; резкий; дымный; мыльный; растворитель; кислый; пряный; клубничный; сернистый; потный; сладкий; чайный; терпеновый; табачный; томатный; тропический; ванильный; овощной; ветиверовый; фиалковый; тёплый; восковой; сорняковый; винный; древесный; ]. Не пишите никаких комментариев.,"Какие из следующих описаний запаха относятся к молекуле 4-Amino-5-(3-(isopropylamino)-2,2-dimethyl-3-oxopropoxy)-2-methylquinoline-3-carboxylic acid? Выберите все подходящие из [алкогольный; альдегидный; луковый; миндальный; амбровый; анималистический; анисовый; яблочный; абрикосовый; ароматический; бальзамический; банановый; говяжий; бергамотовый; ягодный; горький; чёрная смородина; бренди; горелый; сливочный; капустный; камфорный; карамельный; кедровый; сельдерейный; ромашковый; сырный; вишнёвый; шоколадный; корица; цитрусовый; чистый; гвоздичный; какао; кокосовый; кофейный; коньячный; варёный; охлаждающий; корковый; кумариновый; кремовый; огуречный; молочный; сухой; землистый; эфирный; жирный; ферментированный; рыбный; цветочный; свежий; фруктовая кожура; фруктовый; чесночный; газовый; гераниевый; виноградный; грейпфрутовый; травянистый; зелёный; боярышник; сеновой; фундуковый; травяной; медовый; гиацинтовый; жасминовый; сочный; кетоновый; лактонный; лавандовый; листовой; кожаный; лимонный; лилейный; солодовый; мясной; лекарственный; дынный; металлический; молочный; мятный; ландышевый; грибной; мускусный; затхлый; натуральный; ореховый; без запаха; маслянистый; луковый; апельсиновый; апельсиновый цвет; ирисовый корень; озоновый; персиковый; грушевый; фенольный; сосновый; ананасовый; сливовый; попкорн; картофельный; пудровый; резкий; редисочный; малиновый; спелый; обжаренный; розовый; ромовый; сандаловый; пикантный; резкий; дымный; мыльный; растворитель; кислый; пряный; клубничный; сернистый; потный; сладкий; чайный; терпеновый; табачный; томатный; тропический; ванильный; овощной; ветиверовый; фиалковый; тёплый; восковой; сорняковый; винный; древесный; ]. Не пишите никаких комментариев.",молочный;молочный;,,анималистический; горький; жирный; рыбный; кожаный; лекарственный; затхлый; резкий; дымный; кислый; потный; табачный,"лекарственный
табачный",697,701,9971,1475,4576,795
46,"2-((3,3,5-Trimethylcyclohexyl)acetyl)cyclopentan-1-one",CC1CC(CC(=O)C2CCCC2=O)CC(C)(C)C1,,,алкогольный; альдегидный; луковый; миндальный; амбровый; анималистический; анисовый; яблочный; абрикосовый; ароматический; бальзамический; банановый; говяжий; бергамотовый; ягодный; горький; чёрная смородина; бренди; горелый; сливочный; капустный; камфорный; карамельный; кедровый; сельдерейный; ромашковый; сырный; вишнёвый; шоколадный; корица; цитрусовый; чистый; гвоздичный; какао; кокосовый; кофейный; коньячный; варёный; охлаждающий; корковый; кумариновый; кремовый; огуречный; молочный; сухой; землистый; эфирный; жирный; ферментированный; рыбный; цветочный; свежий; фруктовая кожура; фруктовый; чесночный; газовый; гераниевый; виноградный; грейпфрутовый; травянистый; зелёный; боярышник; сеновой; фундуковый; травяной; медовый; гиацинтовый; жасминовый; сочный; кетоновый; лактонный; лавандовый; листовой; кожаный; лимонный; лилейный; солодовый; мясной; лекарственный; дынный; металлический; молочный; мятный; ландышевый; грибной; мускусный; затхлый; натуральный; ореховый; без запаха; маслянистый; луковый; апельсиновый; апельсиновый цвет; ирисовый корень; озоновый; персиковый; грушевый; фенольный; сосновый; ананасовый; сливовый; попкорн; картофельный; пудровый; резкий; редисочный; малиновый; спелый; обжаренный; розовый; ромовый; сандаловый; пикантный; резкий; дымный; мыльный; растворитель; кислый; пряный; клубничный; сернистый; потный; сладкий; чайный; терпеновый; табачный; томатный; тропический; ванильный; овощной; ветиверовый; фиалковый; тёплый; восковой; сорняковый; винный; древесный; ,rata,Какие из следующих описаний запаха относятся к молекуле CC1CC(CC(=O)C2CCCC2=O)CC(C)(C)C1? Выберите все подходящие из [алкогольный; альдегидный; луковый; миндальный; амбровый; анималистический; анисовый; яблочный; абрикосовый; ароматический; бальзамический; банановый; говяжий; бергамотовый; ягодный; горький; чёрная смородина; бренди; горелый; сливочный; капустный; камфорный; карамельный; кедровый; сельдерейный; ромашковый; сырный; вишнёвый; шоколадный; корица; цитрусовый; чистый; гвоздичный; какао; кокосовый; кофейный; коньячный; варёный; охлаждающий; корковый; кумариновый; кремовый; огуречный; молочный; сухой; землистый; эфирный; жирный; ферментированный; рыбный; цветочный; свежий; фруктовая кожура; фруктовый; чесночный; газовый; гераниевый; виноградный; грейпфрутовый; травянистый; зелёный; боярышник; сеновой; фундуковый; травяной; медовый; гиацинтовый; жасминовый; сочный; кетоновый; лактонный; лавандовый; листовой; кожаный; лимонный; лилейный; солодовый; мясной; лекарственный; дынный; металлический; молочный; мятный; ландышевый; грибной; мускусный; затхлый; натуральный; ореховый; без запаха; маслянистый; луковый; апельсиновый; апельсиновый цвет; ирисовый корень; озоновый; персиковый; грушевый; фенольный; сосновый; ананасовый; сливовый; попкорн; картофельный; пудровый; резкий; редисочный; малиновый; спелый; обжаренный; розовый; ромовый; сандаловый; пикантный; резкий; дымный; мыльный; растворитель; кислый; пряный; клубничный; сернистый; потный; сладкий; чайный; терпеновый; табачный; томатный; тропический; ванильный; овощной; ветиверовый; фиалковый; тёплый; восковой; сорняковый; винный; древесный; ]. Не пишите никаких комментариев.,"Какие из следующих описаний запаха относятся к молекуле 2-((3,3,5-Trimethylcyclohexyl)acetyl)cyclopentan-1-one? Выберите все подходящие из [алкогольный; альдегидный; луковый; миндальный; амбровый; анималистический; анисовый; яблочный; абрикосовый; ароматический; бальзамический; банановый; говяжий; бергамотовый; ягодный; горький; чёрная смородина; бренди; горелый; сливочный; капустный; камфорный; карамельный; кедровый; сельдерейный; ромашковый; сырный; вишнёвый; шоколадный; корица; цитрусовый; чистый; гвоздичный; какао; кокосовый; кофейный; коньячный; варёный; охлаждающий; корковый; кумариновый; кремовый; огуречный; молочный; сухой; землистый; эфирный; жирный; ферментированный; рыбный; цветочный; свежий; фруктовая кожура; фруктовый; чесночный; газовый; гераниевый; виноградный; грейпфрутовый; травянистый; зелёный; боярышник; сеновой; фундуковый; травяной; медовый; гиацинтовый; жасминовый; сочный; кетоновый; лактонный; лавандовый; листовой; кожаный; лимонный; лилейный; солодовый; мясной; лекарственный; дынный; металлический; молочный; мятный; ландышевый; грибной; мускусный; затхлый; натуральный; ореховый; без запаха; маслянистый; луковый; апельсиновый; апельсиновый цвет; ирисовый корень; озоновый; персиковый; грушевый; фенольный; сосновый; ананасовый; сливовый; попкорн; картофельный; пудровый; резкий; редисочный; малиновый; спелый; обжаренный; розовый; ромовый; сандаловый; пикантный; резкий; дымный; мыльный; растворитель; кислый; пряный; клубничный; сернистый; потный; сладкий; чайный; терпеновый; табачный; томатный; тропический; ванильный; овощной; ветиверовый; фиалковый; тёплый; восковой; сорняковый; винный; древесный; ]. Не пишите никаких комментариев.",анималистический;древесный;ароматический;,,"кетоновый
камфорный
фруктовый
древесный
мускусный","амбровый
анималистический
мускусный
древесный",690,693,243,3009,106,1530
47,Diethyl Malonate,CCOC(=O)CC(=O)OCC,,,алкогольный; альдегидный; луковый; миндальный; амбровый; анималистический; анисовый; яблочный; абрикосовый; ароматический; бальзамический; банановый; говяжий; бергамотовый; ягодный; горький; чёрная смородина; бренди; горелый; сливочный; капустный; камфорный; карамельный; кедровый; сельдерейный; ромашковый; сырный; вишнёвый; шоколадный; корица; цитрусовый; чистый; гвоздичный; какао; кокосовый; кофейный; коньячный; варёный; охлаждающий; корковый; кумариновый; кремовый; огуречный; молочный; сухой; землистый; эфирный; жирный; ферментированный; рыбный; цветочный; свежий; фруктовая кожура; фруктовый; чесночный; газовый; гераниевый; виноградный; грейпфрутовый; травянистый; зелёный; боярышник; сеновой; фундуковый; травяной; медовый; гиацинтовый; жасминовый; сочный; кетоновый; лактонный; лавандовый; листовой; кожаный; лимонный; лилейный; солодовый; мясной; лекарственный; дынный; металлический; молочный; мятный; ландышевый; грибной; мускусный; затхлый; натуральный; ореховый; без запаха; маслянистый; луковый; апельсиновый; апельсиновый цвет; ирисовый корень; озоновый; персиковый; грушевый; фенольный; сосновый; ананасовый; сливовый; попкорн; картофельный; пудровый; резкий; редисочный; малиновый; спелый; обжаренный; розовый; ромовый; сандаловый; пикантный; резкий; дымный; мыльный; растворитель; кислый; пряный; клубничный; сернистый; потный; сладкий; чайный; терпеновый; табачный; томатный; тропический; ванильный; овощной; ветиверовый; фиалковый; тёплый; восковой; сорняковый; винный; древесный; ,rata,Какие из следующих описаний запаха относятся к молекуле CCOC(=O)CC(=O)OCC? Выберите все подходящие из [алкогольный; альдегидный; луковый; миндальный; амбровый; анималистический; анисовый; яблочный; абрикосовый; ароматический; бальзамический; банановый; говяжий; бергамотовый; ягодный; горький; чёрная смородина; бренди; горелый; сливочный; капустный; камфорный; карамельный; кедровый; сельдерейный; ромашковый; сырный; вишнёвый; шоколадный; корица; цитрусовый; чистый; гвоздичный; какао; кокосовый; кофейный; коньячный; варёный; охлаждающий; корковый; кумариновый; кремовый; огуречный; молочный; сухой; землистый; эфирный; жирный; ферментированный; рыбный; цветочный; свежий; фруктовая кожура; фруктовый; чесночный; газовый; гераниевый; виноградный; грейпфрутовый; травянистый; зелёный; боярышник; сеновой; фундуковый; травяной; медовый; гиацинтовый; жасминовый; сочный; кетоновый; лактонный; лавандовый; листовой; кожаный; лимонный; лилейный; солодовый; мясной; лекарственный; дынный; металлический; молочный; мятный; ландышевый; грибной; мускусный; затхлый; натуральный; ореховый; без запаха; маслянистый; луковый; апельсиновый; апельсиновый цвет; ирисовый корень; озоновый; персиковый; грушевый; фенольный; сосновый; ананасовый; сливовый; попкорн; картофельный; пудровый; резкий; редисочный; малиновый; спелый; обжаренный; розовый; ромовый; сандаловый; пикантный; резкий; дымный; мыльный; растворитель; кислый; пряный; клубничный; сернистый; потный; сладкий; чайный; терпеновый; табачный; томатный; тропический; ванильный; овощной; ветиверовый; фиалковый; тёплый; восковой; сорняковый; винный; древесный; ]. Не пишите никаких комментариев.,Какие из следующих описаний запаха относятся к молекуле Diethyl Malonate? Выберите все подходящие из [алкогольный; альдегидный; луковый; миндальный; амбровый; анималистический; анисовый; яблочный; абрикосовый; ароматический; бальзамический; банановый; говяжий; бергамотовый; ягодный; горький; чёрная смородина; бренди; горелый; сливочный; капустный; камфорный; карамельный; кедровый; сельдерейный; ромашковый; сырный; вишнёвый; шоколадный; корица; цитрусовый; чистый; гвоздичный; какао; кокосовый; кофейный; коньячный; варёный; охлаждающий; корковый; кумариновый; кремовый; огуречный; молочный; сухой; землистый; эфирный; жирный; ферментированный; рыбный; цветочный; свежий; фруктовая кожура; фруктовый; чесночный; газовый; гераниевый; виноградный; грейпфрутовый; травянистый; зелёный; боярышник; сеновой; фундуковый; травяной; медовый; гиацинтовый; жасминовый; сочный; кетоновый; лактонный; лавандовый; листовой; кожаный; лимонный; лилейный; солодовый; мясной; лекарственный; дынный; металлический; молочный; мятный; ландышевый; грибной; мускусный; затхлый; натуральный; ореховый; без запаха; маслянистый; луковый; апельсиновый; апельсиновый цвет; ирисовый корень; озоновый; персиковый; грушевый; фенольный; сосновый; ананасовый; сливовый; попкорн; картофельный; пудровый; резкий; редисочный; малиновый; спелый; обжаренный; розовый; ромовый; сандаловый; пикантный; резкий; дымный; мыльный; растворитель; кислый; пряный; клубничный; сернистый; потный; сладкий; чайный; терпеновый; табачный; томатный; тропический; ванильный; овощной; ветиверовый; фиалковый; тёплый; восковой; сорняковый; винный; древесный; ]. Не пишите никаких комментариев.,зелёный;сладкий;фруктовый;яблочный;,,яблочный; фруктовый; сладкий; винный,яблочный; фруктовый; сладкий; виноградный; винный; эфирный; зеленый,680,673,296,3664,128,1779
48,3-Methylpyridine,Cc1cccnc1,,,алкогольный; альдегидный; луковый; миндальный; амбровый; анималистический; анисовый; яблочный; абрикосовый; ароматический; бальзамический; банановый; говяжий; бергамотовый; ягодный; горький; чёрная смородина; бренди; горелый; сливочный; капустный; камфорный; карамельный; кедровый; сельдерейный; ромашковый; сырный; вишнёвый; шоколадный; корица; цитрусовый; чистый; гвоздичный; какао; кокосовый; кофейный; коньячный; варёный; охлаждающий; корковый; кумариновый; кремовый; огуречный; молочный; сухой; землистый; эфирный; жирный; ферментированный; рыбный; цветочный; свежий; фруктовая кожура; фруктовый; чесночный; газовый; гераниевый; виноградный; грейпфрутовый; травянистый; зелёный; боярышник; сеновой; фундуковый; травяной; медовый; гиацинтовый; жасминовый; сочный; кетоновый; лактонный; лавандовый; листовой; кожаный; лимонный; лилейный; солодовый; мясной; лекарственный; дынный; металлический; молочный; мятный; ландышевый; грибной; мускусный; затхлый; натуральный; ореховый; без запаха; маслянистый; луковый; апельсиновый; апельсиновый цвет; ирисовый корень; озоновый; персиковый; грушевый; фенольный; сосновый; ананасовый; сливовый; попкорн; картофельный; пудровый; резкий; редисочный; малиновый; спелый; обжаренный; розовый; ромовый; сандаловый; пикантный; резкий; дымный; мыльный; растворитель; кислый; пряный; клубничный; сернистый; потный; сладкий; чайный; терпеновый; табачный; томатный; тропический; ванильный; овощной; ветиверовый; фиалковый; тёплый; восковой; сорняковый; винный; древесный; ,rata,Какие из следующих описаний запаха относятся к молекуле Cc1cccnc1? Выберите все подходящие из [алкогольный; альдегидный; луковый; миндальный; амбровый; анималистический; анисовый; яблочный; абрикосовый; ароматический; бальзамический; банановый; говяжий; бергамотовый; ягодный; горький; чёрная смородина; бренди; горелый; сливочный; капустный; камфорный; карамельный; кедровый; сельдерейный; ромашковый; сырный; вишнёвый; шоколадный; корица; цитрусовый; чистый; гвоздичный; какао; кокосовый; кофейный; коньячный; варёный; охлаждающий; корковый; кумариновый; кремовый; огуречный; молочный; сухой; землистый; эфирный; жирный; ферментированный; рыбный; цветочный; свежий; фруктовая кожура; фруктовый; чесночный; газовый; гераниевый; виноградный; грейпфрутовый; травянистый; зелёный; боярышник; сеновой; фундуковый; травяной; медовый; гиацинтовый; жасминовый; сочный; кетоновый; лактонный; лавандовый; листовой; кожаный; лимонный; лилейный; солодовый; мясной; лекарственный; дынный; металлический; молочный; мятный; ландышевый; грибной; мускусный; затхлый; натуральный; ореховый; без запаха; маслянистый; луковый; апельсиновый; апельсиновый цвет; ирисовый корень; озоновый; персиковый; грушевый; фенольный; сосновый; ананасовый; сливовый; попкорн; картофельный; пудровый; резкий; редисочный; малиновый; спелый; обжаренный; розовый; ромовый; сандаловый; пикантный; резкий; дымный; мыльный; растворитель; кислый; пряный; клубничный; сернистый; потный; сладкий; чайный; терпеновый; табачный; томатный; тропический; ванильный; овощной; ветиверовый; фиалковый; тёплый; восковой; сорняковый; винный; древесный; ]. Не пишите никаких комментариев.,Какие из следующих описаний запаха относятся к молекуле 3-Methylpyridine? Выберите все подходящие из [алкогольный; альдегидный; луковый; миндальный; амбровый; анималистический; анисовый; яблочный; абрикосовый; ароматический; бальзамический; банановый; говяжий; бергамотовый; ягодный; горький; чёрная смородина; бренди; горелый; сливочный; капустный; камфорный; карамельный; кедровый; сельдерейный; ромашковый; сырный; вишнёвый; шоколадный; корица; цитрусовый; чистый; гвоздичный; какао; кокосовый; кофейный; коньячный; варёный; охлаждающий; корковый; кумариновый; кремовый; огуречный; молочный; сухой; землистый; эфирный; жирный; ферментированный; рыбный; цветочный; свежий; фруктовая кожура; фруктовый; чесночный; газовый; гераниевый; виноградный; грейпфрутовый; травянистый; зелёный; боярышник; сеновой; фундуковый; травяной; медовый; гиацинтовый; жасминовый; сочный; кетоновый; лактонный; лавандовый; листовой; кожаный; лимонный; лилейный; солодовый; мясной; лекарственный; дынный; металлический; молочный; мятный; ландышевый; грибной; мускусный; затхлый; натуральный; ореховый; без запаха; маслянистый; луковый; апельсиновый; апельсиновый цвет; ирисовый корень; озоновый; персиковый; грушевый; фенольный; сосновый; ананасовый; сливовый; попкорн; картофельный; пудровый; резкий; редисочный; малиновый; спелый; обжаренный; розовый; ромовый; сандаловый; пикантный; резкий; дымный; мыльный; растворитель; кислый; пряный; клубничный; сернистый; потный; сладкий; чайный; терпеновый; табачный; томатный; тропический; ванильный; овощной; ветиверовый; фиалковый; тёплый; восковой; сорняковый; винный; древесный; ]. Не пишите никаких комментариев.,зелёный;фундуковый;землистый;табачный;,,рыбный; затхлый,"анималистический
рыбный
затхлый
резкий",676,675,418,1222,196,689
49,Hexyl isohexanoate,CCCCCCOC(=O)CCC(C)C,,,алкогольный; альдегидный; луковый; миндальный; амбровый; анималистический; анисовый; яблочный; абрикосовый; ароматический; бальзамический; банановый; говяжий; бергамотовый; ягодный; горький; чёрная смородина; бренди; горелый; сливочный; капустный; камфорный; карамельный; кедровый; сельдерейный; ромашковый; сырный; вишнёвый; шоколадный; корица; цитрусовый; чистый; гвоздичный; какао; кокосовый; кофейный; коньячный; варёный; охлаждающий; корковый; кумариновый; кремовый; огуречный; молочный; сухой; землистый; эфирный; жирный; ферментированный; рыбный; цветочный; свежий; фруктовая кожура; фруктовый; чесночный; газовый; гераниевый; виноградный; грейпфрутовый; травянистый; зелёный; боярышник; сеновой; фундуковый; травяной; медовый; гиацинтовый; жасминовый; сочный; кетоновый; лактонный; лавандовый; листовой; кожаный; лимонный; лилейный; солодовый; мясной; лекарственный; дынный; металлический; молочный; мятный; ландышевый; грибной; мускусный; затхлый; натуральный; ореховый; без запаха; маслянистый; луковый; апельсиновый; апельсиновый цвет; ирисовый корень; озоновый; персиковый; грушевый; фенольный; сосновый; ананасовый; сливовый; попкорн; картофельный; пудровый; резкий; редисочный; малиновый; спелый; обжаренный; розовый; ромовый; сандаловый; пикантный; резкий; дымный; мыльный; растворитель; кислый; пряный; клубничный; сернистый; потный; сладкий; чайный; терпеновый; табачный; томатный; тропический; ванильный; овощной; ветиверовый; фиалковый; тёплый; восковой; сорняковый; винный; древесный; ,rata,Какие из следующих описаний запаха относятся к молекуле CCCCCCOC(=O)CCC(C)C? Выберите все подходящие из [алкогольный; альдегидный; луковый; миндальный; амбровый; анималистический; анисовый; яблочный; абрикосовый; ароматический; бальзамический; банановый; говяжий; бергамотовый; ягодный; горький; чёрная смородина; бренди; горелый; сливочный; капустный; камфорный; карамельный; кедровый; сельдерейный; ромашковый; сырный; вишнёвый; шоколадный; корица; цитрусовый; чистый; гвоздичный; какао; кокосовый; кофейный; коньячный; варёный; охлаждающий; корковый; кумариновый; кремовый; огуречный; молочный; сухой; землистый; эфирный; жирный; ферментированный; рыбный; цветочный; свежий; фруктовая кожура; фруктовый; чесночный; газовый; гераниевый; виноградный; грейпфрутовый; травянистый; зелёный; боярышник; сеновой; фундуковый; травяной; медовый; гиацинтовый; жасминовый; сочный; кетоновый; лактонный; лавандовый; листовой; кожаный; лимонный; лилейный; солодовый; мясной; лекарственный; дынный; металлический; молочный; мятный; ландышевый; грибной; мускусный; затхлый; натуральный; ореховый; без запаха; маслянистый; луковый; апельсиновый; апельсиновый цвет; ирисовый корень; озоновый; персиковый; грушевый; фенольный; сосновый; ананасовый; сливовый; попкорн; картофельный; пудровый; резкий; редисочный; малиновый; спелый; обжаренный; розовый; ромовый; сандаловый; пикантный; резкий; дымный; мыльный; растворитель; кислый; пряный; клубничный; сернистый; потный; сладкий; чайный; терпеновый; табачный; томатный; тропический; ванильный; овощной; ветиверовый; фиалковый; тёплый; восковой; сорняковый; винный; древесный; ]. Не пишите никаких комментариев.,Какие из следующих описаний запаха относятся к молекуле Hexyl isohexanoate? Выберите все подходящие из [алкогольный; альдегидный; луковый; миндальный; амбровый; анималистический; анисовый; яблочный; абрикосовый; ароматический; бальзамический; банановый; говяжий; бергамотовый; ягодный; горький; чёрная смородина; бренди; горелый; сливочный; капустный; камфорный; карамельный; кедровый; сельдерейный; ромашковый; сырный; вишнёвый; шоколадный; корица; цитрусовый; чистый; гвоздичный; какао; кокосовый; кофейный; коньячный; варёный; охлаждающий; корковый; кумариновый; кремовый; огуречный; молочный; сухой; землистый; эфирный; жирный; ферментированный; рыбный; цветочный; свежий; фруктовая кожура; фруктовый; чесночный; газовый; гераниевый; виноградный; грейпфрутовый; травянистый; зелёный; боярышник; сеновой; фундуковый; травяной; медовый; гиацинтовый; жасминовый; сочный; кетоновый; лактонный; лавандовый; листовой; кожаный; лимонный; лилейный; солодовый; мясной; лекарственный; дынный; металлический; молочный; мятный; ландышевый; грибной; мускусный; затхлый; натуральный; ореховый; без запаха; маслянистый; луковый; апельсиновый; апельсиновый цвет; ирисовый корень; озоновый; персиковый; грушевый; фенольный; сосновый; ананасовый; сливовый; попкорн; картофельный; пудровый; резкий; редисочный; малиновый; спелый; обжаренный; розовый; ромовый; сандаловый; пикантный; резкий; дымный; мыльный; растворитель; кислый; пряный; клубничный; сернистый; потный; сладкий; чайный; терпеновый; табачный; томатный; тропический; ванильный; овощной; ветиверовый; фиалковый; тёплый; восковой; сорняковый; винный; древесный; ]. Не пишите никаких комментариев.,зелёный;сладкий;фруктовый;травяной;,,"яблочный
банановый
бренди
фруктовый
винный","яблочный
грушевый
фруктовый
банановый
ягодный",679,675,7987,201,4491,89
50,Bis(2-methylphenyl) disulfide,Cc1ccccc1SSc1ccccc1C,,,алкогольный; альдегидный; луковый; миндальный; амбровый; анималистический; анисовый; яблочный; абрикосовый; ароматический; бальзамический; банановый; говяжий; бергамотовый; ягодный; горький; чёрная смородина; бренди; горелый; сливочный; капустный; камфорный; карамельный; кедровый; сельдерейный; ромашковый; сырный; вишнёвый; шоколадный; корица; цитрусовый; чистый; гвоздичный; какао; кокосовый; кофейный; коньячный; варёный; охлаждающий; корковый; кумариновый; кремовый; огуречный; молочный; сухой; землистый; эфирный; жирный; ферментированный; рыбный; цветочный; свежий; фруктовая кожура; фруктовый; чесночный; газовый; гераниевый; виноградный; грейпфрутовый; травянистый; зелёный; боярышник; сеновой; фундуковый; травяной; медовый; гиацинтовый; жасминовый; сочный; кетоновый; лактонный; лавандовый; листовой; кожаный; лимонный; лилейный; солодовый; мясной; лекарственный; дынный; металлический; молочный; мятный; ландышевый; грибной; мускусный; затхлый; натуральный; ореховый; без запаха; маслянистый; луковый; апельсиновый; апельсиновый цвет; ирисовый корень; озоновый; персиковый; грушевый; фенольный; сосновый; ананасовый; сливовый; попкорн; картофельный; пудровый; резкий; редисочный; малиновый; спелый; обжаренный; розовый; ромовый; сандаловый; пикантный; резкий; дымный; мыльный; растворитель; кислый; пряный; клубничный; сернистый; потный; сладкий; чайный; терпеновый; табачный; томатный; тропический; ванильный; овощной; ветиверовый; фиалковый; тёплый; восковой; сорняковый; винный; древесный; ,rata,Какие из следующих описаний запаха относятся к молекуле Cc1ccccc1SSc1ccccc1C? Выберите все подходящие из [алкогольный; альдегидный; луковый; миндальный; амбровый; анималистический; анисовый; яблочный; абрикосовый; ароматический; бальзамический; банановый; говяжий; бергамотовый; ягодный; горький; чёрная смородина; бренди; горелый; сливочный; капустный; камфорный; карамельный; кедровый; сельдерейный; ромашковый; сырный; вишнёвый; шоколадный; корица; цитрусовый; чистый; гвоздичный; какао; кокосовый; кофейный; коньячный; варёный; охлаждающий; корковый; кумариновый; кремовый; огуречный; молочный; сухой; землистый; эфирный; жирный; ферментированный; рыбный; цветочный; свежий; фруктовая кожура; фруктовый; чесночный; газовый; гераниевый; виноградный; грейпфрутовый; травянистый; зелёный; боярышник; сеновой; фундуковый; травяной; медовый; гиацинтовый; жасминовый; сочный; кетоновый; лактонный; лавандовый; листовой; кожаный; лимонный; лилейный; солодовый; мясной; лекарственный; дынный; металлический; молочный; мятный; ландышевый; грибной; мускусный; затхлый; натуральный; ореховый; без запаха; маслянистый; луковый; апельсиновый; апельсиновый цвет; ирисовый корень; озоновый; персиковый; грушевый; фенольный; сосновый; ананасовый; сливовый; попкорн; картофельный; пудровый; резкий; редисочный; малиновый; спелый; обжаренный; розовый; ромовый; сандаловый; пикантный; резкий; дымный; мыльный; растворитель; кислый; пряный; клубничный; сернистый; потный; сладкий; чайный; терпеновый; табачный; томатный; тропический; ванильный; овощной; ветиверовый; фиалковый; тёплый; восковой; сорняковый; винный; древесный; ]. Не пишите никаких комментариев.,Какие из следующих описаний запаха относятся к молекуле Bis(2-methylphenyl) disulfide? Выберите все подходящие из [алкогольный; альдегидный; луковый; миндальный; амбровый; анималистический; анисовый; яблочный; абрикосовый; ароматический; бальзамический; банановый; говяжий; бергамотовый; ягодный; горький; чёрная смородина; бренди; горелый; сливочный; капустный; камфорный; карамельный; кедровый; сельдерейный; ромашковый; сырный; вишнёвый; шоколадный; корица; цитрусовый; чистый; гвоздичный; какао; кокосовый; кофейный; коньячный; варёный; охлаждающий; корковый; кумариновый; кремовый; огуречный; молочный; сухой; землистый; эфирный; жирный; ферментированный; рыбный; цветочный; свежий; фруктовая кожура; фруктовый; чесночный; газовый; гераниевый; виноградный; грейпфрутовый; травянистый; зелёный; боярышник; сеновой; фундуковый; травяной; медовый; гиацинтовый; жасминовый; сочный; кетоновый; лактонный; лавандовый; листовой; кожаный; лимонный; лилейный; солодовый; мясной; лекарственный; дынный; металлический; молочный; мятный; ландышевый; грибной; мускусный; затхлый; натуральный; ореховый; без запаха; маслянистый; луковый; апельсиновый; апельсиновый цвет; ирисовый корень; озоновый; персиковый; грушевый; фенольный; сосновый; ананасовый; сливовый; попкорн; картофельный; пудровый; резкий; редисочный; малиновый; спелый; обжаренный; розовый; ромовый; сандаловый; пикантный; резкий; дымный; мыльный; растворитель; кислый; пряный; клубничный; сернистый; потный; сладкий; чайный; терпеновый; табачный; томатный; тропический; ванильный; овощной; ветиверовый; фиалковый; тёплый; восковой; сорняковый; винный; древесный; ]. Не пишите никаких комментариев.,сернистый;обжаренный;горелый;мясной;,,"луковый
чесночный
сернистый
капустный
резкий","луковый
чесночный
сернистый",682,677,2300,824,1177,414
51,3-Pentyloxirane-2-carbaldehyde,CCCCCC1OC1C=O,,,алкогольный; альдегидный; луковый; миндальный; амбровый; анималистический; анисовый; яблочный; абрикосовый; ароматический; бальзамический; банановый; говяжий; бергамотовый; ягодный; горький; чёрная смородина; бренди; горелый; сливочный; капустный; камфорный; карамельный; кедровый; сельдерейный; ромашковый; сырный; вишнёвый; шоколадный; корица; цитрусовый; чистый; гвоздичный; какао; кокосовый; кофейный; коньячный; варёный; охлаждающий; корковый; кумариновый; кремовый; огуречный; молочный; сухой; землистый; эфирный; жирный; ферментированный; рыбный; цветочный; свежий; фруктовая кожура; фруктовый; чесночный; газовый; гераниевый; виноградный; грейпфрутовый; травянистый; зелёный; боярышник; сеновой; фундуковый; травяной; медовый; гиацинтовый; жасминовый; сочный; кетоновый; лактонный; лавандовый; листовой; кожаный; лимонный; лилейный; солодовый; мясной; лекарственный; дынный; металлический; молочный; мятный; ландышевый; грибной; мускусный; затхлый; натуральный; ореховый; без запаха; маслянистый; луковый; апельсиновый; апельсиновый цвет; ирисовый корень; озоновый; персиковый; грушевый; фенольный; сосновый; ананасовый; сливовый; попкорн; картофельный; пудровый; резкий; редисочный; малиновый; спелый; обжаренный; розовый; ромовый; сандаловый; пикантный; резкий; дымный; мыльный; растворитель; кислый; пряный; клубничный; сернистый; потный; сладкий; чайный; терпеновый; табачный; томатный; тропический; ванильный; овощной; ветиверовый; фиалковый; тёплый; восковой; сорняковый; винный; древесный; ,rata,Какие из следующих описаний запаха относятся к молекуле CCCCCC1OC1C=O? Выберите все подходящие из [алкогольный; альдегидный; луковый; миндальный; амбровый; анималистический; анисовый; яблочный; абрикосовый; ароматический; бальзамический; банановый; говяжий; бергамотовый; ягодный; горький; чёрная смородина; бренди; горелый; сливочный; капустный; камфорный; карамельный; кедровый; сельдерейный; ромашковый; сырный; вишнёвый; шоколадный; корица; цитрусовый; чистый; гвоздичный; какао; кокосовый; кофейный; коньячный; варёный; охлаждающий; корковый; кумариновый; кремовый; огуречный; молочный; сухой; землистый; эфирный; жирный; ферментированный; рыбный; цветочный; свежий; фруктовая кожура; фруктовый; чесночный; газовый; гераниевый; виноградный; грейпфрутовый; травянистый; зелёный; боярышник; сеновой; фундуковый; травяной; медовый; гиацинтовый; жасминовый; сочный; кетоновый; лактонный; лавандовый; листовой; кожаный; лимонный; лилейный; солодовый; мясной; лекарственный; дынный; металлический; молочный; мятный; ландышевый; грибной; мускусный; затхлый; натуральный; ореховый; без запаха; маслянистый; луковый; апельсиновый; апельсиновый цвет; ирисовый корень; озоновый; персиковый; грушевый; фенольный; сосновый; ананасовый; сливовый; попкорн; картофельный; пудровый; резкий; редисочный; малиновый; спелый; обжаренный; розовый; ромовый; сандаловый; пикантный; резкий; дымный; мыльный; растворитель; кислый; пряный; клубничный; сернистый; потный; сладкий; чайный; терпеновый; табачный; томатный; тропический; ванильный; овощной; ветиверовый; фиалковый; тёплый; восковой; сорняковый; винный; древесный; ]. Не пишите никаких комментариев.,Какие из следующих описаний запаха относятся к молекуле 3-Pentyloxirane-2-carbaldehyde? Выберите все подходящие из [алкогольный; альдегидный; луковый; миндальный; амбровый; анималистический; анисовый; яблочный; абрикосовый; ароматический; бальзамический; банановый; говяжий; бергамотовый; ягодный; горький; чёрная смородина; бренди; горелый; сливочный; капустный; камфорный; карамельный; кедровый; сельдерейный; ромашковый; сырный; вишнёвый; шоколадный; корица; цитрусовый; чистый; гвоздичный; какао; кокосовый; кофейный; коньячный; варёный; охлаждающий; корковый; кумариновый; кремовый; огуречный; молочный; сухой; землистый; эфирный; жирный; ферментированный; рыбный; цветочный; свежий; фруктовая кожура; фруктовый; чесночный; газовый; гераниевый; виноградный; грейпфрутовый; травянистый; зелёный; боярышник; сеновой; фундуковый; травяной; медовый; гиацинтовый; жасминовый; сочный; кетоновый; лактонный; лавандовый; листовой; кожаный; лимонный; лилейный; солодовый; мясной; лекарственный; дынный; металлический; молочный; мятный; ландышевый; грибной; мускусный; затхлый; натуральный; ореховый; без запаха; маслянистый; луковый; апельсиновый; апельсиновый цвет; ирисовый корень; озоновый; персиковый; грушевый; фенольный; сосновый; ананасовый; сливовый; попкорн; картофельный; пудровый; резкий; редисочный; малиновый; спелый; обжаренный; розовый; ромовый; сандаловый; пикантный; резкий; дымный; мыльный; растворитель; кислый; пряный; клубничный; сернистый; потный; сладкий; чайный; терпеновый; табачный; томатный; тропический; ванильный; овощной; ветиверовый; фиалковый; тёплый; восковой; сорняковый; винный; древесный; ]. Не пишите никаких комментариев.,мыльный;фруктовый;жирный;цитрусовый;альдегидный;,,"альдегидный
фруктовый
зелёный
травянистый
жирный","альдегидный
жирный
восковой
огуречный
дынный
зелёный
травянистый",677,681,895,356,375,139
52,1-Methyldithio-2-propanone,CSSCC(C)=O,,,алкогольный; альдегидный; луковый; миндальный; амбровый; анималистический; анисовый; яблочный; абрикосовый; ароматический; бальзамический; банановый; говяжий; бергамотовый; ягодный; горький; чёрная смородина; бренди; горелый; сливочный; капустный; камфорный; карамельный; кедровый; сельдерейный; ромашковый; сырный; вишнёвый; шоколадный; корица; цитрусовый; чистый; гвоздичный; какао; кокосовый; кофейный; коньячный; варёный; охлаждающий; корковый; кумариновый; кремовый; огуречный; молочный; сухой; землистый; эфирный; жирный; ферментированный; рыбный; цветочный; свежий; фруктовая кожура; фруктовый; чесночный; газовый; гераниевый; виноградный; грейпфрутовый; травянистый; зелёный; боярышник; сеновой; фундуковый; травяной; медовый; гиацинтовый; жасминовый; сочный; кетоновый; лактонный; лавандовый; листовой; кожаный; лимонный; лилейный; солодовый; мясной; лекарственный; дынный; металлический; молочный; мятный; ландышевый; грибной; мускусный; затхлый; натуральный; ореховый; без запаха; маслянистый; луковый; апельсиновый; апельсиновый цвет; ирисовый корень; озоновый; персиковый; грушевый; фенольный; сосновый; ананасовый; сливовый; попкорн; картофельный; пудровый; резкий; редисочный; малиновый; спелый; обжаренный; розовый; ромовый; сандаловый; пикантный; резкий; дымный; мыльный; растворитель; кислый; пряный; клубничный; сернистый; потный; сладкий; чайный; терпеновый; табачный; томатный; тропический; ванильный; овощной; ветиверовый; фиалковый; тёплый; восковой; сорняковый; винный; древесный; ,rata,Какие из следующих описаний запаха относятся к молекуле CSSCC(C)=O? Выберите все подходящие из [алкогольный; альдегидный; луковый; миндальный; амбровый; анималистический; анисовый; яблочный; абрикосовый; ароматический; бальзамический; банановый; говяжий; бергамотовый; ягодный; горький; чёрная смородина; бренди; горелый; сливочный; капустный; камфорный; карамельный; кедровый; сельдерейный; ромашковый; сырный; вишнёвый; шоколадный; корица; цитрусовый; чистый; гвоздичный; какао; кокосовый; кофейный; коньячный; варёный; охлаждающий; корковый; кумариновый; кремовый; огуречный; молочный; сухой; землистый; эфирный; жирный; ферментированный; рыбный; цветочный; свежий; фруктовая кожура; фруктовый; чесночный; газовый; гераниевый; виноградный; грейпфрутовый; травянистый; зелёный; боярышник; сеновой; фундуковый; травяной; медовый; гиацинтовый; жасминовый; сочный; кетоновый; лактонный; лавандовый; листовой; кожаный; лимонный; лилейный; солодовый; мясной; лекарственный; дынный; металлический; молочный; мятный; ландышевый; грибной; мускусный; затхлый; натуральный; ореховый; без запаха; маслянистый; луковый; апельсиновый; апельсиновый цвет; ирисовый корень; озоновый; персиковый; грушевый; фенольный; сосновый; ананасовый; сливовый; попкорн; картофельный; пудровый; резкий; редисочный; малиновый; спелый; обжаренный; розовый; ромовый; сандаловый; пикантный; резкий; дымный; мыльный; растворитель; кислый; пряный; клубничный; сернистый; потный; сладкий; чайный; терпеновый; табачный; томатный; тропический; ванильный; овощной; ветиверовый; фиалковый; тёплый; восковой; сорняковый; винный; древесный; ]. Не пишите никаких комментариев.,Какие из следующих описаний запаха относятся к молекуле 1-Methyldithio-2-propanone? Выберите все подходящие из [алкогольный; альдегидный; луковый; миндальный; амбровый; анималистический; анисовый; яблочный; абрикосовый; ароматический; бальзамический; банановый; говяжий; бергамотовый; ягодный; горький; чёрная смородина; бренди; горелый; сливочный; капустный; камфорный; карамельный; кедровый; сельдерейный; ромашковый; сырный; вишнёвый; шоколадный; корица; цитрусовый; чистый; гвоздичный; какао; кокосовый; кофейный; коньячный; варёный; охлаждающий; корковый; кумариновый; кремовый; огуречный; молочный; сухой; землистый; эфирный; жирный; ферментированный; рыбный; цветочный; свежий; фруктовая кожура; фруктовый; чесночный; газовый; гераниевый; виноградный; грейпфрутовый; травянистый; зелёный; боярышник; сеновой; фундуковый; травяной; медовый; гиацинтовый; жасминовый; сочный; кетоновый; лактонный; лавандовый; листовой; кожаный; лимонный; лилейный; солодовый; мясной; лекарственный; дынный; металлический; молочный; мятный; ландышевый; грибной; мускусный; затхлый; натуральный; ореховый; без запаха; маслянистый; луковый; апельсиновый; апельсиновый цвет; ирисовый корень; озоновый; персиковый; грушевый; фенольный; сосновый; ананасовый; сливовый; попкорн; картофельный; пудровый; резкий; редисочный; малиновый; спелый; обжаренный; розовый; ромовый; сандаловый; пикантный; резкий; дымный; мыльный; растворитель; кислый; пряный; клубничный; сернистый; потный; сладкий; чайный; терпеновый; табачный; томатный; тропический; ванильный; овощной; ветиверовый; фиалковый; тёплый; восковой; сорняковый; винный; древесный; ]. Не пишите никаких комментариев.,зелёный;сернистый;луковый;сладкий;,,"луковый
чесночный
сернистый","луковый
чесночный
сернистый
овощной
капустный
попкорн
мясной
резкий
редисочный
газовый",674,682,937,1740,382,835
53,"(3-Methyl-9-methylidene-8-tricyclo[5.2.1.02,6]dec-3-enyl) acetate",C=C1C2CC(C1OC(C)=O)C1CC=C(C)C21,,,алкогольный; альдегидный; луковый; миндальный; амбровый; анималистический; анисовый; яблочный; абрикосовый; ароматический; бальзамический; банановый; говяжий; бергамотовый; ягодный; горький; чёрная смородина; бренди; горелый; сливочный; капустный; камфорный; карамельный; кедровый; сельдерейный; ромашковый; сырный; вишнёвый; шоколадный; корица; цитрусовый; чистый; гвоздичный; какао; кокосовый; кофейный; коньячный; варёный; охлаждающий; корковый; кумариновый; кремовый; огуречный; молочный; сухой; землистый; эфирный; жирный; ферментированный; рыбный; цветочный; свежий; фруктовая кожура; фруктовый; чесночный; газовый; гераниевый; виноградный; грейпфрутовый; травянистый; зелёный; боярышник; сеновой; фундуковый; травяной; медовый; гиацинтовый; жасминовый; сочный; кетоновый; лактонный; лавандовый; листовой; кожаный; лимонный; лилейный; солодовый; мясной; лекарственный; дынный; металлический; молочный; мятный; ландышевый; грибной; мускусный; затхлый; натуральный; ореховый; без запаха; маслянистый; луковый; апельсиновый; апельсиновый цвет; ирисовый корень; озоновый; персиковый; грушевый; фенольный; сосновый; ананасовый; сливовый; попкорн; картофельный; пудровый; резкий; редисочный; малиновый; спелый; обжаренный; розовый; ромовый; сандаловый; пикантный; резкий; дымный; мыльный; растворитель; кислый; пряный; клубничный; сернистый; потный; сладкий; чайный; терпеновый; табачный; томатный; тропический; ванильный; овощной; ветиверовый; фиалковый; тёплый; восковой; сорняковый; винный; древесный; ,rata,Какие из следующих описаний запаха относятся к молекуле C=C1C2CC(C1OC(C)=O)C1CC=C(C)C21? Выберите все подходящие из [алкогольный; альдегидный; луковый; миндальный; амбровый; анималистический; анисовый; яблочный; абрикосовый; ароматический; бальзамический; банановый; говяжий; бергамотовый; ягодный; горький; чёрная смородина; бренди; горелый; сливочный; капустный; камфорный; карамельный; кедровый; сельдерейный; ромашковый; сырный; вишнёвый; шоколадный; корица; цитрусовый; чистый; гвоздичный; какао; кокосовый; кофейный; коньячный; варёный; охлаждающий; корковый; кумариновый; кремовый; огуречный; молочный; сухой; землистый; эфирный; жирный; ферментированный; рыбный; цветочный; свежий; фруктовая кожура; фруктовый; чесночный; газовый; гераниевый; виноградный; грейпфрутовый; травянистый; зелёный; боярышник; сеновой; фундуковый; травяной; медовый; гиацинтовый; жасминовый; сочный; кетоновый; лактонный; лавандовый; листовой; кожаный; лимонный; лилейный; солодовый; мясной; лекарственный; дынный; металлический; молочный; мятный; ландышевый; грибной; мускусный; затхлый; натуральный; ореховый; без запаха; маслянистый; луковый; апельсиновый; апельсиновый цвет; ирисовый корень; озоновый; персиковый; грушевый; фенольный; сосновый; ананасовый; сливовый; попкорн; картофельный; пудровый; резкий; редисочный; малиновый; спелый; обжаренный; розовый; ромовый; сандаловый; пикантный; резкий; дымный; мыльный; растворитель; кислый; пряный; клубничный; сернистый; потный; сладкий; чайный; терпеновый; табачный; томатный; тропический; ванильный; овощной; ветиверовый; фиалковый; тёплый; восковой; сорняковый; винный; древесный; ]. Не пишите никаких комментариев.,"Какие из следующих описаний запаха относятся к молекуле (3-Methyl-9-methylidene-8-tricyclo[5.2.1.02,6]dec-3-enyl) acetate? Выберите все подходящие из [алкогольный; альдегидный; луковый; миндальный; амбровый; анималистический; анисовый; яблочный; абрикосовый; ароматический; бальзамический; банановый; говяжий; бергамотовый; ягодный; горький; чёрная смородина; бренди; горелый; сливочный; капустный; камфорный; карамельный; кедровый; сельдерейный; ромашковый; сырный; вишнёвый; шоколадный; корица; цитрусовый; чистый; гвоздичный; какао; кокосовый; кофейный; коньячный; варёный; охлаждающий; корковый; кумариновый; кремовый; огуречный; молочный; сухой; землистый; эфирный; жирный; ферментированный; рыбный; цветочный; свежий; фруктовая кожура; фруктовый; чесночный; газовый; гераниевый; виноградный; грейпфрутовый; травянистый; зелёный; боярышник; сеновой; фундуковый; травяной; медовый; гиацинтовый; жасминовый; сочный; кетоновый; лактонный; лавандовый; листовой; кожаный; лимонный; лилейный; солодовый; мясной; лекарственный; дынный; металлический; молочный; мятный; ландышевый; грибной; мускусный; затхлый; натуральный; ореховый; без запаха; маслянистый; луковый; апельсиновый; апельсиновый цвет; ирисовый корень; озоновый; персиковый; грушевый; фенольный; сосновый; ананасовый; сливовый; попкорн; картофельный; пудровый; резкий; редисочный; малиновый; спелый; обжаренный; розовый; ромовый; сандаловый; пикантный; резкий; дымный; мыльный; растворитель; кислый; пряный; клубничный; сернистый; потный; сладкий; чайный; терпеновый; табачный; томатный; тропический; ванильный; овощной; ветиверовый; фиалковый; тёплый; восковой; сорняковый; винный; древесный; ]. Не пишите никаких комментариев.",свежий;зелёный;,,древесный; терпеновый; камфорный; травянистый,амбровый; бальзамический; ветиверовый; древесный; землистый; дымный; зеленый; мускусный; терпеновый; травянистый; камфорный,688,702,9514,4161,5471,2047
54,2-Ethyl-4-prop-1-en-2-ylpyridine,C=C(C)c1ccnc(CC)c1,,,алкогольный; альдегидный; луковый; миндальный; амбровый; анималистический; анисовый; яблочный; абрикосовый; ароматический; бальзамический; банановый; говяжий; бергамотовый; ягодный; горький; чёрная смородина; бренди; горелый; сливочный; капустный; камфорный; карамельный; кедровый; сельдерейный; ромашковый; сырный; вишнёвый; шоколадный; корица; цитрусовый; чистый; гвоздичный; какао; кокосовый; кофейный; коньячный; варёный; охлаждающий; корковый; кумариновый; кремовый; огуречный; молочный; сухой; землистый; эфирный; жирный; ферментированный; рыбный; цветочный; свежий; фруктовая кожура; фруктовый; чесночный; газовый; гераниевый; виноградный; грейпфрутовый; травянистый; зелёный; боярышник; сеновой; фундуковый; травяной; медовый; гиацинтовый; жасминовый; сочный; кетоновый; лактонный; лавандовый; листовой; кожаный; лимонный; лилейный; солодовый; мясной; лекарственный; дынный; металлический; молочный; мятный; ландышевый; грибной; мускусный; затхлый; натуральный; ореховый; без запаха; маслянистый; луковый; апельсиновый; апельсиновый цвет; ирисовый корень; озоновый; персиковый; грушевый; фенольный; сосновый; ананасовый; сливовый; попкорн; картофельный; пудровый; резкий; редисочный; малиновый; спелый; обжаренный; розовый; ромовый; сандаловый; пикантный; резкий; дымный; мыльный; растворитель; кислый; пряный; клубничный; сернистый; потный; сладкий; чайный; терпеновый; табачный; томатный; тропический; ванильный; овощной; ветиверовый; фиалковый; тёплый; восковой; сорняковый; винный; древесный; ,rata,Какие из следующих описаний запаха относятся к молекуле C=C(C)c1ccnc(CC)c1? Выберите все подходящие из [алкогольный; альдегидный; луковый; миндальный; амбровый; анималистический; анисовый; яблочный; абрикосовый; ароматический; бальзамический; банановый; говяжий; бергамотовый; ягодный; горький; чёрная смородина; бренди; горелый; сливочный; капустный; камфорный; карамельный; кедровый; сельдерейный; ромашковый; сырный; вишнёвый; шоколадный; корица; цитрусовый; чистый; гвоздичный; какао; кокосовый; кофейный; коньячный; варёный; охлаждающий; корковый; кумариновый; кремовый; огуречный; молочный; сухой; землистый; эфирный; жирный; ферментированный; рыбный; цветочный; свежий; фруктовая кожура; фруктовый; чесночный; газовый; гераниевый; виноградный; грейпфрутовый; травянистый; зелёный; боярышник; сеновой; фундуковый; травяной; медовый; гиацинтовый; жасминовый; сочный; кетоновый; лактонный; лавандовый; листовой; кожаный; лимонный; лилейный; солодовый; мясной; лекарственный; дынный; металлический; молочный; мятный; ландышевый; грибной; мускусный; затхлый; натуральный; ореховый; без запаха; маслянистый; луковый; апельсиновый; апельсиновый цвет; ирисовый корень; озоновый; персиковый; грушевый; фенольный; сосновый; ананасовый; сливовый; попкорн; картофельный; пудровый; резкий; редисочный; малиновый; спелый; обжаренный; розовый; ромовый; сандаловый; пикантный; резкий; дымный; мыльный; растворитель; кислый; пряный; клубничный; сернистый; потный; сладкий; чайный; терпеновый; табачный; томатный; тропический; ванильный; овощной; ветиверовый; фиалковый; тёплый; восковой; сорняковый; винный; древесный; ]. Не пишите никаких комментариев.,Какие из следующих описаний запаха относятся к молекуле 2-Ethyl-4-prop-1-en-2-ylpyridine? Выберите все подходящие из [алкогольный; альдегидный; луковый; миндальный; амбровый; анималистический; анисовый; яблочный; абрикосовый; ароматический; бальзамический; банановый; говяжий; бергамотовый; ягодный; горький; чёрная смородина; бренди; горелый; сливочный; капустный; камфорный; карамельный; кедровый; сельдерейный; ромашковый; сырный; вишнёвый; шоколадный; корица; цитрусовый; чистый; гвоздичный; какао; кокосовый; кофейный; коньячный; варёный; охлаждающий; корковый; кумариновый; кремовый; огуречный; молочный; сухой; землистый; эфирный; жирный; ферментированный; рыбный; цветочный; свежий; фруктовая кожура; фруктовый; чесночный; газовый; гераниевый; виноградный; грейпфрутовый; травянистый; зелёный; боярышник; сеновой; фундуковый; травяной; медовый; гиацинтовый; жасминовый; сочный; кетоновый; лактонный; лавандовый; листовой; кожаный; лимонный; лилейный; солодовый; мясной; лекарственный; дынный; металлический; молочный; мятный; ландышевый; грибной; мускусный; затхлый; натуральный; ореховый; без запаха; маслянистый; луковый; апельсиновый; апельсиновый цвет; ирисовый корень; озоновый; персиковый; грушевый; фенольный; сосновый; ананасовый; сливовый; попкорн; картофельный; пудровый; резкий; редисочный; малиновый; спелый; обжаренный; розовый; ромовый; сандаловый; пикантный; резкий; дымный; мыльный; растворитель; кислый; пряный; клубничный; сернистый; потный; сладкий; чайный; терпеновый; табачный; томатный; тропический; ванильный; овощной; ветиверовый; фиалковый; тёплый; восковой; сорняковый; винный; древесный; ]. Не пишите никаких комментариев.,травяной;горький;ореховый;,,ореховый; попкорн; обжаренный; землистый,"табачный
кожаный
зеленый
травянистый
терпеновый
ореховый
обжаренный
пряный",680,685,6648,4234,3302,1721
55,"1(3H)-Isobenzofuranone, 3-butylidene-",CCCC=C1OC(=O)c2ccccc21,,,алкогольный; альдегидный; луковый; миндальный; амбровый; анималистический; анисовый; яблочный; абрикосовый; ароматический; бальзамический; банановый; говяжий; бергамотовый; ягодный; горький; чёрная смородина; бренди; горелый; сливочный; капустный; камфорный; карамельный; кедровый; сельдерейный; ромашковый; сырный; вишнёвый; шоколадный; корица; цитрусовый; чистый; гвоздичный; какао; кокосовый; кофейный; коньячный; варёный; охлаждающий; корковый; кумариновый; кремовый; огуречный; молочный; сухой; землистый; эфирный; жирный; ферментированный; рыбный; цветочный; свежий; фруктовая кожура; фруктовый; чесночный; газовый; гераниевый; виноградный; грейпфрутовый; травянистый; зелёный; боярышник; сеновой; фундуковый; травяной; медовый; гиацинтовый; жасминовый; сочный; кетоновый; лактонный; лавандовый; листовой; кожаный; лимонный; лилейный; солодовый; мясной; лекарственный; дынный; металлический; молочный; мятный; ландышевый; грибной; мускусный; затхлый; натуральный; ореховый; без запаха; маслянистый; луковый; апельсиновый; апельсиновый цвет; ирисовый корень; озоновый; персиковый; грушевый; фенольный; сосновый; ананасовый; сливовый; попкорн; картофельный; пудровый; резкий; редисочный; малиновый; спелый; обжаренный; розовый; ромовый; сандаловый; пикантный; резкий; дымный; мыльный; растворитель; кислый; пряный; клубничный; сернистый; потный; сладкий; чайный; терпеновый; табачный; томатный; тропический; ванильный; овощной; ветиверовый; фиалковый; тёплый; восковой; сорняковый; винный; древесный; ,rata,Какие из следующих описаний запаха относятся к молекуле CCCC=C1OC(=O)c2ccccc21? Выберите все подходящие из [алкогольный; альдегидный; луковый; миндальный; амбровый; анималистический; анисовый; яблочный; абрикосовый; ароматический; бальзамический; банановый; говяжий; бергамотовый; ягодный; горький; чёрная смородина; бренди; горелый; сливочный; капустный; камфорный; карамельный; кедровый; сельдерейный; ромашковый; сырный; вишнёвый; шоколадный; корица; цитрусовый; чистый; гвоздичный; какао; кокосовый; кофейный; коньячный; варёный; охлаждающий; корковый; кумариновый; кремовый; огуречный; молочный; сухой; землистый; эфирный; жирный; ферментированный; рыбный; цветочный; свежий; фруктовая кожура; фруктовый; чесночный; газовый; гераниевый; виноградный; грейпфрутовый; травянистый; зелёный; боярышник; сеновой; фундуковый; травяной; медовый; гиацинтовый; жасминовый; сочный; кетоновый; лактонный; лавандовый; листовой; кожаный; лимонный; лилейный; солодовый; мясной; лекарственный; дынный; металлический; молочный; мятный; ландышевый; грибной; мускусный; затхлый; натуральный; ореховый; без запаха; маслянистый; луковый; апельсиновый; апельсиновый цвет; ирисовый корень; озоновый; персиковый; грушевый; фенольный; сосновый; ананасовый; сливовый; попкорн; картофельный; пудровый; резкий; редисочный; малиновый; спелый; обжаренный; розовый; ромовый; сандаловый; пикантный; резкий; дымный; мыльный; растворитель; кислый; пряный; клубничный; сернистый; потный; сладкий; чайный; терпеновый; табачный; томатный; тропический; ванильный; овощной; ветиверовый; фиалковый; тёплый; восковой; сорняковый; винный; древесный; ]. Не пишите никаких комментариев.,"Какие из следующих описаний запаха относятся к молекуле 1(3H)-Isobenzofuranone, 3-butylidene-? Выберите все подходящие из [алкогольный; альдегидный; луковый; миндальный; амбровый; анималистический; анисовый; яблочный; абрикосовый; ароматический; бальзамический; банановый; говяжий; бергамотовый; ягодный; горький; чёрная смородина; бренди; горелый; сливочный; капустный; камфорный; карамельный; кедровый; сельдерейный; ромашковый; сырный; вишнёвый; шоколадный; корица; цитрусовый; чистый; гвоздичный; какао; кокосовый; кофейный; коньячный; варёный; охлаждающий; корковый; кумариновый; кремовый; огуречный; молочный; сухой; землистый; эфирный; жирный; ферментированный; рыбный; цветочный; свежий; фруктовая кожура; фруктовый; чесночный; газовый; гераниевый; виноградный; грейпфрутовый; травянистый; зелёный; боярышник; сеновой; фундуковый; травяной; медовый; гиацинтовый; жасминовый; сочный; кетоновый; лактонный; лавандовый; листовой; кожаный; лимонный; лилейный; солодовый; мясной; лекарственный; дынный; металлический; молочный; мятный; ландышевый; грибной; мускусный; затхлый; натуральный; ореховый; без запаха; маслянистый; луковый; апельсиновый; апельсиновый цвет; ирисовый корень; озоновый; персиковый; грушевый; фенольный; сосновый; ананасовый; сливовый; попкорн; картофельный; пудровый; резкий; редисочный; малиновый; спелый; обжаренный; розовый; ромовый; сандаловый; пикантный; резкий; дымный; мыльный; растворитель; кислый; пряный; клубничный; сернистый; потный; сладкий; чайный; терпеновый; табачный; томатный; тропический; ванильный; овощной; ветиверовый; фиалковый; тёплый; восковой; сорняковый; винный; древесный; ]. Не пишите никаких комментариев.",овощной;сельдерейный;травяной;зелёный;,,сельдерейный; зеленый; травянистый,"сельдерейный
травянистый
зелёный",681,688,7919,528,3932,230
56,Heptadecanoic Acid,CCCCCCCCCCCCCCCCC(=O)O,,,алкогольный; альдегидный; луковый; миндальный; амбровый; анималистический; анисовый; яблочный; абрикосовый; ароматический; бальзамический; банановый; говяжий; бергамотовый; ягодный; горький; чёрная смородина; бренди; горелый; сливочный; капустный; камфорный; карамельный; кедровый; сельдерейный; ромашковый; сырный; вишнёвый; шоколадный; корица; цитрусовый; чистый; гвоздичный; какао; кокосовый; кофейный; коньячный; варёный; охлаждающий; корковый; кумариновый; кремовый; огуречный; молочный; сухой; землистый; эфирный; жирный; ферментированный; рыбный; цветочный; свежий; фруктовая кожура; фруктовый; чесночный; газовый; гераниевый; виноградный; грейпфрутовый; травянистый; зелёный; боярышник; сеновой; фундуковый; травяной; медовый; гиацинтовый; жасминовый; сочный; кетоновый; лактонный; лавандовый; листовой; кожаный; лимонный; лилейный; солодовый; мясной; лекарственный; дынный; металлический; молочный; мятный; ландышевый; грибной; мускусный; затхлый; натуральный; ореховый; без запаха; маслянистый; луковый; апельсиновый; апельсиновый цвет; ирисовый корень; озоновый; персиковый; грушевый; фенольный; сосновый; ананасовый; сливовый; попкорн; картофельный; пудровый; резкий; редисочный; малиновый; спелый; обжаренный; розовый; ромовый; сандаловый; пикантный; резкий; дымный; мыльный; растворитель; кислый; пряный; клубничный; сернистый; потный; сладкий; чайный; терпеновый; табачный; томатный; тропический; ванильный; овощной; ветиверовый; фиалковый; тёплый; восковой; сорняковый; винный; древесный; ,rata,Какие из следующих описаний запаха относятся к молекуле CCCCCCCCCCCCCCCCC(=O)O? Выберите все подходящие из [алкогольный; альдегидный; луковый; миндальный; амбровый; анималистический; анисовый; яблочный; абрикосовый; ароматический; бальзамический; банановый; говяжий; бергамотовый; ягодный; горький; чёрная смородина; бренди; горелый; сливочный; капустный; камфорный; карамельный; кедровый; сельдерейный; ромашковый; сырный; вишнёвый; шоколадный; корица; цитрусовый; чистый; гвоздичный; какао; кокосовый; кофейный; коньячный; варёный; охлаждающий; корковый; кумариновый; кремовый; огуречный; молочный; сухой; землистый; эфирный; жирный; ферментированный; рыбный; цветочный; свежий; фруктовая кожура; фруктовый; чесночный; газовый; гераниевый; виноградный; грейпфрутовый; травянистый; зелёный; боярышник; сеновой; фундуковый; травяной; медовый; гиацинтовый; жасминовый; сочный; кетоновый; лактонный; лавандовый; листовой; кожаный; лимонный; лилейный; солодовый; мясной; лекарственный; дынный; металлический; молочный; мятный; ландышевый; грибной; мускусный; затхлый; натуральный; ореховый; без запаха; маслянистый; луковый; апельсиновый; апельсиновый цвет; ирисовый корень; озоновый; персиковый; грушевый; фенольный; сосновый; ананасовый; сливовый; попкорн; картофельный; пудровый; резкий; редисочный; малиновый; спелый; обжаренный; розовый; ромовый; сандаловый; пикантный; резкий; дымный; мыльный; растворитель; кислый; пряный; клубничный; сернистый; потный; сладкий; чайный; терпеновый; табачный; томатный; тропический; ванильный; овощной; ветиверовый; фиалковый; тёплый; восковой; сорняковый; винный; древесный; ]. Не пишите никаких комментариев.,Какие из следующих описаний запаха относятся к молекуле Heptadecanoic Acid? Выберите все подходящие из [алкогольный; альдегидный; луковый; миндальный; амбровый; анималистический; анисовый; яблочный; абрикосовый; ароматический; бальзамический; банановый; говяжий; бергамотовый; ягодный; горький; чёрная смородина; бренди; горелый; сливочный; капустный; камфорный; карамельный; кедровый; сельдерейный; ромашковый; сырный; вишнёвый; шоколадный; корица; цитрусовый; чистый; гвоздичный; какао; кокосовый; кофейный; коньячный; варёный; охлаждающий; корковый; кумариновый; кремовый; огуречный; молочный; сухой; землистый; эфирный; жирный; ферментированный; рыбный; цветочный; свежий; фруктовая кожура; фруктовый; чесночный; газовый; гераниевый; виноградный; грейпфрутовый; травянистый; зелёный; боярышник; сеновой; фундуковый; травяной; медовый; гиацинтовый; жасминовый; сочный; кетоновый; лактонный; лавандовый; листовой; кожаный; лимонный; лилейный; солодовый; мясной; лекарственный; дынный; металлический; молочный; мятный; ландышевый; грибной; мускусный; затхлый; натуральный; ореховый; без запаха; маслянистый; луковый; апельсиновый; апельсиновый цвет; ирисовый корень; озоновый; персиковый; грушевый; фенольный; сосновый; ананасовый; сливовый; попкорн; картофельный; пудровый; резкий; редисочный; малиновый; спелый; обжаренный; розовый; ромовый; сандаловый; пикантный; резкий; дымный; мыльный; растворитель; кислый; пряный; клубничный; сернистый; потный; сладкий; чайный; терпеновый; табачный; томатный; тропический; ванильный; овощной; ветиверовый; фиалковый; тёплый; восковой; сорняковый; винный; древесный; ]. Не пишите никаких комментариев.,жирный;восковой;,,"жирный
восковой
мыльный
маслянистый","без запаха
жирный
маслянистый
мыльный
восковой",680,675,2197,1285,1162,707
57,"3,4,4-Trimethyl-1,2-cyclopentanedione",CC1=C(O)C(=O)CC1(C)C,,,алкогольный; альдегидный; луковый; миндальный; амбровый; анималистический; анисовый; яблочный; абрикосовый; ароматический; бальзамический; банановый; говяжий; бергамотовый; ягодный; горький; чёрная смородина; бренди; горелый; сливочный; капустный; камфорный; карамельный; кедровый; сельдерейный; ромашковый; сырный; вишнёвый; шоколадный; корица; цитрусовый; чистый; гвоздичный; какао; кокосовый; кофейный; коньячный; варёный; охлаждающий; корковый; кумариновый; кремовый; огуречный; молочный; сухой; землистый; эфирный; жирный; ферментированный; рыбный; цветочный; свежий; фруктовая кожура; фруктовый; чесночный; газовый; гераниевый; виноградный; грейпфрутовый; травянистый; зелёный; боярышник; сеновой; фундуковый; травяной; медовый; гиацинтовый; жасминовый; сочный; кетоновый; лактонный; лавандовый; листовой; кожаный; лимонный; лилейный; солодовый; мясной; лекарственный; дынный; металлический; молочный; мятный; ландышевый; грибной; мускусный; затхлый; натуральный; ореховый; без запаха; маслянистый; луковый; апельсиновый; апельсиновый цвет; ирисовый корень; озоновый; персиковый; грушевый; фенольный; сосновый; ананасовый; сливовый; попкорн; картофельный; пудровый; резкий; редисочный; малиновый; спелый; обжаренный; розовый; ромовый; сандаловый; пикантный; резкий; дымный; мыльный; растворитель; кислый; пряный; клубничный; сернистый; потный; сладкий; чайный; терпеновый; табачный; томатный; тропический; ванильный; овощной; ветиверовый; фиалковый; тёплый; восковой; сорняковый; винный; древесный; ,rata,Какие из следующих описаний запаха относятся к молекуле CC1=C(O)C(=O)CC1(C)C? Выберите все подходящие из [алкогольный; альдегидный; луковый; миндальный; амбровый; анималистический; анисовый; яблочный; абрикосовый; ароматический; бальзамический; банановый; говяжий; бергамотовый; ягодный; горький; чёрная смородина; бренди; горелый; сливочный; капустный; камфорный; карамельный; кедровый; сельдерейный; ромашковый; сырный; вишнёвый; шоколадный; корица; цитрусовый; чистый; гвоздичный; какао; кокосовый; кофейный; коньячный; варёный; охлаждающий; корковый; кумариновый; кремовый; огуречный; молочный; сухой; землистый; эфирный; жирный; ферментированный; рыбный; цветочный; свежий; фруктовая кожура; фруктовый; чесночный; газовый; гераниевый; виноградный; грейпфрутовый; травянистый; зелёный; боярышник; сеновой; фундуковый; травяной; медовый; гиацинтовый; жасминовый; сочный; кетоновый; лактонный; лавандовый; листовой; кожаный; лимонный; лилейный; солодовый; мясной; лекарственный; дынный; металлический; молочный; мятный; ландышевый; грибной; мускусный; затхлый; натуральный; ореховый; без запаха; маслянистый; луковый; апельсиновый; апельсиновый цвет; ирисовый корень; озоновый; персиковый; грушевый; фенольный; сосновый; ананасовый; сливовый; попкорн; картофельный; пудровый; резкий; редисочный; малиновый; спелый; обжаренный; розовый; ромовый; сандаловый; пикантный; резкий; дымный; мыльный; растворитель; кислый; пряный; клубничный; сернистый; потный; сладкий; чайный; терпеновый; табачный; томатный; тропический; ванильный; овощной; ветиверовый; фиалковый; тёплый; восковой; сорняковый; винный; древесный; ]. Не пишите никаких комментариев.,"Какие из следующих описаний запаха относятся к молекуле 3,4,4-Trimethyl-1,2-cyclopentanedione? Выберите все подходящие из [алкогольный; альдегидный; луковый; миндальный; амбровый; анималистический; анисовый; яблочный; абрикосовый; ароматический; бальзамический; банановый; говяжий; бергамотовый; ягодный; горький; чёрная смородина; бренди; горелый; сливочный; капустный; камфорный; карамельный; кедровый; сельдерейный; ромашковый; сырный; вишнёвый; шоколадный; корица; цитрусовый; чистый; гвоздичный; какао; кокосовый; кофейный; коньячный; варёный; охлаждающий; корковый; кумариновый; кремовый; огуречный; молочный; сухой; землистый; эфирный; жирный; ферментированный; рыбный; цветочный; свежий; фруктовая кожура; фруктовый; чесночный; газовый; гераниевый; виноградный; грейпфрутовый; травянистый; зелёный; боярышник; сеновой; фундуковый; травяной; медовый; гиацинтовый; жасминовый; сочный; кетоновый; лактонный; лавандовый; листовой; кожаный; лимонный; лилейный; солодовый; мясной; лекарственный; дынный; металлический; молочный; мятный; ландышевый; грибной; мускусный; затхлый; натуральный; ореховый; без запаха; маслянистый; луковый; апельсиновый; апельсиновый цвет; ирисовый корень; озоновый; персиковый; грушевый; фенольный; сосновый; ананасовый; сливовый; попкорн; картофельный; пудровый; резкий; редисочный; малиновый; спелый; обжаренный; розовый; ромовый; сандаловый; пикантный; резкий; дымный; мыльный; растворитель; кислый; пряный; клубничный; сернистый; потный; сладкий; чайный; терпеновый; табачный; томатный; тропический; ванильный; овощной; ветиверовый; фиалковый; тёплый; восковой; сорняковый; винный; древесный; ]. Не пишите никаких комментариев.",сладкий;горелый;,,карамельный; фруктовый; ореховый; сладкий,[карамельный; ореховый; обжаренный; кетоновый; сливочный],681,687,12456,276,6620,124
58,"Ethyl-2,4-dioxohexanoate",CCOC(=O)C(=O)CC(=O)CC,,,алкогольный; альдегидный; луковый; миндальный; амбровый; анималистический; анисовый; яблочный; абрикосовый; ароматический; бальзамический; банановый; говяжий; бергамотовый; ягодный; горький; чёрная смородина; бренди; горелый; сливочный; капустный; камфорный; карамельный; кедровый; сельдерейный; ромашковый; сырный; вишнёвый; шоколадный; корица; цитрусовый; чистый; гвоздичный; какао; кокосовый; кофейный; коньячный; варёный; охлаждающий; корковый; кумариновый; кремовый; огуречный; молочный; сухой; землистый; эфирный; жирный; ферментированный; рыбный; цветочный; свежий; фруктовая кожура; фруктовый; чесночный; газовый; гераниевый; виноградный; грейпфрутовый; травянистый; зелёный; боярышник; сеновой; фундуковый; травяной; медовый; гиацинтовый; жасминовый; сочный; кетоновый; лактонный; лавандовый; листовой; кожаный; лимонный; лилейный; солодовый; мясной; лекарственный; дынный; металлический; молочный; мятный; ландышевый; грибной; мускусный; затхлый; натуральный; ореховый; без запаха; маслянистый; луковый; апельсиновый; апельсиновый цвет; ирисовый корень; озоновый; персиковый; грушевый; фенольный; сосновый; ананасовый; сливовый; попкорн; картофельный; пудровый; резкий; редисочный; малиновый; спелый; обжаренный; розовый; ромовый; сандаловый; пикантный; резкий; дымный; мыльный; растворитель; кислый; пряный; клубничный; сернистый; потный; сладкий; чайный; терпеновый; табачный; томатный; тропический; ванильный; овощной; ветиверовый; фиалковый; тёплый; восковой; сорняковый; винный; древесный; ,rata,Какие из следующих описаний запаха относятся к молекуле CCOC(=O)C(=O)CC(=O)CC? Выберите все подходящие из [алкогольный; альдегидный; луковый; миндальный; амбровый; анималистический; анисовый; яблочный; абрикосовый; ароматический; бальзамический; банановый; говяжий; бергамотовый; ягодный; горький; чёрная смородина; бренди; горелый; сливочный; капустный; камфорный; карамельный; кедровый; сельдерейный; ромашковый; сырный; вишнёвый; шоколадный; корица; цитрусовый; чистый; гвоздичный; какао; кокосовый; кофейный; коньячный; варёный; охлаждающий; корковый; кумариновый; кремовый; огуречный; молочный; сухой; землистый; эфирный; жирный; ферментированный; рыбный; цветочный; свежий; фруктовая кожура; фруктовый; чесночный; газовый; гераниевый; виноградный; грейпфрутовый; травянистый; зелёный; боярышник; сеновой; фундуковый; травяной; медовый; гиацинтовый; жасминовый; сочный; кетоновый; лактонный; лавандовый; листовой; кожаный; лимонный; лилейный; солодовый; мясной; лекарственный; дынный; металлический; молочный; мятный; ландышевый; грибной; мускусный; затхлый; натуральный; ореховый; без запаха; маслянистый; луковый; апельсиновый; апельсиновый цвет; ирисовый корень; озоновый; персиковый; грушевый; фенольный; сосновый; ананасовый; сливовый; попкорн; картофельный; пудровый; резкий; редисочный; малиновый; спелый; обжаренный; розовый; ромовый; сандаловый; пикантный; резкий; дымный; мыльный; растворитель; кислый; пряный; клубничный; сернистый; потный; сладкий; чайный; терпеновый; табачный; томатный; тропический; ванильный; овощной; ветиверовый; фиалковый; тёплый; восковой; сорняковый; винный; древесный; ]. Не пишите никаких комментариев.,"Какие из следующих описаний запаха относятся к молекуле Ethyl-2,4-dioxohexanoate? Выберите все подходящие из [алкогольный; альдегидный; луковый; миндальный; амбровый; анималистический; анисовый; яблочный; абрикосовый; ароматический; бальзамический; банановый; говяжий; бергамотовый; ягодный; горький; чёрная смородина; бренди; горелый; сливочный; капустный; камфорный; карамельный; кедровый; сельдерейный; ромашковый; сырный; вишнёвый; шоколадный; корица; цитрусовый; чистый; гвоздичный; какао; кокосовый; кофейный; коньячный; варёный; охлаждающий; корковый; кумариновый; кремовый; огуречный; молочный; сухой; землистый; эфирный; жирный; ферментированный; рыбный; цветочный; свежий; фруктовая кожура; фруктовый; чесночный; газовый; гераниевый; виноградный; грейпфрутовый; травянистый; зелёный; боярышник; сеновой; фундуковый; травяной; медовый; гиацинтовый; жасминовый; сочный; кетоновый; лактонный; лавандовый; листовой; кожаный; лимонный; лилейный; солодовый; мясной; лекарственный; дынный; металлический; молочный; мятный; ландышевый; грибной; мускусный; затхлый; натуральный; ореховый; без запаха; маслянистый; луковый; апельсиновый; апельсиновый цвет; ирисовый корень; озоновый; персиковый; грушевый; фенольный; сосновый; ананасовый; сливовый; попкорн; картофельный; пудровый; резкий; редисочный; малиновый; спелый; обжаренный; розовый; ромовый; сандаловый; пикантный; резкий; дымный; мыльный; растворитель; кислый; пряный; клубничный; сернистый; потный; сладкий; чайный; терпеновый; табачный; томатный; тропический; ванильный; овощной; ветиверовый; фиалковый; тёплый; восковой; сорняковый; винный; древесный; ]. Не пишите никаких комментариев.",цветочный;лактонный;фруктовый;горелый;карамельный;,,сливочный; карамельный; попкорн; кремовый; жирный; сладкий; фруктовый; молочный; маслянистый,"[фруктовый, карамельный, ягодный, клубничный, сладкий]",683,681,7546,2519,3905,1189
59,"3-Methyl-5-(2,2,3-trimethylcyclopent-3-en-1-yl)pent-3-en-2-one",CC(=O)C(C)=CCC1CC=C(C)C1(C)C,,,алкогольный; альдегидный; луковый; миндальный; амбровый; анималистический; анисовый; яблочный; абрикосовый; ароматический; бальзамический; банановый; говяжий; бергамотовый; ягодный; горький; чёрная смородина; бренди; горелый; сливочный; капустный; камфорный; карамельный; кедровый; сельдерейный; ромашковый; сырный; вишнёвый; шоколадный; корица; цитрусовый; чистый; гвоздичный; какао; кокосовый; кофейный; коньячный; варёный; охлаждающий; корковый; кумариновый; кремовый; огуречный; молочный; сухой; землистый; эфирный; жирный; ферментированный; рыбный; цветочный; свежий; фруктовая кожура; фруктовый; чесночный; газовый; гераниевый; виноградный; грейпфрутовый; травянистый; зелёный; боярышник; сеновой; фундуковый; травяной; медовый; гиацинтовый; жасминовый; сочный; кетоновый; лактонный; лавандовый; листовой; кожаный; лимонный; лилейный; солодовый; мясной; лекарственный; дынный; металлический; молочный; мятный; ландышевый; грибной; мускусный; затхлый; натуральный; ореховый; без запаха; маслянистый; луковый; апельсиновый; апельсиновый цвет; ирисовый корень; озоновый; персиковый; грушевый; фенольный; сосновый; ананасовый; сливовый; попкорн; картофельный; пудровый; резкий; редисочный; малиновый; спелый; обжаренный; розовый; ромовый; сандаловый; пикантный; резкий; дымный; мыльный; растворитель; кислый; пряный; клубничный; сернистый; потный; сладкий; чайный; терпеновый; табачный; томатный; тропический; ванильный; овощной; ветиверовый; фиалковый; тёплый; восковой; сорняковый; винный; древесный; ,rata,Какие из следующих описаний запаха относятся к молекуле CC(=O)C(C)=CCC1CC=C(C)C1(C)C? Выберите все подходящие из [алкогольный; альдегидный; луковый; миндальный; амбровый; анималистический; анисовый; яблочный; абрикосовый; ароматический; бальзамический; банановый; говяжий; бергамотовый; ягодный; горький; чёрная смородина; бренди; горелый; сливочный; капустный; камфорный; карамельный; кедровый; сельдерейный; ромашковый; сырный; вишнёвый; шоколадный; корица; цитрусовый; чистый; гвоздичный; какао; кокосовый; кофейный; коньячный; варёный; охлаждающий; корковый; кумариновый; кремовый; огуречный; молочный; сухой; землистый; эфирный; жирный; ферментированный; рыбный; цветочный; свежий; фруктовая кожура; фруктовый; чесночный; газовый; гераниевый; виноградный; грейпфрутовый; травянистый; зелёный; боярышник; сеновой; фундуковый; травяной; медовый; гиацинтовый; жасминовый; сочный; кетоновый; лактонный; лавандовый; листовой; кожаный; лимонный; лилейный; солодовый; мясной; лекарственный; дынный; металлический; молочный; мятный; ландышевый; грибной; мускусный; затхлый; натуральный; ореховый; без запаха; маслянистый; луковый; апельсиновый; апельсиновый цвет; ирисовый корень; озоновый; персиковый; грушевый; фенольный; сосновый; ананасовый; сливовый; попкорн; картофельный; пудровый; резкий; редисочный; малиновый; спелый; обжаренный; розовый; ромовый; сандаловый; пикантный; резкий; дымный; мыльный; растворитель; кислый; пряный; клубничный; сернистый; потный; сладкий; чайный; терпеновый; табачный; томатный; тропический; ванильный; овощной; ветиверовый; фиалковый; тёплый; восковой; сорняковый; винный; древесный; ]. Не пишите никаких комментариев.,"Какие из следующих описаний запаха относятся к молекуле 3-Methyl-5-(2,2,3-trimethylcyclopent-3-en-1-yl)pent-3-en-2-one? Выберите все подходящие из [алкогольный; альдегидный; луковый; миндальный; амбровый; анималистический; анисовый; яблочный; абрикосовый; ароматический; бальзамический; банановый; говяжий; бергамотовый; ягодный; горький; чёрная смородина; бренди; горелый; сливочный; капустный; камфорный; карамельный; кедровый; сельдерейный; ромашковый; сырный; вишнёвый; шоколадный; корица; цитрусовый; чистый; гвоздичный; какао; кокосовый; кофейный; коньячный; варёный; охлаждающий; корковый; кумариновый; кремовый; огуречный; молочный; сухой; землистый; эфирный; жирный; ферментированный; рыбный; цветочный; свежий; фруктовая кожура; фруктовый; чесночный; газовый; гераниевый; виноградный; грейпфрутовый; травянистый; зелёный; боярышник; сеновой; фундуковый; травяной; медовый; гиацинтовый; жасминовый; сочный; кетоновый; лактонный; лавандовый; листовой; кожаный; лимонный; лилейный; солодовый; мясной; лекарственный; дынный; металлический; молочный; мятный; ландышевый; грибной; мускусный; затхлый; натуральный; ореховый; без запаха; маслянистый; луковый; апельсиновый; апельсиновый цвет; ирисовый корень; озоновый; персиковый; грушевый; фенольный; сосновый; ананасовый; сливовый; попкорн; картофельный; пудровый; резкий; редисочный; малиновый; спелый; обжаренный; розовый; ромовый; сандаловый; пикантный; резкий; дымный; мыльный; растворитель; кислый; пряный; клубничный; сернистый; потный; сладкий; чайный; терпеновый; табачный; томатный; тропический; ванильный; овощной; ветиверовый; фиалковый; тёплый; восковой; сорняковый; винный; древесный; ]. Не пишите никаких комментариев.",древесный;ирисовый корень;сандаловый;цветочный;пудровый;,,"грейпфрутовый
цитрусовый
фруктовый
терпеновый","древесный
терпеновый",684,700,7105,2916,3490,1469
60,Benzyl acetate,CC(=O)OCc1ccccc1,,,алкогольный; альдегидный; луковый; миндальный; амбровый; анималистический; анисовый; яблочный; абрикосовый; ароматический; бальзамический; банановый; говяжий; бергамотовый; ягодный; горький; чёрная смородина; бренди; горелый; сливочный; капустный; камфорный; карамельный; кедровый; сельдерейный; ромашковый; сырный; вишнёвый; шоколадный; корица; цитрусовый; чистый; гвоздичный; какао; кокосовый; кофейный; коньячный; варёный; охлаждающий; корковый; кумариновый; кремовый; огуречный; молочный; сухой; землистый; эфирный; жирный; ферментированный; рыбный; цветочный; свежий; фруктовая кожура; фруктовый; чесночный; газовый; гераниевый; виноградный; грейпфрутовый; травянистый; зелёный; боярышник; сеновой; фундуковый; травяной; медовый; гиацинтовый; жасминовый; сочный; кетоновый; лактонный; лавандовый; листовой; кожаный; лимонный; лилейный; солодовый; мясной; лекарственный; дынный; металлический; молочный; мятный; ландышевый; грибной; мускусный; затхлый; натуральный; ореховый; без запаха; маслянистый; луковый; апельсиновый; апельсиновый цвет; ирисовый корень; озоновый; персиковый; грушевый; фенольный; сосновый; ананасовый; сливовый; попкорн; картофельный; пудровый; резкий; редисочный; малиновый; спелый; обжаренный; розовый; ромовый; сандаловый; пикантный; резкий; дымный; мыльный; растворитель; кислый; пряный; клубничный; сернистый; потный; сладкий; чайный; терпеновый; табачный; томатный; тропический; ванильный; овощной; ветиверовый; фиалковый; тёплый; восковой; сорняковый; винный; древесный; ,rata,Какие из следующих описаний запаха относятся к молекуле CC(=O)OCc1ccccc1? Выберите все подходящие из [алкогольный; альдегидный; луковый; миндальный; амбровый; анималистический; анисовый; яблочный; абрикосовый; ароматический; бальзамический; банановый; говяжий; бергамотовый; ягодный; горький; чёрная смородина; бренди; горелый; сливочный; капустный; камфорный; карамельный; кедровый; сельдерейный; ромашковый; сырный; вишнёвый; шоколадный; корица; цитрусовый; чистый; гвоздичный; какао; кокосовый; кофейный; коньячный; варёный; охлаждающий; корковый; кумариновый; кремовый; огуречный; молочный; сухой; землистый; эфирный; жирный; ферментированный; рыбный; цветочный; свежий; фруктовая кожура; фруктовый; чесночный; газовый; гераниевый; виноградный; грейпфрутовый; травянистый; зелёный; боярышник; сеновой; фундуковый; травяной; медовый; гиацинтовый; жасминовый; сочный; кетоновый; лактонный; лавандовый; листовой; кожаный; лимонный; лилейный; солодовый; мясной; лекарственный; дынный; металлический; молочный; мятный; ландышевый; грибной; мускусный; затхлый; натуральный; ореховый; без запаха; маслянистый; луковый; апельсиновый; апельсиновый цвет; ирисовый корень; озоновый; персиковый; грушевый; фенольный; сосновый; ананасовый; сливовый; попкорн; картофельный; пудровый; резкий; редисочный; малиновый; спелый; обжаренный; розовый; ромовый; сандаловый; пикантный; резкий; дымный; мыльный; растворитель; кислый; пряный; клубничный; сернистый; потный; сладкий; чайный; терпеновый; табачный; томатный; тропический; ванильный; овощной; ветиверовый; фиалковый; тёплый; восковой; сорняковый; винный; древесный; ]. Не пишите никаких комментариев.,Какие из следующих описаний запаха относятся к молекуле Benzyl acetate? Выберите все подходящие из [алкогольный; альдегидный; луковый; миндальный; амбровый; анималистический; анисовый; яблочный; абрикосовый; ароматический; бальзамический; банановый; говяжий; бергамотовый; ягодный; горький; чёрная смородина; бренди; горелый; сливочный; капустный; камфорный; карамельный; кедровый; сельдерейный; ромашковый; сырный; вишнёвый; шоколадный; корица; цитрусовый; чистый; гвоздичный; какао; кокосовый; кофейный; коньячный; варёный; охлаждающий; корковый; кумариновый; кремовый; огуречный; молочный; сухой; землистый; эфирный; жирный; ферментированный; рыбный; цветочный; свежий; фруктовая кожура; фруктовый; чесночный; газовый; гераниевый; виноградный; грейпфрутовый; травянистый; зелёный; боярышник; сеновой; фундуковый; травяной; медовый; гиацинтовый; жасминовый; сочный; кетоновый; лактонный; лавандовый; листовой; кожаный; лимонный; лилейный; солодовый; мясной; лекарственный; дынный; металлический; молочный; мятный; ландышевый; грибной; мускусный; затхлый; натуральный; ореховый; без запаха; маслянистый; луковый; апельсиновый; апельсиновый цвет; ирисовый корень; озоновый; персиковый; грушевый; фенольный; сосновый; ананасовый; сливовый; попкорн; картофельный; пудровый; резкий; редисочный; малиновый; спелый; обжаренный; розовый; ромовый; сандаловый; пикантный; резкий; дымный; мыльный; растворитель; кислый; пряный; клубничный; сернистый; потный; сладкий; чайный; терпеновый; табачный; томатный; тропический; ванильный; овощной; ветиверовый; фиалковый; тёплый; восковой; сорняковый; винный; древесный; ]. Не пишите никаких комментариев.,свежий;цветочный;фруктовый;сладкий;жасминовый;,,"яблочный
грушевый
жасминовый
клубничный
фруктовый
цветочный
сладкий","цветочный
жасминовый
грушевый
фруктовая кожура
сладкий",679,672,2923,243,1444,115
61,"1,2-Dihydroperillaldehyde",C=C(C)C1CCC(C=O)CC1,,,алкогольный; альдегидный; луковый; миндальный; амбровый; анималистический; анисовый; яблочный; абрикосовый; ароматический; бальзамический; банановый; говяжий; бергамотовый; ягодный; горький; чёрная смородина; бренди; горелый; сливочный; капустный; камфорный; карамельный; кедровый; сельдерейный; ромашковый; сырный; вишнёвый; шоколадный; корица; цитрусовый; чистый; гвоздичный; какао; кокосовый; кофейный; коньячный; варёный; охлаждающий; корковый; кумариновый; кремовый; огуречный; молочный; сухой; землистый; эфирный; жирный; ферментированный; рыбный; цветочный; свежий; фруктовая кожура; фруктовый; чесночный; газовый; гераниевый; виноградный; грейпфрутовый; травянистый; зелёный; боярышник; сеновой; фундуковый; травяной; медовый; гиацинтовый; жасминовый; сочный; кетоновый; лактонный; лавандовый; листовой; кожаный; лимонный; лилейный; солодовый; мясной; лекарственный; дынный; металлический; молочный; мятный; ландышевый; грибной; мускусный; затхлый; натуральный; ореховый; без запаха; маслянистый; луковый; апельсиновый; апельсиновый цвет; ирисовый корень; озоновый; персиковый; грушевый; фенольный; сосновый; ананасовый; сливовый; попкорн; картофельный; пудровый; резкий; редисочный; малиновый; спелый; обжаренный; розовый; ромовый; сандаловый; пикантный; резкий; дымный; мыльный; растворитель; кислый; пряный; клубничный; сернистый; потный; сладкий; чайный; терпеновый; табачный; томатный; тропический; ванильный; овощной; ветиверовый; фиалковый; тёплый; восковой; сорняковый; винный; древесный; ,rata,Какие из следующих описаний запаха относятся к молекуле C=C(C)C1CCC(C=O)CC1? Выберите все подходящие из [алкогольный; альдегидный; луковый; миндальный; амбровый; анималистический; анисовый; яблочный; абрикосовый; ароматический; бальзамический; банановый; говяжий; бергамотовый; ягодный; горький; чёрная смородина; бренди; горелый; сливочный; капустный; камфорный; карамельный; кедровый; сельдерейный; ромашковый; сырный; вишнёвый; шоколадный; корица; цитрусовый; чистый; гвоздичный; какао; кокосовый; кофейный; коньячный; варёный; охлаждающий; корковый; кумариновый; кремовый; огуречный; молочный; сухой; землистый; эфирный; жирный; ферментированный; рыбный; цветочный; свежий; фруктовая кожура; фруктовый; чесночный; газовый; гераниевый; виноградный; грейпфрутовый; травянистый; зелёный; боярышник; сеновой; фундуковый; травяной; медовый; гиацинтовый; жасминовый; сочный; кетоновый; лактонный; лавандовый; листовой; кожаный; лимонный; лилейный; солодовый; мясной; лекарственный; дынный; металлический; молочный; мятный; ландышевый; грибной; мускусный; затхлый; натуральный; ореховый; без запаха; маслянистый; луковый; апельсиновый; апельсиновый цвет; ирисовый корень; озоновый; персиковый; грушевый; фенольный; сосновый; ананасовый; сливовый; попкорн; картофельный; пудровый; резкий; редисочный; малиновый; спелый; обжаренный; розовый; ромовый; сандаловый; пикантный; резкий; дымный; мыльный; растворитель; кислый; пряный; клубничный; сернистый; потный; сладкий; чайный; терпеновый; табачный; томатный; тропический; ванильный; овощной; ветиверовый; фиалковый; тёплый; восковой; сорняковый; винный; древесный; ]. Не пишите никаких комментариев.,"Какие из следующих описаний запаха относятся к молекуле 1,2-Dihydroperillaldehyde? Выберите все подходящие из [алкогольный; альдегидный; луковый; миндальный; амбровый; анималистический; анисовый; яблочный; абрикосовый; ароматический; бальзамический; банановый; говяжий; бергамотовый; ягодный; горький; чёрная смородина; бренди; горелый; сливочный; капустный; камфорный; карамельный; кедровый; сельдерейный; ромашковый; сырный; вишнёвый; шоколадный; корица; цитрусовый; чистый; гвоздичный; какао; кокосовый; кофейный; коньячный; варёный; охлаждающий; корковый; кумариновый; кремовый; огуречный; молочный; сухой; землистый; эфирный; жирный; ферментированный; рыбный; цветочный; свежий; фруктовая кожура; фруктовый; чесночный; газовый; гераниевый; виноградный; грейпфрутовый; травянистый; зелёный; боярышник; сеновой; фундуковый; травяной; медовый; гиацинтовый; жасминовый; сочный; кетоновый; лактонный; лавандовый; листовой; кожаный; лимонный; лилейный; солодовый; мясной; лекарственный; дынный; металлический; молочный; мятный; ландышевый; грибной; мускусный; затхлый; натуральный; ореховый; без запаха; маслянистый; луковый; апельсиновый; апельсиновый цвет; ирисовый корень; озоновый; персиковый; грушевый; фенольный; сосновый; ананасовый; сливовый; попкорн; картофельный; пудровый; резкий; редисочный; малиновый; спелый; обжаренный; розовый; ромовый; сандаловый; пикантный; резкий; дымный; мыльный; растворитель; кислый; пряный; клубничный; сернистый; потный; сладкий; чайный; терпеновый; табачный; томатный; тропический; ванильный; овощной; ветиверовый; фиалковый; тёплый; восковой; сорняковый; винный; древесный; ]. Не пишите никаких комментариев.",травяной;пряный;фруктовый;,,альдегидный; зеленый; травянистый; древесный; терпеновый,"альдегидный, анисовый, цитрусовый, травянистый, травяной, зелёный, лимонный, апельсиновый, терпеновый",681,678,8669,2827,4247,1315
62,"7-Methyl-4,4a,5,6-tetrahydro-2(3H)-naphthalenone",CC1=CC2=CC(=O)CCC2CC1,,,алкогольный; альдегидный; луковый; миндальный; амбровый; анималистический; анисовый; яблочный; абрикосовый; ароматический; бальзамический; банановый; говяжий; бергамотовый; ягодный; горький; чёрная смородина; бренди; горелый; сливочный; капустный; камфорный; карамельный; кедровый; сельдерейный; ромашковый; сырный; вишнёвый; шоколадный; корица; цитрусовый; чистый; гвоздичный; какао; кокосовый; кофейный; коньячный; варёный; охлаждающий; корковый; кумариновый; кремовый; огуречный; молочный; сухой; землистый; эфирный; жирный; ферментированный; рыбный; цветочный; свежий; фруктовая кожура; фруктовый; чесночный; газовый; гераниевый; виноградный; грейпфрутовый; травянистый; зелёный; боярышник; сеновой; фундуковый; травяной; медовый; гиацинтовый; жасминовый; сочный; кетоновый; лактонный; лавандовый; листовой; кожаный; лимонный; лилейный; солодовый; мясной; лекарственный; дынный; металлический; молочный; мятный; ландышевый; грибной; мускусный; затхлый; натуральный; ореховый; без запаха; маслянистый; луковый; апельсиновый; апельсиновый цвет; ирисовый корень; озоновый; персиковый; грушевый; фенольный; сосновый; ананасовый; сливовый; попкорн; картофельный; пудровый; резкий; редисочный; малиновый; спелый; обжаренный; розовый; ромовый; сандаловый; пикантный; резкий; дымный; мыльный; растворитель; кислый; пряный; клубничный; сернистый; потный; сладкий; чайный; терпеновый; табачный; томатный; тропический; ванильный; овощной; ветиверовый; фиалковый; тёплый; восковой; сорняковый; винный; древесный; ,rata,Какие из следующих описаний запаха относятся к молекуле CC1=CC2=CC(=O)CCC2CC1? Выберите все подходящие из [алкогольный; альдегидный; луковый; миндальный; амбровый; анималистический; анисовый; яблочный; абрикосовый; ароматический; бальзамический; банановый; говяжий; бергамотовый; ягодный; горький; чёрная смородина; бренди; горелый; сливочный; капустный; камфорный; карамельный; кедровый; сельдерейный; ромашковый; сырный; вишнёвый; шоколадный; корица; цитрусовый; чистый; гвоздичный; какао; кокосовый; кофейный; коньячный; варёный; охлаждающий; корковый; кумариновый; кремовый; огуречный; молочный; сухой; землистый; эфирный; жирный; ферментированный; рыбный; цветочный; свежий; фруктовая кожура; фруктовый; чесночный; газовый; гераниевый; виноградный; грейпфрутовый; травянистый; зелёный; боярышник; сеновой; фундуковый; травяной; медовый; гиацинтовый; жасминовый; сочный; кетоновый; лактонный; лавандовый; листовой; кожаный; лимонный; лилейный; солодовый; мясной; лекарственный; дынный; металлический; молочный; мятный; ландышевый; грибной; мускусный; затхлый; натуральный; ореховый; без запаха; маслянистый; луковый; апельсиновый; апельсиновый цвет; ирисовый корень; озоновый; персиковый; грушевый; фенольный; сосновый; ананасовый; сливовый; попкорн; картофельный; пудровый; резкий; редисочный; малиновый; спелый; обжаренный; розовый; ромовый; сандаловый; пикантный; резкий; дымный; мыльный; растворитель; кислый; пряный; клубничный; сернистый; потный; сладкий; чайный; терпеновый; табачный; томатный; тропический; ванильный; овощной; ветиверовый; фиалковый; тёплый; восковой; сорняковый; винный; древесный; ]. Не пишите никаких комментариев.,"Какие из следующих описаний запаха относятся к молекуле 7-Methyl-4,4a,5,6-tetrahydro-2(3H)-naphthalenone? Выберите все подходящие из [алкогольный; альдегидный; луковый; миндальный; амбровый; анималистический; анисовый; яблочный; абрикосовый; ароматический; бальзамический; банановый; говяжий; бергамотовый; ягодный; горький; чёрная смородина; бренди; горелый; сливочный; капустный; камфорный; карамельный; кедровый; сельдерейный; ромашковый; сырный; вишнёвый; шоколадный; корица; цитрусовый; чистый; гвоздичный; какао; кокосовый; кофейный; коньячный; варёный; охлаждающий; корковый; кумариновый; кремовый; огуречный; молочный; сухой; землистый; эфирный; жирный; ферментированный; рыбный; цветочный; свежий; фруктовая кожура; фруктовый; чесночный; газовый; гераниевый; виноградный; грейпфрутовый; травянистый; зелёный; боярышник; сеновой; фундуковый; травяной; медовый; гиацинтовый; жасминовый; сочный; кетоновый; лактонный; лавандовый; листовой; кожаный; лимонный; лилейный; солодовый; мясной; лекарственный; дынный; металлический; молочный; мятный; ландышевый; грибной; мускусный; затхлый; натуральный; ореховый; без запаха; маслянистый; луковый; апельсиновый; апельсиновый цвет; ирисовый корень; озоновый; персиковый; грушевый; фенольный; сосновый; ананасовый; сливовый; попкорн; картофельный; пудровый; резкий; редисочный; малиновый; спелый; обжаренный; розовый; ромовый; сандаловый; пикантный; резкий; дымный; мыльный; растворитель; кислый; пряный; клубничный; сернистый; потный; сладкий; чайный; терпеновый; табачный; томатный; тропический; ванильный; овощной; ветиверовый; фиалковый; тёплый; восковой; сорняковый; винный; древесный; ]. Не пишите никаких комментариев.",табачный;кокосовый;кумариновый;фруктовый;,,грейпфрутовый; цитрусовый; фруктовый; терпеновый,"амбровый
древесный
кедровый
мускусный",683,696,7660,343,3922,149
63,"Phenylacetic acid, 2-methylphenyl ester",Cc1ccccc1OC(=O)Cc1ccccc1,,,алкогольный; альдегидный; луковый; миндальный; амбровый; анималистический; анисовый; яблочный; абрикосовый; ароматический; бальзамический; банановый; говяжий; бергамотовый; ягодный; горький; чёрная смородина; бренди; горелый; сливочный; капустный; камфорный; карамельный; кедровый; сельдерейный; ромашковый; сырный; вишнёвый; шоколадный; корица; цитрусовый; чистый; гвоздичный; какао; кокосовый; кофейный; коньячный; варёный; охлаждающий; корковый; кумариновый; кремовый; огуречный; молочный; сухой; землистый; эфирный; жирный; ферментированный; рыбный; цветочный; свежий; фруктовая кожура; фруктовый; чесночный; газовый; гераниевый; виноградный; грейпфрутовый; травянистый; зелёный; боярышник; сеновой; фундуковый; травяной; медовый; гиацинтовый; жасминовый; сочный; кетоновый; лактонный; лавандовый; листовой; кожаный; лимонный; лилейный; солодовый; мясной; лекарственный; дынный; металлический; молочный; мятный; ландышевый; грибной; мускусный; затхлый; натуральный; ореховый; без запаха; маслянистый; луковый; апельсиновый; апельсиновый цвет; ирисовый корень; озоновый; персиковый; грушевый; фенольный; сосновый; ананасовый; сливовый; попкорн; картофельный; пудровый; резкий; редисочный; малиновый; спелый; обжаренный; розовый; ромовый; сандаловый; пикантный; резкий; дымный; мыльный; растворитель; кислый; пряный; клубничный; сернистый; потный; сладкий; чайный; терпеновый; табачный; томатный; тропический; ванильный; овощной; ветиверовый; фиалковый; тёплый; восковой; сорняковый; винный; древесный; ,rata,Какие из следующих описаний запаха относятся к молекуле Cc1ccccc1OC(=O)Cc1ccccc1? Выберите все подходящие из [алкогольный; альдегидный; луковый; миндальный; амбровый; анималистический; анисовый; яблочный; абрикосовый; ароматический; бальзамический; банановый; говяжий; бергамотовый; ягодный; горький; чёрная смородина; бренди; горелый; сливочный; капустный; камфорный; карамельный; кедровый; сельдерейный; ромашковый; сырный; вишнёвый; шоколадный; корица; цитрусовый; чистый; гвоздичный; какао; кокосовый; кофейный; коньячный; варёный; охлаждающий; корковый; кумариновый; кремовый; огуречный; молочный; сухой; землистый; эфирный; жирный; ферментированный; рыбный; цветочный; свежий; фруктовая кожура; фруктовый; чесночный; газовый; гераниевый; виноградный; грейпфрутовый; травянистый; зелёный; боярышник; сеновой; фундуковый; травяной; медовый; гиацинтовый; жасминовый; сочный; кетоновый; лактонный; лавандовый; листовой; кожаный; лимонный; лилейный; солодовый; мясной; лекарственный; дынный; металлический; молочный; мятный; ландышевый; грибной; мускусный; затхлый; натуральный; ореховый; без запаха; маслянистый; луковый; апельсиновый; апельсиновый цвет; ирисовый корень; озоновый; персиковый; грушевый; фенольный; сосновый; ананасовый; сливовый; попкорн; картофельный; пудровый; резкий; редисочный; малиновый; спелый; обжаренный; розовый; ромовый; сандаловый; пикантный; резкий; дымный; мыльный; растворитель; кислый; пряный; клубничный; сернистый; потный; сладкий; чайный; терпеновый; табачный; томатный; тропический; ванильный; овощной; ветиверовый; фиалковый; тёплый; восковой; сорняковый; винный; древесный; ]. Не пишите никаких комментариев.,"Какие из следующих описаний запаха относятся к молекуле Phenylacetic acid, 2-methylphenyl ester? Выберите все подходящие из [алкогольный; альдегидный; луковый; миндальный; амбровый; анималистический; анисовый; яблочный; абрикосовый; ароматический; бальзамический; банановый; говяжий; бергамотовый; ягодный; горький; чёрная смородина; бренди; горелый; сливочный; капустный; камфорный; карамельный; кедровый; сельдерейный; ромашковый; сырный; вишнёвый; шоколадный; корица; цитрусовый; чистый; гвоздичный; какао; кокосовый; кофейный; коньячный; варёный; охлаждающий; корковый; кумариновый; кремовый; огуречный; молочный; сухой; землистый; эфирный; жирный; ферментированный; рыбный; цветочный; свежий; фруктовая кожура; фруктовый; чесночный; газовый; гераниевый; виноградный; грейпфрутовый; травянистый; зелёный; боярышник; сеновой; фундуковый; травяной; медовый; гиацинтовый; жасминовый; сочный; кетоновый; лактонный; лавандовый; листовой; кожаный; лимонный; лилейный; солодовый; мясной; лекарственный; дынный; металлический; молочный; мятный; ландышевый; грибной; мускусный; затхлый; натуральный; ореховый; без запаха; маслянистый; луковый; апельсиновый; апельсиновый цвет; ирисовый корень; озоновый; персиковый; грушевый; фенольный; сосновый; ананасовый; сливовый; попкорн; картофельный; пудровый; резкий; редисочный; малиновый; спелый; обжаренный; розовый; ромовый; сандаловый; пикантный; резкий; дымный; мыльный; растворитель; кислый; пряный; клубничный; сернистый; потный; сладкий; чайный; терпеновый; табачный; томатный; тропический; ванильный; овощной; ветиверовый; фиалковый; тёплый; восковой; сорняковый; винный; древесный; ]. Не пишите никаких комментариев.",цветочный;фенольный;медовый;бальзамический;,,медовый; цветочный; жасминовый; гиацинтовый; розовый; фруктовый; сладкий; бальзамический,миндальный; абрикосовый; бальзамический; горький; горелый; цветочный; фруктовый; медовый; гиацинтовый; жасминовый; лилейный; лекарственный; мускусный; апельсиновый цвет; персиковый; фенольный; пудровый; дымный; пряный; потный; сладкий; ванильный; фиалковый; тёплый; древесный,684,679,2229,2543,1004,1172
64,Prenyl thioacetate,CC(=O)SCC=C(C)C,,,алкогольный; альдегидный; луковый; миндальный; амбровый; анималистический; анисовый; яблочный; абрикосовый; ароматический; бальзамический; банановый; говяжий; бергамотовый; ягодный; горький; чёрная смородина; бренди; горелый; сливочный; капустный; камфорный; карамельный; кедровый; сельдерейный; ромашковый; сырный; вишнёвый; шоколадный; корица; цитрусовый; чистый; гвоздичный; какао; кокосовый; кофейный; коньячный; варёный; охлаждающий; корковый; кумариновый; кремовый; огуречный; молочный; сухой; землистый; эфирный; жирный; ферментированный; рыбный; цветочный; свежий; фруктовая кожура; фруктовый; чесночный; газовый; гераниевый; виноградный; грейпфрутовый; травянистый; зелёный; боярышник; сеновой; фундуковый; травяной; медовый; гиацинтовый; жасминовый; сочный; кетоновый; лактонный; лавандовый; листовой; кожаный; лимонный; лилейный; солодовый; мясной; лекарственный; дынный; металлический; молочный; мятный; ландышевый; грибной; мускусный; затхлый; натуральный; ореховый; без запаха; маслянистый; луковый; апельсиновый; апельсиновый цвет; ирисовый корень; озоновый; персиковый; грушевый; фенольный; сосновый; ананасовый; сливовый; попкорн; картофельный; пудровый; резкий; редисочный; малиновый; спелый; обжаренный; розовый; ромовый; сандаловый; пикантный; резкий; дымный; мыльный; растворитель; кислый; пряный; клубничный; сернистый; потный; сладкий; чайный; терпеновый; табачный; томатный; тропический; ванильный; овощной; ветиверовый; фиалковый; тёплый; восковой; сорняковый; винный; древесный; ,rata,Какие из следующих описаний запаха относятся к молекуле CC(=O)SCC=C(C)C? Выберите все подходящие из [алкогольный; альдегидный; луковый; миндальный; амбровый; анималистический; анисовый; яблочный; абрикосовый; ароматический; бальзамический; банановый; говяжий; бергамотовый; ягодный; горький; чёрная смородина; бренди; горелый; сливочный; капустный; камфорный; карамельный; кедровый; сельдерейный; ромашковый; сырный; вишнёвый; шоколадный; корица; цитрусовый; чистый; гвоздичный; какао; кокосовый; кофейный; коньячный; варёный; охлаждающий; корковый; кумариновый; кремовый; огуречный; молочный; сухой; землистый; эфирный; жирный; ферментированный; рыбный; цветочный; свежий; фруктовая кожура; фруктовый; чесночный; газовый; гераниевый; виноградный; грейпфрутовый; травянистый; зелёный; боярышник; сеновой; фундуковый; травяной; медовый; гиацинтовый; жасминовый; сочный; кетоновый; лактонный; лавандовый; листовой; кожаный; лимонный; лилейный; солодовый; мясной; лекарственный; дынный; металлический; молочный; мятный; ландышевый; грибной; мускусный; затхлый; натуральный; ореховый; без запаха; маслянистый; луковый; апельсиновый; апельсиновый цвет; ирисовый корень; озоновый; персиковый; грушевый; фенольный; сосновый; ананасовый; сливовый; попкорн; картофельный; пудровый; резкий; редисочный; малиновый; спелый; обжаренный; розовый; ромовый; сандаловый; пикантный; резкий; дымный; мыльный; растворитель; кислый; пряный; клубничный; сернистый; потный; сладкий; чайный; терпеновый; табачный; томатный; тропический; ванильный; овощной; ветиверовый; фиалковый; тёплый; восковой; сорняковый; винный; древесный; ]. Не пишите никаких комментариев.,Какие из следующих описаний запаха относятся к молекуле Prenyl thioacetate? Выберите все подходящие из [алкогольный; альдегидный; луковый; миндальный; амбровый; анималистический; анисовый; яблочный; абрикосовый; ароматический; бальзамический; банановый; говяжий; бергамотовый; ягодный; горький; чёрная смородина; бренди; горелый; сливочный; капустный; камфорный; карамельный; кедровый; сельдерейный; ромашковый; сырный; вишнёвый; шоколадный; корица; цитрусовый; чистый; гвоздичный; какао; кокосовый; кофейный; коньячный; варёный; охлаждающий; корковый; кумариновый; кремовый; огуречный; молочный; сухой; землистый; эфирный; жирный; ферментированный; рыбный; цветочный; свежий; фруктовая кожура; фруктовый; чесночный; газовый; гераниевый; виноградный; грейпфрутовый; травянистый; зелёный; боярышник; сеновой; фундуковый; травяной; медовый; гиацинтовый; жасминовый; сочный; кетоновый; лактонный; лавандовый; листовой; кожаный; лимонный; лилейный; солодовый; мясной; лекарственный; дынный; металлический; молочный; мятный; ландышевый; грибной; мускусный; затхлый; натуральный; ореховый; без запаха; маслянистый; луковый; апельсиновый; апельсиновый цвет; ирисовый корень; озоновый; персиковый; грушевый; фенольный; сосновый; ананасовый; сливовый; попкорн; картофельный; пудровый; резкий; редисочный; малиновый; спелый; обжаренный; розовый; ромовый; сандаловый; пикантный; резкий; дымный; мыльный; растворитель; кислый; пряный; клубничный; сернистый; потный; сладкий; чайный; терпеновый; табачный; томатный; тропический; ванильный; овощной; ветиверовый; фиалковый; тёплый; восковой; сорняковый; винный; древесный; ]. Не пишите никаких комментариев.,зелёный;тропический;фруктовый;сернистый;,,"чёрная смородина
сернистый
тропический
фруктовый
ягодный","луковый
чесночный
сернистый
газовый
грейпфрутовый
тропический
фруктовый
цитрусовый",677,675,7561,2724,4053,1210
65,Allyl decanoate,C=CCOC(=O)CCCCCCCCC,,,алкогольный; альдегидный; луковый; миндальный; амбровый; анималистический; анисовый; яблочный; абрикосовый; ароматический; бальзамический; банановый; говяжий; бергамотовый; ягодный; горький; чёрная смородина; бренди; горелый; сливочный; капустный; камфорный; карамельный; кедровый; сельдерейный; ромашковый; сырный; вишнёвый; шоколадный; корица; цитрусовый; чистый; гвоздичный; какао; кокосовый; кофейный; коньячный; варёный; охлаждающий; корковый; кумариновый; кремовый; огуречный; молочный; сухой; землистый; эфирный; жирный; ферментированный; рыбный; цветочный; свежий; фруктовая кожура; фруктовый; чесночный; газовый; гераниевый; виноградный; грейпфрутовый; травянистый; зелёный; боярышник; сеновой; фундуковый; травяной; медовый; гиацинтовый; жасминовый; сочный; кетоновый; лактонный; лавандовый; листовой; кожаный; лимонный; лилейный; солодовый; мясной; лекарственный; дынный; металлический; молочный; мятный; ландышевый; грибной; мускусный; затхлый; натуральный; ореховый; без запаха; маслянистый; луковый; апельсиновый; апельсиновый цвет; ирисовый корень; озоновый; персиковый; грушевый; фенольный; сосновый; ананасовый; сливовый; попкорн; картофельный; пудровый; резкий; редисочный; малиновый; спелый; обжаренный; розовый; ромовый; сандаловый; пикантный; резкий; дымный; мыльный; растворитель; кислый; пряный; клубничный; сернистый; потный; сладкий; чайный; терпеновый; табачный; томатный; тропический; ванильный; овощной; ветиверовый; фиалковый; тёплый; восковой; сорняковый; винный; древесный; ,rata,Какие из следующих описаний запаха относятся к молекуле C=CCOC(=O)CCCCCCCCC? Выберите все подходящие из [алкогольный; альдегидный; луковый; миндальный; амбровый; анималистический; анисовый; яблочный; абрикосовый; ароматический; бальзамический; банановый; говяжий; бергамотовый; ягодный; горький; чёрная смородина; бренди; горелый; сливочный; капустный; камфорный; карамельный; кедровый; сельдерейный; ромашковый; сырный; вишнёвый; шоколадный; корица; цитрусовый; чистый; гвоздичный; какао; кокосовый; кофейный; коньячный; варёный; охлаждающий; корковый; кумариновый; кремовый; огуречный; молочный; сухой; землистый; эфирный; жирный; ферментированный; рыбный; цветочный; свежий; фруктовая кожура; фруктовый; чесночный; газовый; гераниевый; виноградный; грейпфрутовый; травянистый; зелёный; боярышник; сеновой; фундуковый; травяной; медовый; гиацинтовый; жасминовый; сочный; кетоновый; лактонный; лавандовый; листовой; кожаный; лимонный; лилейный; солодовый; мясной; лекарственный; дынный; металлический; молочный; мятный; ландышевый; грибной; мускусный; затхлый; натуральный; ореховый; без запаха; маслянистый; луковый; апельсиновый; апельсиновый цвет; ирисовый корень; озоновый; персиковый; грушевый; фенольный; сосновый; ананасовый; сливовый; попкорн; картофельный; пудровый; резкий; редисочный; малиновый; спелый; обжаренный; розовый; ромовый; сандаловый; пикантный; резкий; дымный; мыльный; растворитель; кислый; пряный; клубничный; сернистый; потный; сладкий; чайный; терпеновый; табачный; томатный; тропический; ванильный; овощной; ветиверовый; фиалковый; тёплый; восковой; сорняковый; винный; древесный; ]. Не пишите никаких комментариев.,Какие из следующих описаний запаха относятся к молекуле Allyl decanoate? Выберите все подходящие из [алкогольный; альдегидный; луковый; миндальный; амбровый; анималистический; анисовый; яблочный; абрикосовый; ароматический; бальзамический; банановый; говяжий; бергамотовый; ягодный; горький; чёрная смородина; бренди; горелый; сливочный; капустный; камфорный; карамельный; кедровый; сельдерейный; ромашковый; сырный; вишнёвый; шоколадный; корица; цитрусовый; чистый; гвоздичный; какао; кокосовый; кофейный; коньячный; варёный; охлаждающий; корковый; кумариновый; кремовый; огуречный; молочный; сухой; землистый; эфирный; жирный; ферментированный; рыбный; цветочный; свежий; фруктовая кожура; фруктовый; чесночный; газовый; гераниевый; виноградный; грейпфрутовый; травянистый; зелёный; боярышник; сеновой; фундуковый; травяной; медовый; гиацинтовый; жасминовый; сочный; кетоновый; лактонный; лавандовый; листовой; кожаный; лимонный; лилейный; солодовый; мясной; лекарственный; дынный; металлический; молочный; мятный; ландышевый; грибной; мускусный; затхлый; натуральный; ореховый; без запаха; маслянистый; луковый; апельсиновый; апельсиновый цвет; ирисовый корень; озоновый; персиковый; грушевый; фенольный; сосновый; ананасовый; сливовый; попкорн; картофельный; пудровый; резкий; редисочный; малиновый; спелый; обжаренный; розовый; ромовый; сандаловый; пикантный; резкий; дымный; мыльный; растворитель; кислый; пряный; клубничный; сернистый; потный; сладкий; чайный; терпеновый; табачный; томатный; тропический; ванильный; овощной; ветиверовый; фиалковый; тёплый; восковой; сорняковый; винный; древесный; ]. Не пишите никаких комментариев.,жирный;фруктовый;сладкий;винный;ананасовый;,,фруктовый; виноградный; жирный; восковой,[абрикосовый; кокосовый; жирный; фруктовый; персиковый; восковой; ореховый; маслянистый; сливочный; сладкий],680,674,6890,2856,3783,1437
66,Diethoxymethane,CCOCOCC,,,алкогольный; альдегидный; луковый; миндальный; амбровый; анималистический; анисовый; яблочный; абрикосовый; ароматический; бальзамический; банановый; говяжий; бергамотовый; ягодный; горький; чёрная смородина; бренди; горелый; сливочный; капустный; камфорный; карамельный; кедровый; сельдерейный; ромашковый; сырный; вишнёвый; шоколадный; корица; цитрусовый; чистый; гвоздичный; какао; кокосовый; кофейный; коньячный; варёный; охлаждающий; корковый; кумариновый; кремовый; огуречный; молочный; сухой; землистый; эфирный; жирный; ферментированный; рыбный; цветочный; свежий; фруктовая кожура; фруктовый; чесночный; газовый; гераниевый; виноградный; грейпфрутовый; травянистый; зелёный; боярышник; сеновой; фундуковый; травяной; медовый; гиацинтовый; жасминовый; сочный; кетоновый; лактонный; лавандовый; листовой; кожаный; лимонный; лилейный; солодовый; мясной; лекарственный; дынный; металлический; молочный; мятный; ландышевый; грибной; мускусный; затхлый; натуральный; ореховый; без запаха; маслянистый; луковый; апельсиновый; апельсиновый цвет; ирисовый корень; озоновый; персиковый; грушевый; фенольный; сосновый; ананасовый; сливовый; попкорн; картофельный; пудровый; резкий; редисочный; малиновый; спелый; обжаренный; розовый; ромовый; сандаловый; пикантный; резкий; дымный; мыльный; растворитель; кислый; пряный; клубничный; сернистый; потный; сладкий; чайный; терпеновый; табачный; томатный; тропический; ванильный; овощной; ветиверовый; фиалковый; тёплый; восковой; сорняковый; винный; древесный; ,rata,Какие из следующих описаний запаха относятся к молекуле CCOCOCC? Выберите все подходящие из [алкогольный; альдегидный; луковый; миндальный; амбровый; анималистический; анисовый; яблочный; абрикосовый; ароматический; бальзамический; банановый; говяжий; бергамотовый; ягодный; горький; чёрная смородина; бренди; горелый; сливочный; капустный; камфорный; карамельный; кедровый; сельдерейный; ромашковый; сырный; вишнёвый; шоколадный; корица; цитрусовый; чистый; гвоздичный; какао; кокосовый; кофейный; коньячный; варёный; охлаждающий; корковый; кумариновый; кремовый; огуречный; молочный; сухой; землистый; эфирный; жирный; ферментированный; рыбный; цветочный; свежий; фруктовая кожура; фруктовый; чесночный; газовый; гераниевый; виноградный; грейпфрутовый; травянистый; зелёный; боярышник; сеновой; фундуковый; травяной; медовый; гиацинтовый; жасминовый; сочный; кетоновый; лактонный; лавандовый; листовой; кожаный; лимонный; лилейный; солодовый; мясной; лекарственный; дынный; металлический; молочный; мятный; ландышевый; грибной; мускусный; затхлый; натуральный; ореховый; без запаха; маслянистый; луковый; апельсиновый; апельсиновый цвет; ирисовый корень; озоновый; персиковый; грушевый; фенольный; сосновый; ананасовый; сливовый; попкорн; картофельный; пудровый; резкий; редисочный; малиновый; спелый; обжаренный; розовый; ромовый; сандаловый; пикантный; резкий; дымный; мыльный; растворитель; кислый; пряный; клубничный; сернистый; потный; сладкий; чайный; терпеновый; табачный; томатный; тропический; ванильный; овощной; ветиверовый; фиалковый; тёплый; восковой; сорняковый; винный; древесный; ]. Не пишите никаких комментариев.,Какие из следующих описаний запаха относятся к молекуле Diethoxymethane? Выберите все подходящие из [алкогольный; альдегидный; луковый; миндальный; амбровый; анималистический; анисовый; яблочный; абрикосовый; ароматический; бальзамический; банановый; говяжий; бергамотовый; ягодный; горький; чёрная смородина; бренди; горелый; сливочный; капустный; камфорный; карамельный; кедровый; сельдерейный; ромашковый; сырный; вишнёвый; шоколадный; корица; цитрусовый; чистый; гвоздичный; какао; кокосовый; кофейный; коньячный; варёный; охлаждающий; корковый; кумариновый; кремовый; огуречный; молочный; сухой; землистый; эфирный; жирный; ферментированный; рыбный; цветочный; свежий; фруктовая кожура; фруктовый; чесночный; газовый; гераниевый; виноградный; грейпфрутовый; травянистый; зелёный; боярышник; сеновой; фундуковый; травяной; медовый; гиацинтовый; жасминовый; сочный; кетоновый; лактонный; лавандовый; листовой; кожаный; лимонный; лилейный; солодовый; мясной; лекарственный; дынный; металлический; молочный; мятный; ландышевый; грибной; мускусный; затхлый; натуральный; ореховый; без запаха; маслянистый; луковый; апельсиновый; апельсиновый цвет; ирисовый корень; озоновый; персиковый; грушевый; фенольный; сосновый; ананасовый; сливовый; попкорн; картофельный; пудровый; резкий; редисочный; малиновый; спелый; обжаренный; розовый; ромовый; сандаловый; пикантный; резкий; дымный; мыльный; растворитель; кислый; пряный; клубничный; сернистый; потный; сладкий; чайный; терпеновый; табачный; томатный; тропический; ванильный; овощной; ветиверовый; фиалковый; тёплый; восковой; сорняковый; винный; древесный; ]. Не пишите никаких комментариев.,сладкий;фруктовый;ферментированный;эфирный;,,эфирный; фруктовый; зелёный; травянистый; травяной; свежий; огуречный,"эфирный
фруктовый
зеленый
травянистый
яблочный
цитрусовый",673,674,6081,672,2960,299
67,Menthyl octanoate,CCCCCCCC(=O)OC1CC(C)CCC1C(C)C,,,алкогольный; альдегидный; луковый; миндальный; амбровый; анималистический; анисовый; яблочный; абрикосовый; ароматический; бальзамический; банановый; говяжий; бергамотовый; ягодный; горький; чёрная смородина; бренди; горелый; сливочный; капустный; камфорный; карамельный; кедровый; сельдерейный; ромашковый; сырный; вишнёвый; шоколадный; корица; цитрусовый; чистый; гвоздичный; какао; кокосовый; кофейный; коньячный; варёный; охлаждающий; корковый; кумариновый; кремовый; огуречный; молочный; сухой; землистый; эфирный; жирный; ферментированный; рыбный; цветочный; свежий; фруктовая кожура; фруктовый; чесночный; газовый; гераниевый; виноградный; грейпфрутовый; травянистый; зелёный; боярышник; сеновой; фундуковый; травяной; медовый; гиацинтовый; жасминовый; сочный; кетоновый; лактонный; лавандовый; листовой; кожаный; лимонный; лилейный; солодовый; мясной; лекарственный; дынный; металлический; молочный; мятный; ландышевый; грибной; мускусный; затхлый; натуральный; ореховый; без запаха; маслянистый; луковый; апельсиновый; апельсиновый цвет; ирисовый корень; озоновый; персиковый; грушевый; фенольный; сосновый; ананасовый; сливовый; попкорн; картофельный; пудровый; резкий; редисочный; малиновый; спелый; обжаренный; розовый; ромовый; сандаловый; пикантный; резкий; дымный; мыльный; растворитель; кислый; пряный; клубничный; сернистый; потный; сладкий; чайный; терпеновый; табачный; томатный; тропический; ванильный; овощной; ветиверовый; фиалковый; тёплый; восковой; сорняковый; винный; древесный; ,rata,Какие из следующих описаний запаха относятся к молекуле CCCCCCCC(=O)OC1CC(C)CCC1C(C)C? Выберите все подходящие из [алкогольный; альдегидный; луковый; миндальный; амбровый; анималистический; анисовый; яблочный; абрикосовый; ароматический; бальзамический; банановый; говяжий; бергамотовый; ягодный; горький; чёрная смородина; бренди; горелый; сливочный; капустный; камфорный; карамельный; кедровый; сельдерейный; ромашковый; сырный; вишнёвый; шоколадный; корица; цитрусовый; чистый; гвоздичный; какао; кокосовый; кофейный; коньячный; варёный; охлаждающий; корковый; кумариновый; кремовый; огуречный; молочный; сухой; землистый; эфирный; жирный; ферментированный; рыбный; цветочный; свежий; фруктовая кожура; фруктовый; чесночный; газовый; гераниевый; виноградный; грейпфрутовый; травянистый; зелёный; боярышник; сеновой; фундуковый; травяной; медовый; гиацинтовый; жасминовый; сочный; кетоновый; лактонный; лавандовый; листовой; кожаный; лимонный; лилейный; солодовый; мясной; лекарственный; дынный; металлический; молочный; мятный; ландышевый; грибной; мускусный; затхлый; натуральный; ореховый; без запаха; маслянистый; луковый; апельсиновый; апельсиновый цвет; ирисовый корень; озоновый; персиковый; грушевый; фенольный; сосновый; ананасовый; сливовый; попкорн; картофельный; пудровый; резкий; редисочный; малиновый; спелый; обжаренный; розовый; ромовый; сандаловый; пикантный; резкий; дымный; мыльный; растворитель; кислый; пряный; клубничный; сернистый; потный; сладкий; чайный; терпеновый; табачный; томатный; тропический; ванильный; овощной; ветиверовый; фиалковый; тёплый; восковой; сорняковый; винный; древесный; ]. Не пишите никаких комментариев.,Какие из следующих описаний запаха относятся к молекуле Menthyl octanoate? Выберите все подходящие из [алкогольный; альдегидный; луковый; миндальный; амбровый; анималистический; анисовый; яблочный; абрикосовый; ароматический; бальзамический; банановый; говяжий; бергамотовый; ягодный; горький; чёрная смородина; бренди; горелый; сливочный; капустный; камфорный; карамельный; кедровый; сельдерейный; ромашковый; сырный; вишнёвый; шоколадный; корица; цитрусовый; чистый; гвоздичный; какао; кокосовый; кофейный; коньячный; варёный; охлаждающий; корковый; кумариновый; кремовый; огуречный; молочный; сухой; землистый; эфирный; жирный; ферментированный; рыбный; цветочный; свежий; фруктовая кожура; фруктовый; чесночный; газовый; гераниевый; виноградный; грейпфрутовый; травянистый; зелёный; боярышник; сеновой; фундуковый; травяной; медовый; гиацинтовый; жасминовый; сочный; кетоновый; лактонный; лавандовый; листовой; кожаный; лимонный; лилейный; солодовый; мясной; лекарственный; дынный; металлический; молочный; мятный; ландышевый; грибной; мускусный; затхлый; натуральный; ореховый; без запаха; маслянистый; луковый; апельсиновый; апельсиновый цвет; ирисовый корень; озоновый; персиковый; грушевый; фенольный; сосновый; ананасовый; сливовый; попкорн; картофельный; пудровый; резкий; редисочный; малиновый; спелый; обжаренный; розовый; ромовый; сандаловый; пикантный; резкий; дымный; мыльный; растворитель; кислый; пряный; клубничный; сернистый; потный; сладкий; чайный; терпеновый; табачный; томатный; тропический; ванильный; овощной; ветиверовый; фиалковый; тёплый; восковой; сорняковый; винный; древесный; ]. Не пишите никаких комментариев.,цветочный;мятный;травяной;,,охлаждающий; мятный; свежий; фруктовый; цитрусовый; зелёный; терпеновый; травяной,"Мятный
Фруктовый",685,675,3633,389,1670,215
68,2-Phenylethyl 2-ethylhexanoate,CCCCC(CC)C(=O)OCCc1ccccc1,,,алкогольный; альдегидный; луковый; миндальный; амбровый; анималистический; анисовый; яблочный; абрикосовый; ароматический; бальзамический; банановый; говяжий; бергамотовый; ягодный; горький; чёрная смородина; бренди; горелый; сливочный; капустный; камфорный; карамельный; кедровый; сельдерейный; ромашковый; сырный; вишнёвый; шоколадный; корица; цитрусовый; чистый; гвоздичный; какао; кокосовый; кофейный; коньячный; варёный; охлаждающий; корковый; кумариновый; кремовый; огуречный; молочный; сухой; землистый; эфирный; жирный; ферментированный; рыбный; цветочный; свежий; фруктовая кожура; фруктовый; чесночный; газовый; гераниевый; виноградный; грейпфрутовый; травянистый; зелёный; боярышник; сеновой; фундуковый; травяной; медовый; гиацинтовый; жасминовый; сочный; кетоновый; лактонный; лавандовый; листовой; кожаный; лимонный; лилейный; солодовый; мясной; лекарственный; дынный; металлический; молочный; мятный; ландышевый; грибной; мускусный; затхлый; натуральный; ореховый; без запаха; маслянистый; луковый; апельсиновый; апельсиновый цвет; ирисовый корень; озоновый; персиковый; грушевый; фенольный; сосновый; ананасовый; сливовый; попкорн; картофельный; пудровый; резкий; редисочный; малиновый; спелый; обжаренный; розовый; ромовый; сандаловый; пикантный; резкий; дымный; мыльный; растворитель; кислый; пряный; клубничный; сернистый; потный; сладкий; чайный; терпеновый; табачный; томатный; тропический; ванильный; овощной; ветиверовый; фиалковый; тёплый; восковой; сорняковый; винный; древесный; ,rata,Какие из следующих описаний запаха относятся к молекуле CCCCC(CC)C(=O)OCCc1ccccc1? Выберите все подходящие из [алкогольный; альдегидный; луковый; миндальный; амбровый; анималистический; анисовый; яблочный; абрикосовый; ароматический; бальзамический; банановый; говяжий; бергамотовый; ягодный; горький; чёрная смородина; бренди; горелый; сливочный; капустный; камфорный; карамельный; кедровый; сельдерейный; ромашковый; сырный; вишнёвый; шоколадный; корица; цитрусовый; чистый; гвоздичный; какао; кокосовый; кофейный; коньячный; варёный; охлаждающий; корковый; кумариновый; кремовый; огуречный; молочный; сухой; землистый; эфирный; жирный; ферментированный; рыбный; цветочный; свежий; фруктовая кожура; фруктовый; чесночный; газовый; гераниевый; виноградный; грейпфрутовый; травянистый; зелёный; боярышник; сеновой; фундуковый; травяной; медовый; гиацинтовый; жасминовый; сочный; кетоновый; лактонный; лавандовый; листовой; кожаный; лимонный; лилейный; солодовый; мясной; лекарственный; дынный; металлический; молочный; мятный; ландышевый; грибной; мускусный; затхлый; натуральный; ореховый; без запаха; маслянистый; луковый; апельсиновый; апельсиновый цвет; ирисовый корень; озоновый; персиковый; грушевый; фенольный; сосновый; ананасовый; сливовый; попкорн; картофельный; пудровый; резкий; редисочный; малиновый; спелый; обжаренный; розовый; ромовый; сандаловый; пикантный; резкий; дымный; мыльный; растворитель; кислый; пряный; клубничный; сернистый; потный; сладкий; чайный; терпеновый; табачный; томатный; тропический; ванильный; овощной; ветиверовый; фиалковый; тёплый; восковой; сорняковый; винный; древесный; ]. Не пишите никаких комментариев.,Какие из следующих описаний запаха относятся к молекуле 2-Phenylethyl 2-ethylhexanoate? Выберите все подходящие из [алкогольный; альдегидный; луковый; миндальный; амбровый; анималистический; анисовый; яблочный; абрикосовый; ароматический; бальзамический; банановый; говяжий; бергамотовый; ягодный; горький; чёрная смородина; бренди; горелый; сливочный; капустный; камфорный; карамельный; кедровый; сельдерейный; ромашковый; сырный; вишнёвый; шоколадный; корица; цитрусовый; чистый; гвоздичный; какао; кокосовый; кофейный; коньячный; варёный; охлаждающий; корковый; кумариновый; кремовый; огуречный; молочный; сухой; землистый; эфирный; жирный; ферментированный; рыбный; цветочный; свежий; фруктовая кожура; фруктовый; чесночный; газовый; гераниевый; виноградный; грейпфрутовый; травянистый; зелёный; боярышник; сеновой; фундуковый; травяной; медовый; гиацинтовый; жасминовый; сочный; кетоновый; лактонный; лавандовый; листовой; кожаный; лимонный; лилейный; солодовый; мясной; лекарственный; дынный; металлический; молочный; мятный; ландышевый; грибной; мускусный; затхлый; натуральный; ореховый; без запаха; маслянистый; луковый; апельсиновый; апельсиновый цвет; ирисовый корень; озоновый; персиковый; грушевый; фенольный; сосновый; ананасовый; сливовый; попкорн; картофельный; пудровый; резкий; редисочный; малиновый; спелый; обжаренный; розовый; ромовый; сандаловый; пикантный; резкий; дымный; мыльный; растворитель; кислый; пряный; клубничный; сернистый; потный; сладкий; чайный; терпеновый; табачный; томатный; тропический; ванильный; овощной; ветиверовый; фиалковый; тёплый; восковой; сорняковый; винный; древесный; ]. Не пишите никаких комментариев.,цветочный;ароматический;древесный;розовый;,,цветочный; фруктовый; розовый; сладкий; медовый,"абрикосовый
бальзамический
цветочный
фруктовый
медовый
персиковый
розовый
сладкий
тёплый
восковой
ягодный
тропический",683,683,9070,2208,4299,1045
69,Furfuryl ethyl ether,CCOCc1ccco1,,,алкогольный; альдегидный; луковый; миндальный; амбровый; анималистический; анисовый; яблочный; абрикосовый; ароматический; бальзамический; банановый; говяжий; бергамотовый; ягодный; горький; чёрная смородина; бренди; горелый; сливочный; капустный; камфорный; карамельный; кедровый; сельдерейный; ромашковый; сырный; вишнёвый; шоколадный; корица; цитрусовый; чистый; гвоздичный; какао; кокосовый; кофейный; коньячный; варёный; охлаждающий; корковый; кумариновый; кремовый; огуречный; молочный; сухой; землистый; эфирный; жирный; ферментированный; рыбный; цветочный; свежий; фруктовая кожура; фруктовый; чесночный; газовый; гераниевый; виноградный; грейпфрутовый; травянистый; зелёный; боярышник; сеновой; фундуковый; травяной; медовый; гиацинтовый; жасминовый; сочный; кетоновый; лактонный; лавандовый; листовой; кожаный; лимонный; лилейный; солодовый; мясной; лекарственный; дынный; металлический; молочный; мятный; ландышевый; грибной; мускусный; затхлый; натуральный; ореховый; без запаха; маслянистый; луковый; апельсиновый; апельсиновый цвет; ирисовый корень; озоновый; персиковый; грушевый; фенольный; сосновый; ананасовый; сливовый; попкорн; картофельный; пудровый; резкий; редисочный; малиновый; спелый; обжаренный; розовый; ромовый; сандаловый; пикантный; резкий; дымный; мыльный; растворитель; кислый; пряный; клубничный; сернистый; потный; сладкий; чайный; терпеновый; табачный; томатный; тропический; ванильный; овощной; ветиверовый; фиалковый; тёплый; восковой; сорняковый; винный; древесный; ,rata,Какие из следующих описаний запаха относятся к молекуле CCOCc1ccco1? Выберите все подходящие из [алкогольный; альдегидный; луковый; миндальный; амбровый; анималистический; анисовый; яблочный; абрикосовый; ароматический; бальзамический; банановый; говяжий; бергамотовый; ягодный; горький; чёрная смородина; бренди; горелый; сливочный; капустный; камфорный; карамельный; кедровый; сельдерейный; ромашковый; сырный; вишнёвый; шоколадный; корица; цитрусовый; чистый; гвоздичный; какао; кокосовый; кофейный; коньячный; варёный; охлаждающий; корковый; кумариновый; кремовый; огуречный; молочный; сухой; землистый; эфирный; жирный; ферментированный; рыбный; цветочный; свежий; фруктовая кожура; фруктовый; чесночный; газовый; гераниевый; виноградный; грейпфрутовый; травянистый; зелёный; боярышник; сеновой; фундуковый; травяной; медовый; гиацинтовый; жасминовый; сочный; кетоновый; лактонный; лавандовый; листовой; кожаный; лимонный; лилейный; солодовый; мясной; лекарственный; дынный; металлический; молочный; мятный; ландышевый; грибной; мускусный; затхлый; натуральный; ореховый; без запаха; маслянистый; луковый; апельсиновый; апельсиновый цвет; ирисовый корень; озоновый; персиковый; грушевый; фенольный; сосновый; ананасовый; сливовый; попкорн; картофельный; пудровый; резкий; редисочный; малиновый; спелый; обжаренный; розовый; ромовый; сандаловый; пикантный; резкий; дымный; мыльный; растворитель; кислый; пряный; клубничный; сернистый; потный; сладкий; чайный; терпеновый; табачный; томатный; тропический; ванильный; овощной; ветиверовый; фиалковый; тёплый; восковой; сорняковый; винный; древесный; ]. Не пишите никаких комментариев.,Какие из следующих описаний запаха относятся к молекуле Furfuryl ethyl ether? Выберите все подходящие из [алкогольный; альдегидный; луковый; миндальный; амбровый; анималистический; анисовый; яблочный; абрикосовый; ароматический; бальзамический; банановый; говяжий; бергамотовый; ягодный; горький; чёрная смородина; бренди; горелый; сливочный; капустный; камфорный; карамельный; кедровый; сельдерейный; ромашковый; сырный; вишнёвый; шоколадный; корица; цитрусовый; чистый; гвоздичный; какао; кокосовый; кофейный; коньячный; варёный; охлаждающий; корковый; кумариновый; кремовый; огуречный; молочный; сухой; землистый; эфирный; жирный; ферментированный; рыбный; цветочный; свежий; фруктовая кожура; фруктовый; чесночный; газовый; гераниевый; виноградный; грейпфрутовый; травянистый; зелёный; боярышник; сеновой; фундуковый; травяной; медовый; гиацинтовый; жасминовый; сочный; кетоновый; лактонный; лавандовый; листовой; кожаный; лимонный; лилейный; солодовый; мясной; лекарственный; дынный; металлический; молочный; мятный; ландышевый; грибной; мускусный; затхлый; натуральный; ореховый; без запаха; маслянистый; луковый; апельсиновый; апельсиновый цвет; ирисовый корень; озоновый; персиковый; грушевый; фенольный; сосновый; ананасовый; сливовый; попкорн; картофельный; пудровый; резкий; редисочный; малиновый; спелый; обжаренный; розовый; ромовый; сандаловый; пикантный; резкий; дымный; мыльный; растворитель; кислый; пряный; клубничный; сернистый; потный; сладкий; чайный; терпеновый; табачный; томатный; тропический; ванильный; овощной; ветиверовый; фиалковый; тёплый; восковой; сорняковый; винный; древесный; ]. Не пишите никаких комментариев.,сладкий;пряный;сливочный;ферментированный;эфирный;,,яблочный; банановый; виноградный; травянистый; зелёный; эфирный; фруктовый; грушевый; винный; сладкий,миндальный; горелый; карамельный; кофейный; фруктовый; ореховый; солодовый; обжаренный; дымный; сладкий.,676,674,5296,1774,2641,902
70,3-Methoxy-4-heptanone,CCCC(=O)C(CC)OC,,,алкогольный; альдегидный; луковый; миндальный; амбровый; анималистический; анисовый; яблочный; абрикосовый; ароматический; бальзамический; банановый; говяжий; бергамотовый; ягодный; горький; чёрная смородина; бренди; горелый; сливочный; капустный; камфорный; карамельный; кедровый; сельдерейный; ромашковый; сырный; вишнёвый; шоколадный; корица; цитрусовый; чистый; гвоздичный; какао; кокосовый; кофейный; коньячный; варёный; охлаждающий; корковый; кумариновый; кремовый; огуречный; молочный; сухой; землистый; эфирный; жирный; ферментированный; рыбный; цветочный; свежий; фруктовая кожура; фруктовый; чесночный; газовый; гераниевый; виноградный; грейпфрутовый; травянистый; зелёный; боярышник; сеновой; фундуковый; травяной; медовый; гиацинтовый; жасминовый; сочный; кетоновый; лактонный; лавандовый; листовой; кожаный; лимонный; лилейный; солодовый; мясной; лекарственный; дынный; металлический; молочный; мятный; ландышевый; грибной; мускусный; затхлый; натуральный; ореховый; без запаха; маслянистый; луковый; апельсиновый; апельсиновый цвет; ирисовый корень; озоновый; персиковый; грушевый; фенольный; сосновый; ананасовый; сливовый; попкорн; картофельный; пудровый; резкий; редисочный; малиновый; спелый; обжаренный; розовый; ромовый; сандаловый; пикантный; резкий; дымный; мыльный; растворитель; кислый; пряный; клубничный; сернистый; потный; сладкий; чайный; терпеновый; табачный; томатный; тропический; ванильный; овощной; ветиверовый; фиалковый; тёплый; восковой; сорняковый; винный; древесный; ,rata,Какие из следующих описаний запаха относятся к молекуле CCCC(=O)C(CC)OC? Выберите все подходящие из [алкогольный; альдегидный; луковый; миндальный; амбровый; анималистический; анисовый; яблочный; абрикосовый; ароматический; бальзамический; банановый; говяжий; бергамотовый; ягодный; горький; чёрная смородина; бренди; горелый; сливочный; капустный; камфорный; карамельный; кедровый; сельдерейный; ромашковый; сырный; вишнёвый; шоколадный; корица; цитрусовый; чистый; гвоздичный; какао; кокосовый; кофейный; коньячный; варёный; охлаждающий; корковый; кумариновый; кремовый; огуречный; молочный; сухой; землистый; эфирный; жирный; ферментированный; рыбный; цветочный; свежий; фруктовая кожура; фруктовый; чесночный; газовый; гераниевый; виноградный; грейпфрутовый; травянистый; зелёный; боярышник; сеновой; фундуковый; травяной; медовый; гиацинтовый; жасминовый; сочный; кетоновый; лактонный; лавандовый; листовой; кожаный; лимонный; лилейный; солодовый; мясной; лекарственный; дынный; металлический; молочный; мятный; ландышевый; грибной; мускусный; затхлый; натуральный; ореховый; без запаха; маслянистый; луковый; апельсиновый; апельсиновый цвет; ирисовый корень; озоновый; персиковый; грушевый; фенольный; сосновый; ананасовый; сливовый; попкорн; картофельный; пудровый; резкий; редисочный; малиновый; спелый; обжаренный; розовый; ромовый; сандаловый; пикантный; резкий; дымный; мыльный; растворитель; кислый; пряный; клубничный; сернистый; потный; сладкий; чайный; терпеновый; табачный; томатный; тропический; ванильный; овощной; ветиверовый; фиалковый; тёплый; восковой; сорняковый; винный; древесный; ]. Не пишите никаких комментариев.,Какие из следующих описаний запаха относятся к молекуле 3-Methoxy-4-heptanone? Выберите все подходящие из [алкогольный; альдегидный; луковый; миндальный; амбровый; анималистический; анисовый; яблочный; абрикосовый; ароматический; бальзамический; банановый; говяжий; бергамотовый; ягодный; горький; чёрная смородина; бренди; горелый; сливочный; капустный; камфорный; карамельный; кедровый; сельдерейный; ромашковый; сырный; вишнёвый; шоколадный; корица; цитрусовый; чистый; гвоздичный; какао; кокосовый; кофейный; коньячный; варёный; охлаждающий; корковый; кумариновый; кремовый; огуречный; молочный; сухой; землистый; эфирный; жирный; ферментированный; рыбный; цветочный; свежий; фруктовая кожура; фруктовый; чесночный; газовый; гераниевый; виноградный; грейпфрутовый; травянистый; зелёный; боярышник; сеновой; фундуковый; травяной; медовый; гиацинтовый; жасминовый; сочный; кетоновый; лактонный; лавандовый; листовой; кожаный; лимонный; лилейный; солодовый; мясной; лекарственный; дынный; металлический; молочный; мятный; ландышевый; грибной; мускусный; затхлый; натуральный; ореховый; без запаха; маслянистый; луковый; апельсиновый; апельсиновый цвет; ирисовый корень; озоновый; персиковый; грушевый; фенольный; сосновый; ананасовый; сливовый; попкорн; картофельный; пудровый; резкий; редисочный; малиновый; спелый; обжаренный; розовый; ромовый; сандаловый; пикантный; резкий; дымный; мыльный; растворитель; кислый; пряный; клубничный; сернистый; потный; сладкий; чайный; терпеновый; табачный; томатный; тропический; ванильный; овощной; ветиверовый; фиалковый; тёплый; восковой; сорняковый; винный; древесный; ]. Не пишите никаких комментариев.,миндальный;виноградный;сладкий;фруктовый;,,"яблочный
фруктовый
винный
ромовый
сладкий
кетоновый","кетоновый
эфирный
фруктовый
сладкий
маслянистый",678,679,6585,5001,3221,2204
71,Hexadecanethiol,CCCCCCCCCCCCCCCCS,,,алкогольный; альдегидный; луковый; миндальный; амбровый; анималистический; анисовый; яблочный; абрикосовый; ароматический; бальзамический; банановый; говяжий; бергамотовый; ягодный; горький; чёрная смородина; бренди; горелый; сливочный; капустный; камфорный; карамельный; кедровый; сельдерейный; ромашковый; сырный; вишнёвый; шоколадный; корица; цитрусовый; чистый; гвоздичный; какао; кокосовый; кофейный; коньячный; варёный; охлаждающий; корковый; кумариновый; кремовый; огуречный; молочный; сухой; землистый; эфирный; жирный; ферментированный; рыбный; цветочный; свежий; фруктовая кожура; фруктовый; чесночный; газовый; гераниевый; виноградный; грейпфрутовый; травянистый; зелёный; боярышник; сеновой; фундуковый; травяной; медовый; гиацинтовый; жасминовый; сочный; кетоновый; лактонный; лавандовый; листовой; кожаный; лимонный; лилейный; солодовый; мясной; лекарственный; дынный; металлический; молочный; мятный; ландышевый; грибной; мускусный; затхлый; натуральный; ореховый; без запаха; маслянистый; луковый; апельсиновый; апельсиновый цвет; ирисовый корень; озоновый; персиковый; грушевый; фенольный; сосновый; ананасовый; сливовый; попкорн; картофельный; пудровый; резкий; редисочный; малиновый; спелый; обжаренный; розовый; ромовый; сандаловый; пикантный; резкий; дымный; мыльный; растворитель; кислый; пряный; клубничный; сернистый; потный; сладкий; чайный; терпеновый; табачный; томатный; тропический; ванильный; овощной; ветиверовый; фиалковый; тёплый; восковой; сорняковый; винный; древесный; ,rata,Какие из следующих описаний запаха относятся к молекуле CCCCCCCCCCCCCCCCS? Выберите все подходящие из [алкогольный; альдегидный; луковый; миндальный; амбровый; анималистический; анисовый; яблочный; абрикосовый; ароматический; бальзамический; банановый; говяжий; бергамотовый; ягодный; горький; чёрная смородина; бренди; горелый; сливочный; капустный; камфорный; карамельный; кедровый; сельдерейный; ромашковый; сырный; вишнёвый; шоколадный; корица; цитрусовый; чистый; гвоздичный; какао; кокосовый; кофейный; коньячный; варёный; охлаждающий; корковый; кумариновый; кремовый; огуречный; молочный; сухой; землистый; эфирный; жирный; ферментированный; рыбный; цветочный; свежий; фруктовая кожура; фруктовый; чесночный; газовый; гераниевый; виноградный; грейпфрутовый; травянистый; зелёный; боярышник; сеновой; фундуковый; травяной; медовый; гиацинтовый; жасминовый; сочный; кетоновый; лактонный; лавандовый; листовой; кожаный; лимонный; лилейный; солодовый; мясной; лекарственный; дынный; металлический; молочный; мятный; ландышевый; грибной; мускусный; затхлый; натуральный; ореховый; без запаха; маслянистый; луковый; апельсиновый; апельсиновый цвет; ирисовый корень; озоновый; персиковый; грушевый; фенольный; сосновый; ананасовый; сливовый; попкорн; картофельный; пудровый; резкий; редисочный; малиновый; спелый; обжаренный; розовый; ромовый; сандаловый; пикантный; резкий; дымный; мыльный; растворитель; кислый; пряный; клубничный; сернистый; потный; сладкий; чайный; терпеновый; табачный; томатный; тропический; ванильный; овощной; ветиверовый; фиалковый; тёплый; восковой; сорняковый; винный; древесный; ]. Не пишите никаких комментариев.,Какие из следующих описаний запаха относятся к молекуле Hexadecanethiol? Выберите все подходящие из [алкогольный; альдегидный; луковый; миндальный; амбровый; анималистический; анисовый; яблочный; абрикосовый; ароматический; бальзамический; банановый; говяжий; бергамотовый; ягодный; горький; чёрная смородина; бренди; горелый; сливочный; капустный; камфорный; карамельный; кедровый; сельдерейный; ромашковый; сырный; вишнёвый; шоколадный; корица; цитрусовый; чистый; гвоздичный; какао; кокосовый; кофейный; коньячный; варёный; охлаждающий; корковый; кумариновый; кремовый; огуречный; молочный; сухой; землистый; эфирный; жирный; ферментированный; рыбный; цветочный; свежий; фруктовая кожура; фруктовый; чесночный; газовый; гераниевый; виноградный; грейпфрутовый; травянистый; зелёный; боярышник; сеновой; фундуковый; травяной; медовый; гиацинтовый; жасминовый; сочный; кетоновый; лактонный; лавандовый; листовой; кожаный; лимонный; лилейный; солодовый; мясной; лекарственный; дынный; металлический; молочный; мятный; ландышевый; грибной; мускусный; затхлый; натуральный; ореховый; без запаха; маслянистый; луковый; апельсиновый; апельсиновый цвет; ирисовый корень; озоновый; персиковый; грушевый; фенольный; сосновый; ананасовый; сливовый; попкорн; картофельный; пудровый; резкий; редисочный; малиновый; спелый; обжаренный; розовый; ромовый; сандаловый; пикантный; резкий; дымный; мыльный; растворитель; кислый; пряный; клубничный; сернистый; потный; сладкий; чайный; терпеновый; табачный; томатный; тропический; ванильный; овощной; ветиверовый; фиалковый; тёплый; восковой; сорняковый; винный; древесный; ]. Не пишите никаких комментариев.,мясной;жирный;сернистый;,,"луковый
сернистый
чесночный
анималистический
мускусный
потный
жирный
восковой
резкий",[луковый; чесночный; сернистый; жирный; восковой; мускусный; анималистический; затхлый],677,674,3444,2771,1632,1368
72,Myrcenyl methyl ether,C=CC(=C)CCCC(C)(C)OC,,,алкогольный; альдегидный; луковый; миндальный; амбровый; анималистический; анисовый; яблочный; абрикосовый; ароматический; бальзамический; банановый; говяжий; бергамотовый; ягодный; горький; чёрная смородина; бренди; горелый; сливочный; капустный; камфорный; карамельный; кедровый; сельдерейный; ромашковый; сырный; вишнёвый; шоколадный; корица; цитрусовый; чистый; гвоздичный; какао; кокосовый; кофейный; коньячный; варёный; охлаждающий; корковый; кумариновый; кремовый; огуречный; молочный; сухой; землистый; эфирный; жирный; ферментированный; рыбный; цветочный; свежий; фруктовая кожура; фруктовый; чесночный; газовый; гераниевый; виноградный; грейпфрутовый; травянистый; зелёный; боярышник; сеновой; фундуковый; травяной; медовый; гиацинтовый; жасминовый; сочный; кетоновый; лактонный; лавандовый; листовой; кожаный; лимонный; лилейный; солодовый; мясной; лекарственный; дынный; металлический; молочный; мятный; ландышевый; грибной; мускусный; затхлый; натуральный; ореховый; без запаха; маслянистый; луковый; апельсиновый; апельсиновый цвет; ирисовый корень; озоновый; персиковый; грушевый; фенольный; сосновый; ананасовый; сливовый; попкорн; картофельный; пудровый; резкий; редисочный; малиновый; спелый; обжаренный; розовый; ромовый; сандаловый; пикантный; резкий; дымный; мыльный; растворитель; кислый; пряный; клубничный; сернистый; потный; сладкий; чайный; терпеновый; табачный; томатный; тропический; ванильный; овощной; ветиверовый; фиалковый; тёплый; восковой; сорняковый; винный; древесный; ,rata,Какие из следующих описаний запаха относятся к молекуле C=CC(=C)CCCC(C)(C)OC? Выберите все подходящие из [алкогольный; альдегидный; луковый; миндальный; амбровый; анималистический; анисовый; яблочный; абрикосовый; ароматический; бальзамический; банановый; говяжий; бергамотовый; ягодный; горький; чёрная смородина; бренди; горелый; сливочный; капустный; камфорный; карамельный; кедровый; сельдерейный; ромашковый; сырный; вишнёвый; шоколадный; корица; цитрусовый; чистый; гвоздичный; какао; кокосовый; кофейный; коньячный; варёный; охлаждающий; корковый; кумариновый; кремовый; огуречный; молочный; сухой; землистый; эфирный; жирный; ферментированный; рыбный; цветочный; свежий; фруктовая кожура; фруктовый; чесночный; газовый; гераниевый; виноградный; грейпфрутовый; травянистый; зелёный; боярышник; сеновой; фундуковый; травяной; медовый; гиацинтовый; жасминовый; сочный; кетоновый; лактонный; лавандовый; листовой; кожаный; лимонный; лилейный; солодовый; мясной; лекарственный; дынный; металлический; молочный; мятный; ландышевый; грибной; мускусный; затхлый; натуральный; ореховый; без запаха; маслянистый; луковый; апельсиновый; апельсиновый цвет; ирисовый корень; озоновый; персиковый; грушевый; фенольный; сосновый; ананасовый; сливовый; попкорн; картофельный; пудровый; резкий; редисочный; малиновый; спелый; обжаренный; розовый; ромовый; сандаловый; пикантный; резкий; дымный; мыльный; растворитель; кислый; пряный; клубничный; сернистый; потный; сладкий; чайный; терпеновый; табачный; томатный; тропический; ванильный; овощной; ветиверовый; фиалковый; тёплый; восковой; сорняковый; винный; древесный; ]. Не пишите никаких комментариев.,Какие из следующих описаний запаха относятся к молекуле Myrcenyl methyl ether? Выберите все подходящие из [алкогольный; альдегидный; луковый; миндальный; амбровый; анималистический; анисовый; яблочный; абрикосовый; ароматический; бальзамический; банановый; говяжий; бергамотовый; ягодный; горький; чёрная смородина; бренди; горелый; сливочный; капустный; камфорный; карамельный; кедровый; сельдерейный; ромашковый; сырный; вишнёвый; шоколадный; корица; цитрусовый; чистый; гвоздичный; какао; кокосовый; кофейный; коньячный; варёный; охлаждающий; корковый; кумариновый; кремовый; огуречный; молочный; сухой; землистый; эфирный; жирный; ферментированный; рыбный; цветочный; свежий; фруктовая кожура; фруктовый; чесночный; газовый; гераниевый; виноградный; грейпфрутовый; травянистый; зелёный; боярышник; сеновой; фундуковый; травяной; медовый; гиацинтовый; жасминовый; сочный; кетоновый; лактонный; лавандовый; листовой; кожаный; лимонный; лилейный; солодовый; мясной; лекарственный; дынный; металлический; молочный; мятный; ландышевый; грибной; мускусный; затхлый; натуральный; ореховый; без запаха; маслянистый; луковый; апельсиновый; апельсиновый цвет; ирисовый корень; озоновый; персиковый; грушевый; фенольный; сосновый; ананасовый; сливовый; попкорн; картофельный; пудровый; резкий; редисочный; малиновый; спелый; обжаренный; розовый; ромовый; сандаловый; пикантный; резкий; дымный; мыльный; растворитель; кислый; пряный; клубничный; сернистый; потный; сладкий; чайный; терпеновый; табачный; томатный; тропический; ванильный; овощной; ветиверовый; фиалковый; тёплый; восковой; сорняковый; винный; древесный; ]. Не пишите никаких комментариев.,травяной;сосновый;,,"зеленый
травянистый
травяной
фруктовый
цитрусовый
терпеновый","зелёный
травянистый
фруктовый
цитрусовый
цветочный
лавандовый
розовый
свежий
терпеновый
эфирный",682,675,10370,605,5109,256
73,Pentyl 2-methylbutyrate,CCCCCOC(=O)C(C)CC,,,алкогольный; альдегидный; луковый; миндальный; амбровый; анималистический; анисовый; яблочный; абрикосовый; ароматический; бальзамический; банановый; говяжий; бергамотовый; ягодный; горький; чёрная смородина; бренди; горелый; сливочный; капустный; камфорный; карамельный; кедровый; сельдерейный; ромашковый; сырный; вишнёвый; шоколадный; корица; цитрусовый; чистый; гвоздичный; какао; кокосовый; кофейный; коньячный; варёный; охлаждающий; корковый; кумариновый; кремовый; огуречный; молочный; сухой; землистый; эфирный; жирный; ферментированный; рыбный; цветочный; свежий; фруктовая кожура; фруктовый; чесночный; газовый; гераниевый; виноградный; грейпфрутовый; травянистый; зелёный; боярышник; сеновой; фундуковый; травяной; медовый; гиацинтовый; жасминовый; сочный; кетоновый; лактонный; лавандовый; листовой; кожаный; лимонный; лилейный; солодовый; мясной; лекарственный; дынный; металлический; молочный; мятный; ландышевый; грибной; мускусный; затхлый; натуральный; ореховый; без запаха; маслянистый; луковый; апельсиновый; апельсиновый цвет; ирисовый корень; озоновый; персиковый; грушевый; фенольный; сосновый; ананасовый; сливовый; попкорн; картофельный; пудровый; резкий; редисочный; малиновый; спелый; обжаренный; розовый; ромовый; сандаловый; пикантный; резкий; дымный; мыльный; растворитель; кислый; пряный; клубничный; сернистый; потный; сладкий; чайный; терпеновый; табачный; томатный; тропический; ванильный; овощной; ветиверовый; фиалковый; тёплый; восковой; сорняковый; винный; древесный; ,rata,Какие из следующих описаний запаха относятся к молекуле CCCCCOC(=O)C(C)CC? Выберите все подходящие из [алкогольный; альдегидный; луковый; миндальный; амбровый; анималистический; анисовый; яблочный; абрикосовый; ароматический; бальзамический; банановый; говяжий; бергамотовый; ягодный; горький; чёрная смородина; бренди; горелый; сливочный; капустный; камфорный; карамельный; кедровый; сельдерейный; ромашковый; сырный; вишнёвый; шоколадный; корица; цитрусовый; чистый; гвоздичный; какао; кокосовый; кофейный; коньячный; варёный; охлаждающий; корковый; кумариновый; кремовый; огуречный; молочный; сухой; землистый; эфирный; жирный; ферментированный; рыбный; цветочный; свежий; фруктовая кожура; фруктовый; чесночный; газовый; гераниевый; виноградный; грейпфрутовый; травянистый; зелёный; боярышник; сеновой; фундуковый; травяной; медовый; гиацинтовый; жасминовый; сочный; кетоновый; лактонный; лавандовый; листовой; кожаный; лимонный; лилейный; солодовый; мясной; лекарственный; дынный; металлический; молочный; мятный; ландышевый; грибной; мускусный; затхлый; натуральный; ореховый; без запаха; маслянистый; луковый; апельсиновый; апельсиновый цвет; ирисовый корень; озоновый; персиковый; грушевый; фенольный; сосновый; ананасовый; сливовый; попкорн; картофельный; пудровый; резкий; редисочный; малиновый; спелый; обжаренный; розовый; ромовый; сандаловый; пикантный; резкий; дымный; мыльный; растворитель; кислый; пряный; клубничный; сернистый; потный; сладкий; чайный; терпеновый; табачный; томатный; тропический; ванильный; овощной; ветиверовый; фиалковый; тёплый; восковой; сорняковый; винный; древесный; ]. Не пишите никаких комментариев.,Какие из следующих описаний запаха относятся к молекуле Pentyl 2-methylbutyrate? Выберите все подходящие из [алкогольный; альдегидный; луковый; миндальный; амбровый; анималистический; анисовый; яблочный; абрикосовый; ароматический; бальзамический; банановый; говяжий; бергамотовый; ягодный; горький; чёрная смородина; бренди; горелый; сливочный; капустный; камфорный; карамельный; кедровый; сельдерейный; ромашковый; сырный; вишнёвый; шоколадный; корица; цитрусовый; чистый; гвоздичный; какао; кокосовый; кофейный; коньячный; варёный; охлаждающий; корковый; кумариновый; кремовый; огуречный; молочный; сухой; землистый; эфирный; жирный; ферментированный; рыбный; цветочный; свежий; фруктовая кожура; фруктовый; чесночный; газовый; гераниевый; виноградный; грейпфрутовый; травянистый; зелёный; боярышник; сеновой; фундуковый; травяной; медовый; гиацинтовый; жасминовый; сочный; кетоновый; лактонный; лавандовый; листовой; кожаный; лимонный; лилейный; солодовый; мясной; лекарственный; дынный; металлический; молочный; мятный; ландышевый; грибной; мускусный; затхлый; натуральный; ореховый; без запаха; маслянистый; луковый; апельсиновый; апельсиновый цвет; ирисовый корень; озоновый; персиковый; грушевый; фенольный; сосновый; ананасовый; сливовый; попкорн; картофельный; пудровый; резкий; редисочный; малиновый; спелый; обжаренный; розовый; ромовый; сандаловый; пикантный; резкий; дымный; мыльный; растворитель; кислый; пряный; клубничный; сернистый; потный; сладкий; чайный; терпеновый; табачный; томатный; тропический; ванильный; овощной; ветиверовый; фиалковый; тёплый; восковой; сорняковый; винный; древесный; ]. Не пишите никаких комментариев.,тропический;фруктовый;спелый;банановый;яблочный;,,фруктовый; яблочный; банановый; грушевый; абрикосовый; виноградный; клубничный; сладкий; винный; зелёный,[яблочный; банановый; тропический; грушевый; сладкий; фруктовый],679,677,5022,291,2389,127
74,Methyl isoprenyl sulfide,C=C(C)C=CSC,,,алкогольный; альдегидный; луковый; миндальный; амбровый; анималистический; анисовый; яблочный; абрикосовый; ароматический; бальзамический; банановый; говяжий; бергамотовый; ягодный; горький; чёрная смородина; бренди; горелый; сливочный; капустный; камфорный; карамельный; кедровый; сельдерейный; ромашковый; сырный; вишнёвый; шоколадный; корица; цитрусовый; чистый; гвоздичный; какао; кокосовый; кофейный; коньячный; варёный; охлаждающий; корковый; кумариновый; кремовый; огуречный; молочный; сухой; землистый; эфирный; жирный; ферментированный; рыбный; цветочный; свежий; фруктовая кожура; фруктовый; чесночный; газовый; гераниевый; виноградный; грейпфрутовый; травянистый; зелёный; боярышник; сеновой; фундуковый; травяной; медовый; гиацинтовый; жасминовый; сочный; кетоновый; лактонный; лавандовый; листовой; кожаный; лимонный; лилейный; солодовый; мясной; лекарственный; дынный; металлический; молочный; мятный; ландышевый; грибной; мускусный; затхлый; натуральный; ореховый; без запаха; маслянистый; луковый; апельсиновый; апельсиновый цвет; ирисовый корень; озоновый; персиковый; грушевый; фенольный; сосновый; ананасовый; сливовый; попкорн; картофельный; пудровый; резкий; редисочный; малиновый; спелый; обжаренный; розовый; ромовый; сандаловый; пикантный; резкий; дымный; мыльный; растворитель; кислый; пряный; клубничный; сернистый; потный; сладкий; чайный; терпеновый; табачный; томатный; тропический; ванильный; овощной; ветиверовый; фиалковый; тёплый; восковой; сорняковый; винный; древесный; ,rata,Какие из следующих описаний запаха относятся к молекуле C=C(C)C=CSC? Выберите все подходящие из [алкогольный; альдегидный; луковый; миндальный; амбровый; анималистический; анисовый; яблочный; абрикосовый; ароматический; бальзамический; банановый; говяжий; бергамотовый; ягодный; горький; чёрная смородина; бренди; горелый; сливочный; капустный; камфорный; карамельный; кедровый; сельдерейный; ромашковый; сырный; вишнёвый; шоколадный; корица; цитрусовый; чистый; гвоздичный; какао; кокосовый; кофейный; коньячный; варёный; охлаждающий; корковый; кумариновый; кремовый; огуречный; молочный; сухой; землистый; эфирный; жирный; ферментированный; рыбный; цветочный; свежий; фруктовая кожура; фруктовый; чесночный; газовый; гераниевый; виноградный; грейпфрутовый; травянистый; зелёный; боярышник; сеновой; фундуковый; травяной; медовый; гиацинтовый; жасминовый; сочный; кетоновый; лактонный; лавандовый; листовой; кожаный; лимонный; лилейный; солодовый; мясной; лекарственный; дынный; металлический; молочный; мятный; ландышевый; грибной; мускусный; затхлый; натуральный; ореховый; без запаха; маслянистый; луковый; апельсиновый; апельсиновый цвет; ирисовый корень; озоновый; персиковый; грушевый; фенольный; сосновый; ананасовый; сливовый; попкорн; картофельный; пудровый; резкий; редисочный; малиновый; спелый; обжаренный; розовый; ромовый; сандаловый; пикантный; резкий; дымный; мыльный; растворитель; кислый; пряный; клубничный; сернистый; потный; сладкий; чайный; терпеновый; табачный; томатный; тропический; ванильный; овощной; ветиверовый; фиалковый; тёплый; восковой; сорняковый; винный; древесный; ]. Не пишите никаких комментариев.,Какие из следующих описаний запаха относятся к молекуле Methyl isoprenyl sulfide? Выберите все подходящие из [алкогольный; альдегидный; луковый; миндальный; амбровый; анималистический; анисовый; яблочный; абрикосовый; ароматический; бальзамический; банановый; говяжий; бергамотовый; ягодный; горький; чёрная смородина; бренди; горелый; сливочный; капустный; камфорный; карамельный; кедровый; сельдерейный; ромашковый; сырный; вишнёвый; шоколадный; корица; цитрусовый; чистый; гвоздичный; какао; кокосовый; кофейный; коньячный; варёный; охлаждающий; корковый; кумариновый; кремовый; огуречный; молочный; сухой; землистый; эфирный; жирный; ферментированный; рыбный; цветочный; свежий; фруктовая кожура; фруктовый; чесночный; газовый; гераниевый; виноградный; грейпфрутовый; травянистый; зелёный; боярышник; сеновой; фундуковый; травяной; медовый; гиацинтовый; жасминовый; сочный; кетоновый; лактонный; лавандовый; листовой; кожаный; лимонный; лилейный; солодовый; мясной; лекарственный; дынный; металлический; молочный; мятный; ландышевый; грибной; мускусный; затхлый; натуральный; ореховый; без запаха; маслянистый; луковый; апельсиновый; апельсиновый цвет; ирисовый корень; озоновый; персиковый; грушевый; фенольный; сосновый; ананасовый; сливовый; попкорн; картофельный; пудровый; резкий; редисочный; малиновый; спелый; обжаренный; розовый; ромовый; сандаловый; пикантный; резкий; дымный; мыльный; растворитель; кислый; пряный; клубничный; сернистый; потный; сладкий; чайный; терпеновый; табачный; томатный; тропический; ванильный; овощной; ветиверовый; фиалковый; тёплый; восковой; сорняковый; винный; древесный; ]. Не пишите никаких комментариев.,луковый;чесночный;,,"луковый
чесночный
сернистый
зелёный","сернистый
чесночный
луковый
тропический
фруктовый",675,675,211,352,92,170
75,N-(4-methoxyphenyl)-5-methyl-2-propan-2-ylcyclohexane-1-carboxamide,COc1ccc(NC(=O)C2CC(C)CCC2C(C)C)cc1,,,алкогольный; альдегидный; луковый; миндальный; амбровый; анималистический; анисовый; яблочный; абрикосовый; ароматический; бальзамический; банановый; говяжий; бергамотовый; ягодный; горький; чёрная смородина; бренди; горелый; сливочный; капустный; камфорный; карамельный; кедровый; сельдерейный; ромашковый; сырный; вишнёвый; шоколадный; корица; цитрусовый; чистый; гвоздичный; какао; кокосовый; кофейный; коньячный; варёный; охлаждающий; корковый; кумариновый; кремовый; огуречный; молочный; сухой; землистый; эфирный; жирный; ферментированный; рыбный; цветочный; свежий; фруктовая кожура; фруктовый; чесночный; газовый; гераниевый; виноградный; грейпфрутовый; травянистый; зелёный; боярышник; сеновой; фундуковый; травяной; медовый; гиацинтовый; жасминовый; сочный; кетоновый; лактонный; лавандовый; листовой; кожаный; лимонный; лилейный; солодовый; мясной; лекарственный; дынный; металлический; молочный; мятный; ландышевый; грибной; мускусный; затхлый; натуральный; ореховый; без запаха; маслянистый; луковый; апельсиновый; апельсиновый цвет; ирисовый корень; озоновый; персиковый; грушевый; фенольный; сосновый; ананасовый; сливовый; попкорн; картофельный; пудровый; резкий; редисочный; малиновый; спелый; обжаренный; розовый; ромовый; сандаловый; пикантный; резкий; дымный; мыльный; растворитель; кислый; пряный; клубничный; сернистый; потный; сладкий; чайный; терпеновый; табачный; томатный; тропический; ванильный; овощной; ветиверовый; фиалковый; тёплый; восковой; сорняковый; винный; древесный; ,rata,Какие из следующих описаний запаха относятся к молекуле COc1ccc(NC(=O)C2CC(C)CCC2C(C)C)cc1? Выберите все подходящие из [алкогольный; альдегидный; луковый; миндальный; амбровый; анималистический; анисовый; яблочный; абрикосовый; ароматический; бальзамический; банановый; говяжий; бергамотовый; ягодный; горький; чёрная смородина; бренди; горелый; сливочный; капустный; камфорный; карамельный; кедровый; сельдерейный; ромашковый; сырный; вишнёвый; шоколадный; корица; цитрусовый; чистый; гвоздичный; какао; кокосовый; кофейный; коньячный; варёный; охлаждающий; корковый; кумариновый; кремовый; огуречный; молочный; сухой; землистый; эфирный; жирный; ферментированный; рыбный; цветочный; свежий; фруктовая кожура; фруктовый; чесночный; газовый; гераниевый; виноградный; грейпфрутовый; травянистый; зелёный; боярышник; сеновой; фундуковый; травяной; медовый; гиацинтовый; жасминовый; сочный; кетоновый; лактонный; лавандовый; листовой; кожаный; лимонный; лилейный; солодовый; мясной; лекарственный; дынный; металлический; молочный; мятный; ландышевый; грибной; мускусный; затхлый; натуральный; ореховый; без запаха; маслянистый; луковый; апельсиновый; апельсиновый цвет; ирисовый корень; озоновый; персиковый; грушевый; фенольный; сосновый; ананасовый; сливовый; попкорн; картофельный; пудровый; резкий; редисочный; малиновый; спелый; обжаренный; розовый; ромовый; сандаловый; пикантный; резкий; дымный; мыльный; растворитель; кислый; пряный; клубничный; сернистый; потный; сладкий; чайный; терпеновый; табачный; томатный; тропический; ванильный; овощной; ветиверовый; фиалковый; тёплый; восковой; сорняковый; винный; древесный; ]. Не пишите никаких комментариев.,Какие из следующих описаний запаха относятся к молекуле N-(4-methoxyphenyl)-5-methyl-2-propan-2-ylcyclohexane-1-carboxamide? Выберите все подходящие из [алкогольный; альдегидный; луковый; миндальный; амбровый; анималистический; анисовый; яблочный; абрикосовый; ароматический; бальзамический; банановый; говяжий; бергамотовый; ягодный; горький; чёрная смородина; бренди; горелый; сливочный; капустный; камфорный; карамельный; кедровый; сельдерейный; ромашковый; сырный; вишнёвый; шоколадный; корица; цитрусовый; чистый; гвоздичный; какао; кокосовый; кофейный; коньячный; варёный; охлаждающий; корковый; кумариновый; кремовый; огуречный; молочный; сухой; землистый; эфирный; жирный; ферментированный; рыбный; цветочный; свежий; фруктовая кожура; фруктовый; чесночный; газовый; гераниевый; виноградный; грейпфрутовый; травянистый; зелёный; боярышник; сеновой; фундуковый; травяной; медовый; гиацинтовый; жасминовый; сочный; кетоновый; лактонный; лавандовый; листовой; кожаный; лимонный; лилейный; солодовый; мясной; лекарственный; дынный; металлический; молочный; мятный; ландышевый; грибной; мускусный; затхлый; натуральный; ореховый; без запаха; маслянистый; луковый; апельсиновый; апельсиновый цвет; ирисовый корень; озоновый; персиковый; грушевый; фенольный; сосновый; ананасовый; сливовый; попкорн; картофельный; пудровый; резкий; редисочный; малиновый; спелый; обжаренный; розовый; ромовый; сандаловый; пикантный; резкий; дымный; мыльный; растворитель; кислый; пряный; клубничный; сернистый; потный; сладкий; чайный; терпеновый; табачный; томатный; тропический; ванильный; овощной; ветиверовый; фиалковый; тёплый; восковой; сорняковый; винный; древесный; ]. Не пишите никаких комментариев.,мятный;охлаждающий;,,"анисовый
мятный
охлаждающий
камфорный
терпеновый",анисовый; мятный; камфорный; охлаждающий; терпеновый,690,696,7001,5121,3298,2654
76,Phenylethyl-crotonate,CC=CC(=O)OCCc1ccccc1,,,алкогольный; альдегидный; луковый; миндальный; амбровый; анималистический; анисовый; яблочный; абрикосовый; ароматический; бальзамический; банановый; говяжий; бергамотовый; ягодный; горький; чёрная смородина; бренди; горелый; сливочный; капустный; камфорный; карамельный; кедровый; сельдерейный; ромашковый; сырный; вишнёвый; шоколадный; корица; цитрусовый; чистый; гвоздичный; какао; кокосовый; кофейный; коньячный; варёный; охлаждающий; корковый; кумариновый; кремовый; огуречный; молочный; сухой; землистый; эфирный; жирный; ферментированный; рыбный; цветочный; свежий; фруктовая кожура; фруктовый; чесночный; газовый; гераниевый; виноградный; грейпфрутовый; травянистый; зелёный; боярышник; сеновой; фундуковый; травяной; медовый; гиацинтовый; жасминовый; сочный; кетоновый; лактонный; лавандовый; листовой; кожаный; лимонный; лилейный; солодовый; мясной; лекарственный; дынный; металлический; молочный; мятный; ландышевый; грибной; мускусный; затхлый; натуральный; ореховый; без запаха; маслянистый; луковый; апельсиновый; апельсиновый цвет; ирисовый корень; озоновый; персиковый; грушевый; фенольный; сосновый; ананасовый; сливовый; попкорн; картофельный; пудровый; резкий; редисочный; малиновый; спелый; обжаренный; розовый; ромовый; сандаловый; пикантный; резкий; дымный; мыльный; растворитель; кислый; пряный; клубничный; сернистый; потный; сладкий; чайный; терпеновый; табачный; томатный; тропический; ванильный; овощной; ветиверовый; фиалковый; тёплый; восковой; сорняковый; винный; древесный; ,rata,Какие из следующих описаний запаха относятся к молекуле CC=CC(=O)OCCc1ccccc1? Выберите все подходящие из [алкогольный; альдегидный; луковый; миндальный; амбровый; анималистический; анисовый; яблочный; абрикосовый; ароматический; бальзамический; банановый; говяжий; бергамотовый; ягодный; горький; чёрная смородина; бренди; горелый; сливочный; капустный; камфорный; карамельный; кедровый; сельдерейный; ромашковый; сырный; вишнёвый; шоколадный; корица; цитрусовый; чистый; гвоздичный; какао; кокосовый; кофейный; коньячный; варёный; охлаждающий; корковый; кумариновый; кремовый; огуречный; молочный; сухой; землистый; эфирный; жирный; ферментированный; рыбный; цветочный; свежий; фруктовая кожура; фруктовый; чесночный; газовый; гераниевый; виноградный; грейпфрутовый; травянистый; зелёный; боярышник; сеновой; фундуковый; травяной; медовый; гиацинтовый; жасминовый; сочный; кетоновый; лактонный; лавандовый; листовой; кожаный; лимонный; лилейный; солодовый; мясной; лекарственный; дынный; металлический; молочный; мятный; ландышевый; грибной; мускусный; затхлый; натуральный; ореховый; без запаха; маслянистый; луковый; апельсиновый; апельсиновый цвет; ирисовый корень; озоновый; персиковый; грушевый; фенольный; сосновый; ананасовый; сливовый; попкорн; картофельный; пудровый; резкий; редисочный; малиновый; спелый; обжаренный; розовый; ромовый; сандаловый; пикантный; резкий; дымный; мыльный; растворитель; кислый; пряный; клубничный; сернистый; потный; сладкий; чайный; терпеновый; табачный; томатный; тропический; ванильный; овощной; ветиверовый; фиалковый; тёплый; восковой; сорняковый; винный; древесный; ]. Не пишите никаких комментариев.,Какие из следующих описаний запаха относятся к молекуле Phenylethyl-crotonate? Выберите все подходящие из [алкогольный; альдегидный; луковый; миндальный; амбровый; анималистический; анисовый; яблочный; абрикосовый; ароматический; бальзамический; банановый; говяжий; бергамотовый; ягодный; горький; чёрная смородина; бренди; горелый; сливочный; капустный; камфорный; карамельный; кедровый; сельдерейный; ромашковый; сырный; вишнёвый; шоколадный; корица; цитрусовый; чистый; гвоздичный; какао; кокосовый; кофейный; коньячный; варёный; охлаждающий; корковый; кумариновый; кремовый; огуречный; молочный; сухой; землистый; эфирный; жирный; ферментированный; рыбный; цветочный; свежий; фруктовая кожура; фруктовый; чесночный; газовый; гераниевый; виноградный; грейпфрутовый; травянистый; зелёный; боярышник; сеновой; фундуковый; травяной; медовый; гиацинтовый; жасминовый; сочный; кетоновый; лактонный; лавандовый; листовой; кожаный; лимонный; лилейный; солодовый; мясной; лекарственный; дынный; металлический; молочный; мятный; ландышевый; грибной; мускусный; затхлый; натуральный; ореховый; без запаха; маслянистый; луковый; апельсиновый; апельсиновый цвет; ирисовый корень; озоновый; персиковый; грушевый; фенольный; сосновый; ананасовый; сливовый; попкорн; картофельный; пудровый; резкий; редисочный; малиновый; спелый; обжаренный; розовый; ромовый; сандаловый; пикантный; резкий; дымный; мыльный; растворитель; кислый; пряный; клубничный; сернистый; потный; сладкий; чайный; терпеновый; табачный; томатный; тропический; ванильный; овощной; ветиверовый; фиалковый; тёплый; восковой; сорняковый; винный; древесный; ]. Не пишите никаких комментариев.,сухой;затхлый;розовый;травяной;сладкий;,,"цветочный
розовый
фруктовый
сладкий","абрикосовый
бальзамический
цветочный
фруктовый
сливовый
розовый
сладкий
персиковый",681,677,3506,1629,1714,638
77,Nonyl hexanoate,CCCCCCCCCOC(=O)CCCCC,,,алкогольный; альдегидный; луковый; миндальный; амбровый; анималистический; анисовый; яблочный; абрикосовый; ароматический; бальзамический; банановый; говяжий; бергамотовый; ягодный; горький; чёрная смородина; бренди; горелый; сливочный; капустный; камфорный; карамельный; кедровый; сельдерейный; ромашковый; сырный; вишнёвый; шоколадный; корица; цитрусовый; чистый; гвоздичный; какао; кокосовый; кофейный; коньячный; варёный; охлаждающий; корковый; кумариновый; кремовый; огуречный; молочный; сухой; землистый; эфирный; жирный; ферментированный; рыбный; цветочный; свежий; фруктовая кожура; фруктовый; чесночный; газовый; гераниевый; виноградный; грейпфрутовый; травянистый; зелёный; боярышник; сеновой; фундуковый; травяной; медовый; гиацинтовый; жасминовый; сочный; кетоновый; лактонный; лавандовый; листовой; кожаный; лимонный; лилейный; солодовый; мясной; лекарственный; дынный; металлический; молочный; мятный; ландышевый; грибной; мускусный; затхлый; натуральный; ореховый; без запаха; маслянистый; луковый; апельсиновый; апельсиновый цвет; ирисовый корень; озоновый; персиковый; грушевый; фенольный; сосновый; ананасовый; сливовый; попкорн; картофельный; пудровый; резкий; редисочный; малиновый; спелый; обжаренный; розовый; ромовый; сандаловый; пикантный; резкий; дымный; мыльный; растворитель; кислый; пряный; клубничный; сернистый; потный; сладкий; чайный; терпеновый; табачный; томатный; тропический; ванильный; овощной; ветиверовый; фиалковый; тёплый; восковой; сорняковый; винный; древесный; ,rata,Какие из следующих описаний запаха относятся к молекуле CCCCCCCCCOC(=O)CCCCC? Выберите все подходящие из [алкогольный; альдегидный; луковый; миндальный; амбровый; анималистический; анисовый; яблочный; абрикосовый; ароматический; бальзамический; банановый; говяжий; бергамотовый; ягодный; горький; чёрная смородина; бренди; горелый; сливочный; капустный; камфорный; карамельный; кедровый; сельдерейный; ромашковый; сырный; вишнёвый; шоколадный; корица; цитрусовый; чистый; гвоздичный; какао; кокосовый; кофейный; коньячный; варёный; охлаждающий; корковый; кумариновый; кремовый; огуречный; молочный; сухой; землистый; эфирный; жирный; ферментированный; рыбный; цветочный; свежий; фруктовая кожура; фруктовый; чесночный; газовый; гераниевый; виноградный; грейпфрутовый; травянистый; зелёный; боярышник; сеновой; фундуковый; травяной; медовый; гиацинтовый; жасминовый; сочный; кетоновый; лактонный; лавандовый; листовой; кожаный; лимонный; лилейный; солодовый; мясной; лекарственный; дынный; металлический; молочный; мятный; ландышевый; грибной; мускусный; затхлый; натуральный; ореховый; без запаха; маслянистый; луковый; апельсиновый; апельсиновый цвет; ирисовый корень; озоновый; персиковый; грушевый; фенольный; сосновый; ананасовый; сливовый; попкорн; картофельный; пудровый; резкий; редисочный; малиновый; спелый; обжаренный; розовый; ромовый; сандаловый; пикантный; резкий; дымный; мыльный; растворитель; кислый; пряный; клубничный; сернистый; потный; сладкий; чайный; терпеновый; табачный; томатный; тропический; ванильный; овощной; ветиверовый; фиалковый; тёплый; восковой; сорняковый; винный; древесный; ]. Не пишите никаких комментариев.,Какие из следующих описаний запаха относятся к молекуле Nonyl hexanoate? Выберите все подходящие из [алкогольный; альдегидный; луковый; миндальный; амбровый; анималистический; анисовый; яблочный; абрикосовый; ароматический; бальзамический; банановый; говяжий; бергамотовый; ягодный; горький; чёрная смородина; бренди; горелый; сливочный; капустный; камфорный; карамельный; кедровый; сельдерейный; ромашковый; сырный; вишнёвый; шоколадный; корица; цитрусовый; чистый; гвоздичный; какао; кокосовый; кофейный; коньячный; варёный; охлаждающий; корковый; кумариновый; кремовый; огуречный; молочный; сухой; землистый; эфирный; жирный; ферментированный; рыбный; цветочный; свежий; фруктовая кожура; фруктовый; чесночный; газовый; гераниевый; виноградный; грейпфрутовый; травянистый; зелёный; боярышник; сеновой; фундуковый; травяной; медовый; гиацинтовый; жасминовый; сочный; кетоновый; лактонный; лавандовый; листовой; кожаный; лимонный; лилейный; солодовый; мясной; лекарственный; дынный; металлический; молочный; мятный; ландышевый; грибной; мускусный; затхлый; натуральный; ореховый; без запаха; маслянистый; луковый; апельсиновый; апельсиновый цвет; ирисовый корень; озоновый; персиковый; грушевый; фенольный; сосновый; ананасовый; сливовый; попкорн; картофельный; пудровый; резкий; редисочный; малиновый; спелый; обжаренный; розовый; ромовый; сандаловый; пикантный; резкий; дымный; мыльный; растворитель; кислый; пряный; клубничный; сернистый; потный; сладкий; чайный; терпеновый; табачный; томатный; тропический; ванильный; овощной; ветиверовый; фиалковый; тёплый; восковой; сорняковый; винный; древесный; ]. Не пишите никаких комментариев.,ореховый;винный;фруктовый;эфирный;,,фруктовый; яблочный; банановый; грушевый; ананасовый; тропический; сладкий; восковой; зеленый; травянистый; травяной,яблочный; банановый; сливочный; кремовый; цветочный; фруктовый; грушевый; ананасовый; сладкий; тропический; восковой,679,674,4942,5415,2320,2562
78,beta-Bromostyrene,BrC=Cc1ccccc1,,,алкогольный; альдегидный; луковый; миндальный; амбровый; анималистический; анисовый; яблочный; абрикосовый; ароматический; бальзамический; банановый; говяжий; бергамотовый; ягодный; горький; чёрная смородина; бренди; горелый; сливочный; капустный; камфорный; карамельный; кедровый; сельдерейный; ромашковый; сырный; вишнёвый; шоколадный; корица; цитрусовый; чистый; гвоздичный; какао; кокосовый; кофейный; коньячный; варёный; охлаждающий; корковый; кумариновый; кремовый; огуречный; молочный; сухой; землистый; эфирный; жирный; ферментированный; рыбный; цветочный; свежий; фруктовая кожура; фруктовый; чесночный; газовый; гераниевый; виноградный; грейпфрутовый; травянистый; зелёный; боярышник; сеновой; фундуковый; травяной; медовый; гиацинтовый; жасминовый; сочный; кетоновый; лактонный; лавандовый; листовой; кожаный; лимонный; лилейный; солодовый; мясной; лекарственный; дынный; металлический; молочный; мятный; ландышевый; грибной; мускусный; затхлый; натуральный; ореховый; без запаха; маслянистый; луковый; апельсиновый; апельсиновый цвет; ирисовый корень; озоновый; персиковый; грушевый; фенольный; сосновый; ананасовый; сливовый; попкорн; картофельный; пудровый; резкий; редисочный; малиновый; спелый; обжаренный; розовый; ромовый; сандаловый; пикантный; резкий; дымный; мыльный; растворитель; кислый; пряный; клубничный; сернистый; потный; сладкий; чайный; терпеновый; табачный; томатный; тропический; ванильный; овощной; ветиверовый; фиалковый; тёплый; восковой; сорняковый; винный; древесный; ,rata,Какие из следующих описаний запаха относятся к молекуле BrC=Cc1ccccc1? Выберите все подходящие из [алкогольный; альдегидный; луковый; миндальный; амбровый; анималистический; анисовый; яблочный; абрикосовый; ароматический; бальзамический; банановый; говяжий; бергамотовый; ягодный; горький; чёрная смородина; бренди; горелый; сливочный; капустный; камфорный; карамельный; кедровый; сельдерейный; ромашковый; сырный; вишнёвый; шоколадный; корица; цитрусовый; чистый; гвоздичный; какао; кокосовый; кофейный; коньячный; варёный; охлаждающий; корковый; кумариновый; кремовый; огуречный; молочный; сухой; землистый; эфирный; жирный; ферментированный; рыбный; цветочный; свежий; фруктовая кожура; фруктовый; чесночный; газовый; гераниевый; виноградный; грейпфрутовый; травянистый; зелёный; боярышник; сеновой; фундуковый; травяной; медовый; гиацинтовый; жасминовый; сочный; кетоновый; лактонный; лавандовый; листовой; кожаный; лимонный; лилейный; солодовый; мясной; лекарственный; дынный; металлический; молочный; мятный; ландышевый; грибной; мускусный; затхлый; натуральный; ореховый; без запаха; маслянистый; луковый; апельсиновый; апельсиновый цвет; ирисовый корень; озоновый; персиковый; грушевый; фенольный; сосновый; ананасовый; сливовый; попкорн; картофельный; пудровый; резкий; редисочный; малиновый; спелый; обжаренный; розовый; ромовый; сандаловый; пикантный; резкий; дымный; мыльный; растворитель; кислый; пряный; клубничный; сернистый; потный; сладкий; чайный; терпеновый; табачный; томатный; тропический; ванильный; овощной; ветиверовый; фиалковый; тёплый; восковой; сорняковый; винный; древесный; ]. Не пишите никаких комментариев.,Какие из следующих описаний запаха относятся к молекуле beta-Bromostyrene? Выберите все подходящие из [алкогольный; альдегидный; луковый; миндальный; амбровый; анималистический; анисовый; яблочный; абрикосовый; ароматический; бальзамический; банановый; говяжий; бергамотовый; ягодный; горький; чёрная смородина; бренди; горелый; сливочный; капустный; камфорный; карамельный; кедровый; сельдерейный; ромашковый; сырный; вишнёвый; шоколадный; корица; цитрусовый; чистый; гвоздичный; какао; кокосовый; кофейный; коньячный; варёный; охлаждающий; корковый; кумариновый; кремовый; огуречный; молочный; сухой; землистый; эфирный; жирный; ферментированный; рыбный; цветочный; свежий; фруктовая кожура; фруктовый; чесночный; газовый; гераниевый; виноградный; грейпфрутовый; травянистый; зелёный; боярышник; сеновой; фундуковый; травяной; медовый; гиацинтовый; жасминовый; сочный; кетоновый; лактонный; лавандовый; листовой; кожаный; лимонный; лилейный; солодовый; мясной; лекарственный; дынный; металлический; молочный; мятный; ландышевый; грибной; мускусный; затхлый; натуральный; ореховый; без запаха; маслянистый; луковый; апельсиновый; апельсиновый цвет; ирисовый корень; озоновый; персиковый; грушевый; фенольный; сосновый; ананасовый; сливовый; попкорн; картофельный; пудровый; резкий; редисочный; малиновый; спелый; обжаренный; розовый; ромовый; сандаловый; пикантный; резкий; дымный; мыльный; растворитель; кислый; пряный; клубничный; сернистый; потный; сладкий; чайный; терпеновый; табачный; томатный; тропический; ванильный; овощной; ветиверовый; фиалковый; тёплый; восковой; сорняковый; винный; древесный; ]. Не пишите никаких комментариев.,листовой;гиацинтовый;зелёный;,,гиацинтовый; цветочный; ландышевый,"резкий
растворитель",677,675,3411,491,1723,256
79,Hex-2-enyl 2-methylbutanoate,CCCC=CCOC(=O)C(C)CC,,,алкогольный; альдегидный; луковый; миндальный; амбровый; анималистический; анисовый; яблочный; абрикосовый; ароматический; бальзамический; банановый; говяжий; бергамотовый; ягодный; горький; чёрная смородина; бренди; горелый; сливочный; капустный; камфорный; карамельный; кедровый; сельдерейный; ромашковый; сырный; вишнёвый; шоколадный; корица; цитрусовый; чистый; гвоздичный; какао; кокосовый; кофейный; коньячный; варёный; охлаждающий; корковый; кумариновый; кремовый; огуречный; молочный; сухой; землистый; эфирный; жирный; ферментированный; рыбный; цветочный; свежий; фруктовая кожура; фруктовый; чесночный; газовый; гераниевый; виноградный; грейпфрутовый; травянистый; зелёный; боярышник; сеновой; фундуковый; травяной; медовый; гиацинтовый; жасминовый; сочный; кетоновый; лактонный; лавандовый; листовой; кожаный; лимонный; лилейный; солодовый; мясной; лекарственный; дынный; металлический; молочный; мятный; ландышевый; грибной; мускусный; затхлый; натуральный; ореховый; без запаха; маслянистый; луковый; апельсиновый; апельсиновый цвет; ирисовый корень; озоновый; персиковый; грушевый; фенольный; сосновый; ананасовый; сливовый; попкорн; картофельный; пудровый; резкий; редисочный; малиновый; спелый; обжаренный; розовый; ромовый; сандаловый; пикантный; резкий; дымный; мыльный; растворитель; кислый; пряный; клубничный; сернистый; потный; сладкий; чайный; терпеновый; табачный; томатный; тропический; ванильный; овощной; ветиверовый; фиалковый; тёплый; восковой; сорняковый; винный; древесный; ,rata,Какие из следующих описаний запаха относятся к молекуле CCCC=CCOC(=O)C(C)CC? Выберите все подходящие из [алкогольный; альдегидный; луковый; миндальный; амбровый; анималистический; анисовый; яблочный; абрикосовый; ароматический; бальзамический; банановый; говяжий; бергамотовый; ягодный; горький; чёрная смородина; бренди; горелый; сливочный; капустный; камфорный; карамельный; кедровый; сельдерейный; ромашковый; сырный; вишнёвый; шоколадный; корица; цитрусовый; чистый; гвоздичный; какао; кокосовый; кофейный; коньячный; варёный; охлаждающий; корковый; кумариновый; кремовый; огуречный; молочный; сухой; землистый; эфирный; жирный; ферментированный; рыбный; цветочный; свежий; фруктовая кожура; фруктовый; чесночный; газовый; гераниевый; виноградный; грейпфрутовый; травянистый; зелёный; боярышник; сеновой; фундуковый; травяной; медовый; гиацинтовый; жасминовый; сочный; кетоновый; лактонный; лавандовый; листовой; кожаный; лимонный; лилейный; солодовый; мясной; лекарственный; дынный; металлический; молочный; мятный; ландышевый; грибной; мускусный; затхлый; натуральный; ореховый; без запаха; маслянистый; луковый; апельсиновый; апельсиновый цвет; ирисовый корень; озоновый; персиковый; грушевый; фенольный; сосновый; ананасовый; сливовый; попкорн; картофельный; пудровый; резкий; редисочный; малиновый; спелый; обжаренный; розовый; ромовый; сандаловый; пикантный; резкий; дымный; мыльный; растворитель; кислый; пряный; клубничный; сернистый; потный; сладкий; чайный; терпеновый; табачный; томатный; тропический; ванильный; овощной; ветиверовый; фиалковый; тёплый; восковой; сорняковый; винный; древесный; ]. Не пишите никаких комментариев.,Какие из следующих описаний запаха относятся к молекуле Hex-2-enyl 2-methylbutanoate? Выберите все подходящие из [алкогольный; альдегидный; луковый; миндальный; амбровый; анималистический; анисовый; яблочный; абрикосовый; ароматический; бальзамический; банановый; говяжий; бергамотовый; ягодный; горький; чёрная смородина; бренди; горелый; сливочный; капустный; камфорный; карамельный; кедровый; сельдерейный; ромашковый; сырный; вишнёвый; шоколадный; корица; цитрусовый; чистый; гвоздичный; какао; кокосовый; кофейный; коньячный; варёный; охлаждающий; корковый; кумариновый; кремовый; огуречный; молочный; сухой; землистый; эфирный; жирный; ферментированный; рыбный; цветочный; свежий; фруктовая кожура; фруктовый; чесночный; газовый; гераниевый; виноградный; грейпфрутовый; травянистый; зелёный; боярышник; сеновой; фундуковый; травяной; медовый; гиацинтовый; жасминовый; сочный; кетоновый; лактонный; лавандовый; листовой; кожаный; лимонный; лилейный; солодовый; мясной; лекарственный; дынный; металлический; молочный; мятный; ландышевый; грибной; мускусный; затхлый; натуральный; ореховый; без запаха; маслянистый; луковый; апельсиновый; апельсиновый цвет; ирисовый корень; озоновый; персиковый; грушевый; фенольный; сосновый; ананасовый; сливовый; попкорн; картофельный; пудровый; резкий; редисочный; малиновый; спелый; обжаренный; розовый; ромовый; сандаловый; пикантный; резкий; дымный; мыльный; растворитель; кислый; пряный; клубничный; сернистый; потный; сладкий; чайный; терпеновый; табачный; томатный; тропический; ванильный; овощной; ветиверовый; фиалковый; тёплый; восковой; сорняковый; винный; древесный; ]. Не пишите никаких комментариев.,зелёный;фруктовый;яблочный;,,"фруктовый
зелёный
травянистый
яблочный
грушевый
тропический",яблочный; банановый; грушевый; фруктовый; зелёный; травянистый; тропический,680,680,3436,3178,1580,1562
80,Tetrahydroionol,CC(O)CCC1C(C)CCCC1(C)C,,,алкогольный; альдегидный; луковый; миндальный; амбровый; анималистический; анисовый; яблочный; абрикосовый; ароматический; бальзамический; банановый; говяжий; бергамотовый; ягодный; горький; чёрная смородина; бренди; горелый; сливочный; капустный; камфорный; карамельный; кедровый; сельдерейный; ромашковый; сырный; вишнёвый; шоколадный; корица; цитрусовый; чистый; гвоздичный; какао; кокосовый; кофейный; коньячный; варёный; охлаждающий; корковый; кумариновый; кремовый; огуречный; молочный; сухой; землистый; эфирный; жирный; ферментированный; рыбный; цветочный; свежий; фруктовая кожура; фруктовый; чесночный; газовый; гераниевый; виноградный; грейпфрутовый; травянистый; зелёный; боярышник; сеновой; фундуковый; травяной; медовый; гиацинтовый; жасминовый; сочный; кетоновый; лактонный; лавандовый; листовой; кожаный; лимонный; лилейный; солодовый; мясной; лекарственный; дынный; металлический; молочный; мятный; ландышевый; грибной; мускусный; затхлый; натуральный; ореховый; без запаха; маслянистый; луковый; апельсиновый; апельсиновый цвет; ирисовый корень; озоновый; персиковый; грушевый; фенольный; сосновый; ананасовый; сливовый; попкорн; картофельный; пудровый; резкий; редисочный; малиновый; спелый; обжаренный; розовый; ромовый; сандаловый; пикантный; резкий; дымный; мыльный; растворитель; кислый; пряный; клубничный; сернистый; потный; сладкий; чайный; терпеновый; табачный; томатный; тропический; ванильный; овощной; ветиверовый; фиалковый; тёплый; восковой; сорняковый; винный; древесный; ,rata,Какие из следующих описаний запаха относятся к молекуле CC(O)CCC1C(C)CCCC1(C)C? Выберите все подходящие из [алкогольный; альдегидный; луковый; миндальный; амбровый; анималистический; анисовый; яблочный; абрикосовый; ароматический; бальзамический; банановый; говяжий; бергамотовый; ягодный; горький; чёрная смородина; бренди; горелый; сливочный; капустный; камфорный; карамельный; кедровый; сельдерейный; ромашковый; сырный; вишнёвый; шоколадный; корица; цитрусовый; чистый; гвоздичный; какао; кокосовый; кофейный; коньячный; варёный; охлаждающий; корковый; кумариновый; кремовый; огуречный; молочный; сухой; землистый; эфирный; жирный; ферментированный; рыбный; цветочный; свежий; фруктовая кожура; фруктовый; чесночный; газовый; гераниевый; виноградный; грейпфрутовый; травянистый; зелёный; боярышник; сеновой; фундуковый; травяной; медовый; гиацинтовый; жасминовый; сочный; кетоновый; лактонный; лавандовый; листовой; кожаный; лимонный; лилейный; солодовый; мясной; лекарственный; дынный; металлический; молочный; мятный; ландышевый; грибной; мускусный; затхлый; натуральный; ореховый; без запаха; маслянистый; луковый; апельсиновый; апельсиновый цвет; ирисовый корень; озоновый; персиковый; грушевый; фенольный; сосновый; ананасовый; сливовый; попкорн; картофельный; пудровый; резкий; редисочный; малиновый; спелый; обжаренный; розовый; ромовый; сандаловый; пикантный; резкий; дымный; мыльный; растворитель; кислый; пряный; клубничный; сернистый; потный; сладкий; чайный; терпеновый; табачный; томатный; тропический; ванильный; овощной; ветиверовый; фиалковый; тёплый; восковой; сорняковый; винный; древесный; ]. Не пишите никаких комментариев.,Какие из следующих описаний запаха относятся к молекуле Tetrahydroionol? Выберите все подходящие из [алкогольный; альдегидный; луковый; миндальный; амбровый; анималистический; анисовый; яблочный; абрикосовый; ароматический; бальзамический; банановый; говяжий; бергамотовый; ягодный; горький; чёрная смородина; бренди; горелый; сливочный; капустный; камфорный; карамельный; кедровый; сельдерейный; ромашковый; сырный; вишнёвый; шоколадный; корица; цитрусовый; чистый; гвоздичный; какао; кокосовый; кофейный; коньячный; варёный; охлаждающий; корковый; кумариновый; кремовый; огуречный; молочный; сухой; землистый; эфирный; жирный; ферментированный; рыбный; цветочный; свежий; фруктовая кожура; фруктовый; чесночный; газовый; гераниевый; виноградный; грейпфрутовый; травянистый; зелёный; боярышник; сеновой; фундуковый; травяной; медовый; гиацинтовый; жасминовый; сочный; кетоновый; лактонный; лавандовый; листовой; кожаный; лимонный; лилейный; солодовый; мясной; лекарственный; дынный; металлический; молочный; мятный; ландышевый; грибной; мускусный; затхлый; натуральный; ореховый; без запаха; маслянистый; луковый; апельсиновый; апельсиновый цвет; ирисовый корень; озоновый; персиковый; грушевый; фенольный; сосновый; ананасовый; сливовый; попкорн; картофельный; пудровый; резкий; редисочный; малиновый; спелый; обжаренный; розовый; ромовый; сандаловый; пикантный; резкий; дымный; мыльный; растворитель; кислый; пряный; клубничный; сернистый; потный; сладкий; чайный; терпеновый; табачный; томатный; тропический; ванильный; овощной; ветиверовый; фиалковый; тёплый; восковой; сорняковый; винный; древесный; ]. Не пишите никаких комментариев.,древесный;кожаный;цветочный;фиалковый;,,"камфорный
древесный
цветочный
травянистый",цветочный; фиалковый; древесный; фруктовый; ягодный; сливовый,682,673,349,1126,153,582
81,Ethyl 3-methyl-2-oxopentanoate,CCOC(=O)C(=O)C(C)CC,,,алкогольный; альдегидный; луковый; миндальный; амбровый; анималистический; анисовый; яблочный; абрикосовый; ароматический; бальзамический; банановый; говяжий; бергамотовый; ягодный; горький; чёрная смородина; бренди; горелый; сливочный; капустный; камфорный; карамельный; кедровый; сельдерейный; ромашковый; сырный; вишнёвый; шоколадный; корица; цитрусовый; чистый; гвоздичный; какао; кокосовый; кофейный; коньячный; варёный; охлаждающий; корковый; кумариновый; кремовый; огуречный; молочный; сухой; землистый; эфирный; жирный; ферментированный; рыбный; цветочный; свежий; фруктовая кожура; фруктовый; чесночный; газовый; гераниевый; виноградный; грейпфрутовый; травянистый; зелёный; боярышник; сеновой; фундуковый; травяной; медовый; гиацинтовый; жасминовый; сочный; кетоновый; лактонный; лавандовый; листовой; кожаный; лимонный; лилейный; солодовый; мясной; лекарственный; дынный; металлический; молочный; мятный; ландышевый; грибной; мускусный; затхлый; натуральный; ореховый; без запаха; маслянистый; луковый; апельсиновый; апельсиновый цвет; ирисовый корень; озоновый; персиковый; грушевый; фенольный; сосновый; ананасовый; сливовый; попкорн; картофельный; пудровый; резкий; редисочный; малиновый; спелый; обжаренный; розовый; ромовый; сандаловый; пикантный; резкий; дымный; мыльный; растворитель; кислый; пряный; клубничный; сернистый; потный; сладкий; чайный; терпеновый; табачный; томатный; тропический; ванильный; овощной; ветиверовый; фиалковый; тёплый; восковой; сорняковый; винный; древесный; ,rata,Какие из следующих описаний запаха относятся к молекуле CCOC(=O)C(=O)C(C)CC? Выберите все подходящие из [алкогольный; альдегидный; луковый; миндальный; амбровый; анималистический; анисовый; яблочный; абрикосовый; ароматический; бальзамический; банановый; говяжий; бергамотовый; ягодный; горький; чёрная смородина; бренди; горелый; сливочный; капустный; камфорный; карамельный; кедровый; сельдерейный; ромашковый; сырный; вишнёвый; шоколадный; корица; цитрусовый; чистый; гвоздичный; какао; кокосовый; кофейный; коньячный; варёный; охлаждающий; корковый; кумариновый; кремовый; огуречный; молочный; сухой; землистый; эфирный; жирный; ферментированный; рыбный; цветочный; свежий; фруктовая кожура; фруктовый; чесночный; газовый; гераниевый; виноградный; грейпфрутовый; травянистый; зелёный; боярышник; сеновой; фундуковый; травяной; медовый; гиацинтовый; жасминовый; сочный; кетоновый; лактонный; лавандовый; листовой; кожаный; лимонный; лилейный; солодовый; мясной; лекарственный; дынный; металлический; молочный; мятный; ландышевый; грибной; мускусный; затхлый; натуральный; ореховый; без запаха; маслянистый; луковый; апельсиновый; апельсиновый цвет; ирисовый корень; озоновый; персиковый; грушевый; фенольный; сосновый; ананасовый; сливовый; попкорн; картофельный; пудровый; резкий; редисочный; малиновый; спелый; обжаренный; розовый; ромовый; сандаловый; пикантный; резкий; дымный; мыльный; растворитель; кислый; пряный; клубничный; сернистый; потный; сладкий; чайный; терпеновый; табачный; томатный; тропический; ванильный; овощной; ветиверовый; фиалковый; тёплый; восковой; сорняковый; винный; древесный; ]. Не пишите никаких комментариев.,Какие из следующих описаний запаха относятся к молекуле Ethyl 3-methyl-2-oxopentanoate? Выберите все подходящие из [алкогольный; альдегидный; луковый; миндальный; амбровый; анималистический; анисовый; яблочный; абрикосовый; ароматический; бальзамический; банановый; говяжий; бергамотовый; ягодный; горький; чёрная смородина; бренди; горелый; сливочный; капустный; камфорный; карамельный; кедровый; сельдерейный; ромашковый; сырный; вишнёвый; шоколадный; корица; цитрусовый; чистый; гвоздичный; какао; кокосовый; кофейный; коньячный; варёный; охлаждающий; корковый; кумариновый; кремовый; огуречный; молочный; сухой; землистый; эфирный; жирный; ферментированный; рыбный; цветочный; свежий; фруктовая кожура; фруктовый; чесночный; газовый; гераниевый; виноградный; грейпфрутовый; травянистый; зелёный; боярышник; сеновой; фундуковый; травяной; медовый; гиацинтовый; жасминовый; сочный; кетоновый; лактонный; лавандовый; листовой; кожаный; лимонный; лилейный; солодовый; мясной; лекарственный; дынный; металлический; молочный; мятный; ландышевый; грибной; мускусный; затхлый; натуральный; ореховый; без запаха; маслянистый; луковый; апельсиновый; апельсиновый цвет; ирисовый корень; озоновый; персиковый; грушевый; фенольный; сосновый; ананасовый; сливовый; попкорн; картофельный; пудровый; резкий; редисочный; малиновый; спелый; обжаренный; розовый; ромовый; сандаловый; пикантный; резкий; дымный; мыльный; растворитель; кислый; пряный; клубничный; сернистый; потный; сладкий; чайный; терпеновый; табачный; томатный; тропический; ванильный; овощной; ветиверовый; фиалковый; тёплый; восковой; сорняковый; винный; древесный; ]. Не пишите никаких комментариев.,травяной;древесный;ореховый;,,фруктовый; винный; карамельный; сладкий; эфирный; бренди; коньячный; ромовый,[фруктовый; клубничный; ананасовый],681,681,5245,307,2436,154
82,"1,3-Dioxolane, 2-methyl-4-phenyl-",CC1OCC(c2ccccc2)O1,,,алкогольный; альдегидный; луковый; миндальный; амбровый; анималистический; анисовый; яблочный; абрикосовый; ароматический; бальзамический; банановый; говяжий; бергамотовый; ягодный; горький; чёрная смородина; бренди; горелый; сливочный; капустный; камфорный; карамельный; кедровый; сельдерейный; ромашковый; сырный; вишнёвый; шоколадный; корица; цитрусовый; чистый; гвоздичный; какао; кокосовый; кофейный; коньячный; варёный; охлаждающий; корковый; кумариновый; кремовый; огуречный; молочный; сухой; землистый; эфирный; жирный; ферментированный; рыбный; цветочный; свежий; фруктовая кожура; фруктовый; чесночный; газовый; гераниевый; виноградный; грейпфрутовый; травянистый; зелёный; боярышник; сеновой; фундуковый; травяной; медовый; гиацинтовый; жасминовый; сочный; кетоновый; лактонный; лавандовый; листовой; кожаный; лимонный; лилейный; солодовый; мясной; лекарственный; дынный; металлический; молочный; мятный; ландышевый; грибной; мускусный; затхлый; натуральный; ореховый; без запаха; маслянистый; луковый; апельсиновый; апельсиновый цвет; ирисовый корень; озоновый; персиковый; грушевый; фенольный; сосновый; ананасовый; сливовый; попкорн; картофельный; пудровый; резкий; редисочный; малиновый; спелый; обжаренный; розовый; ромовый; сандаловый; пикантный; резкий; дымный; мыльный; растворитель; кислый; пряный; клубничный; сернистый; потный; сладкий; чайный; терпеновый; табачный; томатный; тропический; ванильный; овощной; ветиверовый; фиалковый; тёплый; восковой; сорняковый; винный; древесный; ,rata,Какие из следующих описаний запаха относятся к молекуле CC1OCC(c2ccccc2)O1? Выберите все подходящие из [алкогольный; альдегидный; луковый; миндальный; амбровый; анималистический; анисовый; яблочный; абрикосовый; ароматический; бальзамический; банановый; говяжий; бергамотовый; ягодный; горький; чёрная смородина; бренди; горелый; сливочный; капустный; камфорный; карамельный; кедровый; сельдерейный; ромашковый; сырный; вишнёвый; шоколадный; корица; цитрусовый; чистый; гвоздичный; какао; кокосовый; кофейный; коньячный; варёный; охлаждающий; корковый; кумариновый; кремовый; огуречный; молочный; сухой; землистый; эфирный; жирный; ферментированный; рыбный; цветочный; свежий; фруктовая кожура; фруктовый; чесночный; газовый; гераниевый; виноградный; грейпфрутовый; травянистый; зелёный; боярышник; сеновой; фундуковый; травяной; медовый; гиацинтовый; жасминовый; сочный; кетоновый; лактонный; лавандовый; листовой; кожаный; лимонный; лилейный; солодовый; мясной; лекарственный; дынный; металлический; молочный; мятный; ландышевый; грибной; мускусный; затхлый; натуральный; ореховый; без запаха; маслянистый; луковый; апельсиновый; апельсиновый цвет; ирисовый корень; озоновый; персиковый; грушевый; фенольный; сосновый; ананасовый; сливовый; попкорн; картофельный; пудровый; резкий; редисочный; малиновый; спелый; обжаренный; розовый; ромовый; сандаловый; пикантный; резкий; дымный; мыльный; растворитель; кислый; пряный; клубничный; сернистый; потный; сладкий; чайный; терпеновый; табачный; томатный; тропический; ванильный; овощной; ветиверовый; фиалковый; тёплый; восковой; сорняковый; винный; древесный; ]. Не пишите никаких комментариев.,"Какие из следующих описаний запаха относятся к молекуле 1,3-Dioxolane, 2-methyl-4-phenyl-? Выберите все подходящие из [алкогольный; альдегидный; луковый; миндальный; амбровый; анималистический; анисовый; яблочный; абрикосовый; ароматический; бальзамический; банановый; говяжий; бергамотовый; ягодный; горький; чёрная смородина; бренди; горелый; сливочный; капустный; камфорный; карамельный; кедровый; сельдерейный; ромашковый; сырный; вишнёвый; шоколадный; корица; цитрусовый; чистый; гвоздичный; какао; кокосовый; кофейный; коньячный; варёный; охлаждающий; корковый; кумариновый; кремовый; огуречный; молочный; сухой; землистый; эфирный; жирный; ферментированный; рыбный; цветочный; свежий; фруктовая кожура; фруктовый; чесночный; газовый; гераниевый; виноградный; грейпфрутовый; травянистый; зелёный; боярышник; сеновой; фундуковый; травяной; медовый; гиацинтовый; жасминовый; сочный; кетоновый; лактонный; лавандовый; листовой; кожаный; лимонный; лилейный; солодовый; мясной; лекарственный; дынный; металлический; молочный; мятный; ландышевый; грибной; мускусный; затхлый; натуральный; ореховый; без запаха; маслянистый; луковый; апельсиновый; апельсиновый цвет; ирисовый корень; озоновый; персиковый; грушевый; фенольный; сосновый; ананасовый; сливовый; попкорн; картофельный; пудровый; резкий; редисочный; малиновый; спелый; обжаренный; розовый; ромовый; сандаловый; пикантный; резкий; дымный; мыльный; растворитель; кислый; пряный; клубничный; сернистый; потный; сладкий; чайный; терпеновый; табачный; томатный; тропический; ванильный; овощной; ветиверовый; фиалковый; тёплый; восковой; сорняковый; винный; древесный; ]. Не пишите никаких комментариев.",анималистический;гиацинтовый;жасминовый;цветочный;,,"Эфирный
Цветочный
Фруктовый
Растворитель
Сладкий","миндальный
фруктовый
вишнёвый
абрикосовый
ореховый
сладкий
зелёный
эфирный",680,685,548,2284,231,1085
83,Lavandulyl acetate,C=C(C)C(CC=C(C)C)COC(C)=O,,,алкогольный; альдегидный; луковый; миндальный; амбровый; анималистический; анисовый; яблочный; абрикосовый; ароматический; бальзамический; банановый; говяжий; бергамотовый; ягодный; горький; чёрная смородина; бренди; горелый; сливочный; капустный; камфорный; карамельный; кедровый; сельдерейный; ромашковый; сырный; вишнёвый; шоколадный; корица; цитрусовый; чистый; гвоздичный; какао; кокосовый; кофейный; коньячный; варёный; охлаждающий; корковый; кумариновый; кремовый; огуречный; молочный; сухой; землистый; эфирный; жирный; ферментированный; рыбный; цветочный; свежий; фруктовая кожура; фруктовый; чесночный; газовый; гераниевый; виноградный; грейпфрутовый; травянистый; зелёный; боярышник; сеновой; фундуковый; травяной; медовый; гиацинтовый; жасминовый; сочный; кетоновый; лактонный; лавандовый; листовой; кожаный; лимонный; лилейный; солодовый; мясной; лекарственный; дынный; металлический; молочный; мятный; ландышевый; грибной; мускусный; затхлый; натуральный; ореховый; без запаха; маслянистый; луковый; апельсиновый; апельсиновый цвет; ирисовый корень; озоновый; персиковый; грушевый; фенольный; сосновый; ананасовый; сливовый; попкорн; картофельный; пудровый; резкий; редисочный; малиновый; спелый; обжаренный; розовый; ромовый; сандаловый; пикантный; резкий; дымный; мыльный; растворитель; кислый; пряный; клубничный; сернистый; потный; сладкий; чайный; терпеновый; табачный; томатный; тропический; ванильный; овощной; ветиверовый; фиалковый; тёплый; восковой; сорняковый; винный; древесный; ,rata,Какие из следующих описаний запаха относятся к молекуле C=C(C)C(CC=C(C)C)COC(C)=O? Выберите все подходящие из [алкогольный; альдегидный; луковый; миндальный; амбровый; анималистический; анисовый; яблочный; абрикосовый; ароматический; бальзамический; банановый; говяжий; бергамотовый; ягодный; горький; чёрная смородина; бренди; горелый; сливочный; капустный; камфорный; карамельный; кедровый; сельдерейный; ромашковый; сырный; вишнёвый; шоколадный; корица; цитрусовый; чистый; гвоздичный; какао; кокосовый; кофейный; коньячный; варёный; охлаждающий; корковый; кумариновый; кремовый; огуречный; молочный; сухой; землистый; эфирный; жирный; ферментированный; рыбный; цветочный; свежий; фруктовая кожура; фруктовый; чесночный; газовый; гераниевый; виноградный; грейпфрутовый; травянистый; зелёный; боярышник; сеновой; фундуковый; травяной; медовый; гиацинтовый; жасминовый; сочный; кетоновый; лактонный; лавандовый; листовой; кожаный; лимонный; лилейный; солодовый; мясной; лекарственный; дынный; металлический; молочный; мятный; ландышевый; грибной; мускусный; затхлый; натуральный; ореховый; без запаха; маслянистый; луковый; апельсиновый; апельсиновый цвет; ирисовый корень; озоновый; персиковый; грушевый; фенольный; сосновый; ананасовый; сливовый; попкорн; картофельный; пудровый; резкий; редисочный; малиновый; спелый; обжаренный; розовый; ромовый; сандаловый; пикантный; резкий; дымный; мыльный; растворитель; кислый; пряный; клубничный; сернистый; потный; сладкий; чайный; терпеновый; табачный; томатный; тропический; ванильный; овощной; ветиверовый; фиалковый; тёплый; восковой; сорняковый; винный; древесный; ]. Не пишите никаких комментариев.,Какие из следующих описаний запаха относятся к молекуле Lavandulyl acetate? Выберите все подходящие из [алкогольный; альдегидный; луковый; миндальный; амбровый; анималистический; анисовый; яблочный; абрикосовый; ароматический; бальзамический; банановый; говяжий; бергамотовый; ягодный; горький; чёрная смородина; бренди; горелый; сливочный; капустный; камфорный; карамельный; кедровый; сельдерейный; ромашковый; сырный; вишнёвый; шоколадный; корица; цитрусовый; чистый; гвоздичный; какао; кокосовый; кофейный; коньячный; варёный; охлаждающий; корковый; кумариновый; кремовый; огуречный; молочный; сухой; землистый; эфирный; жирный; ферментированный; рыбный; цветочный; свежий; фруктовая кожура; фруктовый; чесночный; газовый; гераниевый; виноградный; грейпфрутовый; травянистый; зелёный; боярышник; сеновой; фундуковый; травяной; медовый; гиацинтовый; жасминовый; сочный; кетоновый; лактонный; лавандовый; листовой; кожаный; лимонный; лилейный; солодовый; мясной; лекарственный; дынный; металлический; молочный; мятный; ландышевый; грибной; мускусный; затхлый; натуральный; ореховый; без запаха; маслянистый; луковый; апельсиновый; апельсиновый цвет; ирисовый корень; озоновый; персиковый; грушевый; фенольный; сосновый; ананасовый; сливовый; попкорн; картофельный; пудровый; резкий; редисочный; малиновый; спелый; обжаренный; розовый; ромовый; сандаловый; пикантный; резкий; дымный; мыльный; растворитель; кислый; пряный; клубничный; сернистый; потный; сладкий; чайный; терпеновый; табачный; томатный; тропический; ванильный; овощной; ветиверовый; фиалковый; тёплый; восковой; сорняковый; винный; древесный; ]. Не пишите никаких комментариев.,пряный;тёплый;фруктовый;травяной;сладкий;,,"фруктовый
цветочный
терпеновый
лавандовый","цветочный
лавандовый
травянистый
травяной
фруктовый
свежий
сладкий
бальзамический",684,674,10085,3357,4760,1647
84,"2H-4,7a-Ethanonaphth[1,2-b]oxirene, octahydro-3a,4,7b-trimethyl-",CC12CCCC3(CC1)C1(C)OC1CCC23C,,,алкогольный; альдегидный; луковый; миндальный; амбровый; анималистический; анисовый; яблочный; абрикосовый; ароматический; бальзамический; банановый; говяжий; бергамотовый; ягодный; горький; чёрная смородина; бренди; горелый; сливочный; капустный; камфорный; карамельный; кедровый; сельдерейный; ромашковый; сырный; вишнёвый; шоколадный; корица; цитрусовый; чистый; гвоздичный; какао; кокосовый; кофейный; коньячный; варёный; охлаждающий; корковый; кумариновый; кремовый; огуречный; молочный; сухой; землистый; эфирный; жирный; ферментированный; рыбный; цветочный; свежий; фруктовая кожура; фруктовый; чесночный; газовый; гераниевый; виноградный; грейпфрутовый; травянистый; зелёный; боярышник; сеновой; фундуковый; травяной; медовый; гиацинтовый; жасминовый; сочный; кетоновый; лактонный; лавандовый; листовой; кожаный; лимонный; лилейный; солодовый; мясной; лекарственный; дынный; металлический; молочный; мятный; ландышевый; грибной; мускусный; затхлый; натуральный; ореховый; без запаха; маслянистый; луковый; апельсиновый; апельсиновый цвет; ирисовый корень; озоновый; персиковый; грушевый; фенольный; сосновый; ананасовый; сливовый; попкорн; картофельный; пудровый; резкий; редисочный; малиновый; спелый; обжаренный; розовый; ромовый; сандаловый; пикантный; резкий; дымный; мыльный; растворитель; кислый; пряный; клубничный; сернистый; потный; сладкий; чайный; терпеновый; табачный; томатный; тропический; ванильный; овощной; ветиверовый; фиалковый; тёплый; восковой; сорняковый; винный; древесный; ,rata,Какие из следующих описаний запаха относятся к молекуле CC12CCCC3(CC1)C1(C)OC1CCC23C? Выберите все подходящие из [алкогольный; альдегидный; луковый; миндальный; амбровый; анималистический; анисовый; яблочный; абрикосовый; ароматический; бальзамический; банановый; говяжий; бергамотовый; ягодный; горький; чёрная смородина; бренди; горелый; сливочный; капустный; камфорный; карамельный; кедровый; сельдерейный; ромашковый; сырный; вишнёвый; шоколадный; корица; цитрусовый; чистый; гвоздичный; какао; кокосовый; кофейный; коньячный; варёный; охлаждающий; корковый; кумариновый; кремовый; огуречный; молочный; сухой; землистый; эфирный; жирный; ферментированный; рыбный; цветочный; свежий; фруктовая кожура; фруктовый; чесночный; газовый; гераниевый; виноградный; грейпфрутовый; травянистый; зелёный; боярышник; сеновой; фундуковый; травяной; медовый; гиацинтовый; жасминовый; сочный; кетоновый; лактонный; лавандовый; листовой; кожаный; лимонный; лилейный; солодовый; мясной; лекарственный; дынный; металлический; молочный; мятный; ландышевый; грибной; мускусный; затхлый; натуральный; ореховый; без запаха; маслянистый; луковый; апельсиновый; апельсиновый цвет; ирисовый корень; озоновый; персиковый; грушевый; фенольный; сосновый; ананасовый; сливовый; попкорн; картофельный; пудровый; резкий; редисочный; малиновый; спелый; обжаренный; розовый; ромовый; сандаловый; пикантный; резкий; дымный; мыльный; растворитель; кислый; пряный; клубничный; сернистый; потный; сладкий; чайный; терпеновый; табачный; томатный; тропический; ванильный; овощной; ветиверовый; фиалковый; тёплый; восковой; сорняковый; винный; древесный; ]. Не пишите никаких комментариев.,"Какие из следующих описаний запаха относятся к молекуле 2H-4,7a-Ethanonaphth[1,2-b]oxirene, octahydro-3a,4,7b-trimethyl-? Выберите все подходящие из [алкогольный; альдегидный; луковый; миндальный; амбровый; анималистический; анисовый; яблочный; абрикосовый; ароматический; бальзамический; банановый; говяжий; бергамотовый; ягодный; горький; чёрная смородина; бренди; горелый; сливочный; капустный; камфорный; карамельный; кедровый; сельдерейный; ромашковый; сырный; вишнёвый; шоколадный; корица; цитрусовый; чистый; гвоздичный; какао; кокосовый; кофейный; коньячный; варёный; охлаждающий; корковый; кумариновый; кремовый; огуречный; молочный; сухой; землистый; эфирный; жирный; ферментированный; рыбный; цветочный; свежий; фруктовая кожура; фруктовый; чесночный; газовый; гераниевый; виноградный; грейпфрутовый; травянистый; зелёный; боярышник; сеновой; фундуковый; травяной; медовый; гиацинтовый; жасминовый; сочный; кетоновый; лактонный; лавандовый; листовой; кожаный; лимонный; лилейный; солодовый; мясной; лекарственный; дынный; металлический; молочный; мятный; ландышевый; грибной; мускусный; затхлый; натуральный; ореховый; без запаха; маслянистый; луковый; апельсиновый; апельсиновый цвет; ирисовый корень; озоновый; персиковый; грушевый; фенольный; сосновый; ананасовый; сливовый; попкорн; картофельный; пудровый; резкий; редисочный; малиновый; спелый; обжаренный; розовый; ромовый; сандаловый; пикантный; резкий; дымный; мыльный; растворитель; кислый; пряный; клубничный; сернистый; потный; сладкий; чайный; терпеновый; табачный; томатный; тропический; ванильный; овощной; ветиверовый; фиалковый; тёплый; восковой; сорняковый; винный; древесный; ]. Не пишите никаких комментариев.",мускусный;сухой;,,амбровый; древесный,"камфорный
бальзамический
древесный
терпеновый
сосновый",686,707,11465,309,6585,141
85,"3-Methylbuta-1,3-dienyl butanoate",C=C(C)C=COC(=O)CCC,,,алкогольный; альдегидный; луковый; миндальный; амбровый; анималистический; анисовый; яблочный; абрикосовый; ароматический; бальзамический; банановый; говяжий; бергамотовый; ягодный; горький; чёрная смородина; бренди; горелый; сливочный; капустный; камфорный; карамельный; кедровый; сельдерейный; ромашковый; сырный; вишнёвый; шоколадный; корица; цитрусовый; чистый; гвоздичный; какао; кокосовый; кофейный; коньячный; варёный; охлаждающий; корковый; кумариновый; кремовый; огуречный; молочный; сухой; землистый; эфирный; жирный; ферментированный; рыбный; цветочный; свежий; фруктовая кожура; фруктовый; чесночный; газовый; гераниевый; виноградный; грейпфрутовый; травянистый; зелёный; боярышник; сеновой; фундуковый; травяной; медовый; гиацинтовый; жасминовый; сочный; кетоновый; лактонный; лавандовый; листовой; кожаный; лимонный; лилейный; солодовый; мясной; лекарственный; дынный; металлический; молочный; мятный; ландышевый; грибной; мускусный; затхлый; натуральный; ореховый; без запаха; маслянистый; луковый; апельсиновый; апельсиновый цвет; ирисовый корень; озоновый; персиковый; грушевый; фенольный; сосновый; ананасовый; сливовый; попкорн; картофельный; пудровый; резкий; редисочный; малиновый; спелый; обжаренный; розовый; ромовый; сандаловый; пикантный; резкий; дымный; мыльный; растворитель; кислый; пряный; клубничный; сернистый; потный; сладкий; чайный; терпеновый; табачный; томатный; тропический; ванильный; овощной; ветиверовый; фиалковый; тёплый; восковой; сорняковый; винный; древесный; ,rata,Какие из следующих описаний запаха относятся к молекуле C=C(C)C=COC(=O)CCC? Выберите все подходящие из [алкогольный; альдегидный; луковый; миндальный; амбровый; анималистический; анисовый; яблочный; абрикосовый; ароматический; бальзамический; банановый; говяжий; бергамотовый; ягодный; горький; чёрная смородина; бренди; горелый; сливочный; капустный; камфорный; карамельный; кедровый; сельдерейный; ромашковый; сырный; вишнёвый; шоколадный; корица; цитрусовый; чистый; гвоздичный; какао; кокосовый; кофейный; коньячный; варёный; охлаждающий; корковый; кумариновый; кремовый; огуречный; молочный; сухой; землистый; эфирный; жирный; ферментированный; рыбный; цветочный; свежий; фруктовая кожура; фруктовый; чесночный; газовый; гераниевый; виноградный; грейпфрутовый; травянистый; зелёный; боярышник; сеновой; фундуковый; травяной; медовый; гиацинтовый; жасминовый; сочный; кетоновый; лактонный; лавандовый; листовой; кожаный; лимонный; лилейный; солодовый; мясной; лекарственный; дынный; металлический; молочный; мятный; ландышевый; грибной; мускусный; затхлый; натуральный; ореховый; без запаха; маслянистый; луковый; апельсиновый; апельсиновый цвет; ирисовый корень; озоновый; персиковый; грушевый; фенольный; сосновый; ананасовый; сливовый; попкорн; картофельный; пудровый; резкий; редисочный; малиновый; спелый; обжаренный; розовый; ромовый; сандаловый; пикантный; резкий; дымный; мыльный; растворитель; кислый; пряный; клубничный; сернистый; потный; сладкий; чайный; терпеновый; табачный; томатный; тропический; ванильный; овощной; ветиверовый; фиалковый; тёплый; восковой; сорняковый; винный; древесный; ]. Не пишите никаких комментариев.,"Какие из следующих описаний запаха относятся к молекуле 3-Methylbuta-1,3-dienyl butanoate? Выберите все подходящие из [алкогольный; альдегидный; луковый; миндальный; амбровый; анималистический; анисовый; яблочный; абрикосовый; ароматический; бальзамический; банановый; говяжий; бергамотовый; ягодный; горький; чёрная смородина; бренди; горелый; сливочный; капустный; камфорный; карамельный; кедровый; сельдерейный; ромашковый; сырный; вишнёвый; шоколадный; корица; цитрусовый; чистый; гвоздичный; какао; кокосовый; кофейный; коньячный; варёный; охлаждающий; корковый; кумариновый; кремовый; огуречный; молочный; сухой; землистый; эфирный; жирный; ферментированный; рыбный; цветочный; свежий; фруктовая кожура; фруктовый; чесночный; газовый; гераниевый; виноградный; грейпфрутовый; травянистый; зелёный; боярышник; сеновой; фундуковый; травяной; медовый; гиацинтовый; жасминовый; сочный; кетоновый; лактонный; лавандовый; листовой; кожаный; лимонный; лилейный; солодовый; мясной; лекарственный; дынный; металлический; молочный; мятный; ландышевый; грибной; мускусный; затхлый; натуральный; ореховый; без запаха; маслянистый; луковый; апельсиновый; апельсиновый цвет; ирисовый корень; озоновый; персиковый; грушевый; фенольный; сосновый; ананасовый; сливовый; попкорн; картофельный; пудровый; резкий; редисочный; малиновый; спелый; обжаренный; розовый; ромовый; сандаловый; пикантный; резкий; дымный; мыльный; растворитель; кислый; пряный; клубничный; сернистый; потный; сладкий; чайный; терпеновый; табачный; томатный; тропический; ванильный; овощной; ветиверовый; фиалковый; тёплый; восковой; сорняковый; винный; древесный; ]. Не пишите никаких комментариев.",зелёный;яблочный;фруктовый;,,[фруктовый; травянистый; зелёный; цитрусовый; терпеновый],"банановый
яблочный
грушевый
фруктовый",680,685,8680,574,4035,260
86,Benzo(B)Thiophene,c1ccc2sccc2c1,,,алкогольный; альдегидный; луковый; миндальный; амбровый; анималистический; анисовый; яблочный; абрикосовый; ароматический; бальзамический; банановый; говяжий; бергамотовый; ягодный; горький; чёрная смородина; бренди; горелый; сливочный; капустный; камфорный; карамельный; кедровый; сельдерейный; ромашковый; сырный; вишнёвый; шоколадный; корица; цитрусовый; чистый; гвоздичный; какао; кокосовый; кофейный; коньячный; варёный; охлаждающий; корковый; кумариновый; кремовый; огуречный; молочный; сухой; землистый; эфирный; жирный; ферментированный; рыбный; цветочный; свежий; фруктовая кожура; фруктовый; чесночный; газовый; гераниевый; виноградный; грейпфрутовый; травянистый; зелёный; боярышник; сеновой; фундуковый; травяной; медовый; гиацинтовый; жасминовый; сочный; кетоновый; лактонный; лавандовый; листовой; кожаный; лимонный; лилейный; солодовый; мясной; лекарственный; дынный; металлический; молочный; мятный; ландышевый; грибной; мускусный; затхлый; натуральный; ореховый; без запаха; маслянистый; луковый; апельсиновый; апельсиновый цвет; ирисовый корень; озоновый; персиковый; грушевый; фенольный; сосновый; ананасовый; сливовый; попкорн; картофельный; пудровый; резкий; редисочный; малиновый; спелый; обжаренный; розовый; ромовый; сандаловый; пикантный; резкий; дымный; мыльный; растворитель; кислый; пряный; клубничный; сернистый; потный; сладкий; чайный; терпеновый; табачный; томатный; тропический; ванильный; овощной; ветиверовый; фиалковый; тёплый; восковой; сорняковый; винный; древесный; ,rata,Какие из следующих описаний запаха относятся к молекуле c1ccc2sccc2c1? Выберите все подходящие из [алкогольный; альдегидный; луковый; миндальный; амбровый; анималистический; анисовый; яблочный; абрикосовый; ароматический; бальзамический; банановый; говяжий; бергамотовый; ягодный; горький; чёрная смородина; бренди; горелый; сливочный; капустный; камфорный; карамельный; кедровый; сельдерейный; ромашковый; сырный; вишнёвый; шоколадный; корица; цитрусовый; чистый; гвоздичный; какао; кокосовый; кофейный; коньячный; варёный; охлаждающий; корковый; кумариновый; кремовый; огуречный; молочный; сухой; землистый; эфирный; жирный; ферментированный; рыбный; цветочный; свежий; фруктовая кожура; фруктовый; чесночный; газовый; гераниевый; виноградный; грейпфрутовый; травянистый; зелёный; боярышник; сеновой; фундуковый; травяной; медовый; гиацинтовый; жасминовый; сочный; кетоновый; лактонный; лавандовый; листовой; кожаный; лимонный; лилейный; солодовый; мясной; лекарственный; дынный; металлический; молочный; мятный; ландышевый; грибной; мускусный; затхлый; натуральный; ореховый; без запаха; маслянистый; луковый; апельсиновый; апельсиновый цвет; ирисовый корень; озоновый; персиковый; грушевый; фенольный; сосновый; ананасовый; сливовый; попкорн; картофельный; пудровый; резкий; редисочный; малиновый; спелый; обжаренный; розовый; ромовый; сандаловый; пикантный; резкий; дымный; мыльный; растворитель; кислый; пряный; клубничный; сернистый; потный; сладкий; чайный; терпеновый; табачный; томатный; тропический; ванильный; овощной; ветиверовый; фиалковый; тёплый; восковой; сорняковый; винный; древесный; ]. Не пишите никаких комментариев.,Какие из следующих описаний запаха относятся к молекуле Benzo(B)Thiophene? Выберите все подходящие из [алкогольный; альдегидный; луковый; миндальный; амбровый; анималистический; анисовый; яблочный; абрикосовый; ароматический; бальзамический; банановый; говяжий; бергамотовый; ягодный; горький; чёрная смородина; бренди; горелый; сливочный; капустный; камфорный; карамельный; кедровый; сельдерейный; ромашковый; сырный; вишнёвый; шоколадный; корица; цитрусовый; чистый; гвоздичный; какао; кокосовый; кофейный; коньячный; варёный; охлаждающий; корковый; кумариновый; кремовый; огуречный; молочный; сухой; землистый; эфирный; жирный; ферментированный; рыбный; цветочный; свежий; фруктовая кожура; фруктовый; чесночный; газовый; гераниевый; виноградный; грейпфрутовый; травянистый; зелёный; боярышник; сеновой; фундуковый; травяной; медовый; гиацинтовый; жасминовый; сочный; кетоновый; лактонный; лавандовый; листовой; кожаный; лимонный; лилейный; солодовый; мясной; лекарственный; дынный; металлический; молочный; мятный; ландышевый; грибной; мускусный; затхлый; натуральный; ореховый; без запаха; маслянистый; луковый; апельсиновый; апельсиновый цвет; ирисовый корень; озоновый; персиковый; грушевый; фенольный; сосновый; ананасовый; сливовый; попкорн; картофельный; пудровый; резкий; редисочный; малиновый; спелый; обжаренный; розовый; ромовый; сандаловый; пикантный; резкий; дымный; мыльный; растворитель; кислый; пряный; клубничный; сернистый; потный; сладкий; чайный; терпеновый; табачный; томатный; тропический; ванильный; овощной; ветиверовый; фиалковый; тёплый; восковой; сорняковый; винный; древесный; ]. Не пишите никаких комментариев.,горелый;землистый;сернистый;,,"ароматический
сернистый
резкий","луковый
чесночный
сернистый
газовый
ароматический
резкий",678,676,6071,2638,2876,1327
87,2-tert-Butylcyclohexanone,CC(C)(C)C1CCCCC1=O,,,алкогольный; альдегидный; луковый; миндальный; амбровый; анималистический; анисовый; яблочный; абрикосовый; ароматический; бальзамический; банановый; говяжий; бергамотовый; ягодный; горький; чёрная смородина; бренди; горелый; сливочный; капустный; камфорный; карамельный; кедровый; сельдерейный; ромашковый; сырный; вишнёвый; шоколадный; корица; цитрусовый; чистый; гвоздичный; какао; кокосовый; кофейный; коньячный; варёный; охлаждающий; корковый; кумариновый; кремовый; огуречный; молочный; сухой; землистый; эфирный; жирный; ферментированный; рыбный; цветочный; свежий; фруктовая кожура; фруктовый; чесночный; газовый; гераниевый; виноградный; грейпфрутовый; травянистый; зелёный; боярышник; сеновой; фундуковый; травяной; медовый; гиацинтовый; жасминовый; сочный; кетоновый; лактонный; лавандовый; листовой; кожаный; лимонный; лилейный; солодовый; мясной; лекарственный; дынный; металлический; молочный; мятный; ландышевый; грибной; мускусный; затхлый; натуральный; ореховый; без запаха; маслянистый; луковый; апельсиновый; апельсиновый цвет; ирисовый корень; озоновый; персиковый; грушевый; фенольный; сосновый; ананасовый; сливовый; попкорн; картофельный; пудровый; резкий; редисочный; малиновый; спелый; обжаренный; розовый; ромовый; сандаловый; пикантный; резкий; дымный; мыльный; растворитель; кислый; пряный; клубничный; сернистый; потный; сладкий; чайный; терпеновый; табачный; томатный; тропический; ванильный; овощной; ветиверовый; фиалковый; тёплый; восковой; сорняковый; винный; древесный; ,rata,Какие из следующих описаний запаха относятся к молекуле CC(C)(C)C1CCCCC1=O? Выберите все подходящие из [алкогольный; альдегидный; луковый; миндальный; амбровый; анималистический; анисовый; яблочный; абрикосовый; ароматический; бальзамический; банановый; говяжий; бергамотовый; ягодный; горький; чёрная смородина; бренди; горелый; сливочный; капустный; камфорный; карамельный; кедровый; сельдерейный; ромашковый; сырный; вишнёвый; шоколадный; корица; цитрусовый; чистый; гвоздичный; какао; кокосовый; кофейный; коньячный; варёный; охлаждающий; корковый; кумариновый; кремовый; огуречный; молочный; сухой; землистый; эфирный; жирный; ферментированный; рыбный; цветочный; свежий; фруктовая кожура; фруктовый; чесночный; газовый; гераниевый; виноградный; грейпфрутовый; травянистый; зелёный; боярышник; сеновой; фундуковый; травяной; медовый; гиацинтовый; жасминовый; сочный; кетоновый; лактонный; лавандовый; листовой; кожаный; лимонный; лилейный; солодовый; мясной; лекарственный; дынный; металлический; молочный; мятный; ландышевый; грибной; мускусный; затхлый; натуральный; ореховый; без запаха; маслянистый; луковый; апельсиновый; апельсиновый цвет; ирисовый корень; озоновый; персиковый; грушевый; фенольный; сосновый; ананасовый; сливовый; попкорн; картофельный; пудровый; резкий; редисочный; малиновый; спелый; обжаренный; розовый; ромовый; сандаловый; пикантный; резкий; дымный; мыльный; растворитель; кислый; пряный; клубничный; сернистый; потный; сладкий; чайный; терпеновый; табачный; томатный; тропический; ванильный; овощной; ветиверовый; фиалковый; тёплый; восковой; сорняковый; винный; древесный; ]. Не пишите никаких комментариев.,Какие из следующих описаний запаха относятся к молекуле 2-tert-Butylcyclohexanone? Выберите все подходящие из [алкогольный; альдегидный; луковый; миндальный; амбровый; анималистический; анисовый; яблочный; абрикосовый; ароматический; бальзамический; банановый; говяжий; бергамотовый; ягодный; горький; чёрная смородина; бренди; горелый; сливочный; капустный; камфорный; карамельный; кедровый; сельдерейный; ромашковый; сырный; вишнёвый; шоколадный; корица; цитрусовый; чистый; гвоздичный; какао; кокосовый; кофейный; коньячный; варёный; охлаждающий; корковый; кумариновый; кремовый; огуречный; молочный; сухой; землистый; эфирный; жирный; ферментированный; рыбный; цветочный; свежий; фруктовая кожура; фруктовый; чесночный; газовый; гераниевый; виноградный; грейпфрутовый; травянистый; зелёный; боярышник; сеновой; фундуковый; травяной; медовый; гиацинтовый; жасминовый; сочный; кетоновый; лактонный; лавандовый; листовой; кожаный; лимонный; лилейный; солодовый; мясной; лекарственный; дынный; металлический; молочный; мятный; ландышевый; грибной; мускусный; затхлый; натуральный; ореховый; без запаха; маслянистый; луковый; апельсиновый; апельсиновый цвет; ирисовый корень; озоновый; персиковый; грушевый; фенольный; сосновый; ананасовый; сливовый; попкорн; картофельный; пудровый; резкий; редисочный; малиновый; спелый; обжаренный; розовый; ромовый; сандаловый; пикантный; резкий; дымный; мыльный; растворитель; кислый; пряный; клубничный; сернистый; потный; сладкий; чайный; терпеновый; табачный; томатный; тропический; ванильный; овощной; ветиверовый; фиалковый; тёплый; восковой; сорняковый; винный; древесный; ]. Не пишите никаких комментариев.,мятный;древесный;ирисовый корень;камфорный;,,"камфорный
мятный
древесный
терпеновый
кетоновый
растворитель
травянистый
сосновый","камфорный
мятный
охлаждающий
жирный
маслянистый
мускусный
кетоновый
травянистый
терпеновый",680,681,2279,283,1082,122
88,"4,6-Dimethyl-alpha-allyl-3-cyclohexenemethanol",C=CCC(O)C1CC=C(C)CC1C,,,алкогольный; альдегидный; луковый; миндальный; амбровый; анималистический; анисовый; яблочный; абрикосовый; ароматический; бальзамический; банановый; говяжий; бергамотовый; ягодный; горький; чёрная смородина; бренди; горелый; сливочный; капустный; камфорный; карамельный; кедровый; сельдерейный; ромашковый; сырный; вишнёвый; шоколадный; корица; цитрусовый; чистый; гвоздичный; какао; кокосовый; кофейный; коньячный; варёный; охлаждающий; корковый; кумариновый; кремовый; огуречный; молочный; сухой; землистый; эфирный; жирный; ферментированный; рыбный; цветочный; свежий; фруктовая кожура; фруктовый; чесночный; газовый; гераниевый; виноградный; грейпфрутовый; травянистый; зелёный; боярышник; сеновой; фундуковый; травяной; медовый; гиацинтовый; жасминовый; сочный; кетоновый; лактонный; лавандовый; листовой; кожаный; лимонный; лилейный; солодовый; мясной; лекарственный; дынный; металлический; молочный; мятный; ландышевый; грибной; мускусный; затхлый; натуральный; ореховый; без запаха; маслянистый; луковый; апельсиновый; апельсиновый цвет; ирисовый корень; озоновый; персиковый; грушевый; фенольный; сосновый; ананасовый; сливовый; попкорн; картофельный; пудровый; резкий; редисочный; малиновый; спелый; обжаренный; розовый; ромовый; сандаловый; пикантный; резкий; дымный; мыльный; растворитель; кислый; пряный; клубничный; сернистый; потный; сладкий; чайный; терпеновый; табачный; томатный; тропический; ванильный; овощной; ветиверовый; фиалковый; тёплый; восковой; сорняковый; винный; древесный; ,rata,Какие из следующих описаний запаха относятся к молекуле C=CCC(O)C1CC=C(C)CC1C? Выберите все подходящие из [алкогольный; альдегидный; луковый; миндальный; амбровый; анималистический; анисовый; яблочный; абрикосовый; ароматический; бальзамический; банановый; говяжий; бергамотовый; ягодный; горький; чёрная смородина; бренди; горелый; сливочный; капустный; камфорный; карамельный; кедровый; сельдерейный; ромашковый; сырный; вишнёвый; шоколадный; корица; цитрусовый; чистый; гвоздичный; какао; кокосовый; кофейный; коньячный; варёный; охлаждающий; корковый; кумариновый; кремовый; огуречный; молочный; сухой; землистый; эфирный; жирный; ферментированный; рыбный; цветочный; свежий; фруктовая кожура; фруктовый; чесночный; газовый; гераниевый; виноградный; грейпфрутовый; травянистый; зелёный; боярышник; сеновой; фундуковый; травяной; медовый; гиацинтовый; жасминовый; сочный; кетоновый; лактонный; лавандовый; листовой; кожаный; лимонный; лилейный; солодовый; мясной; лекарственный; дынный; металлический; молочный; мятный; ландышевый; грибной; мускусный; затхлый; натуральный; ореховый; без запаха; маслянистый; луковый; апельсиновый; апельсиновый цвет; ирисовый корень; озоновый; персиковый; грушевый; фенольный; сосновый; ананасовый; сливовый; попкорн; картофельный; пудровый; резкий; редисочный; малиновый; спелый; обжаренный; розовый; ромовый; сандаловый; пикантный; резкий; дымный; мыльный; растворитель; кислый; пряный; клубничный; сернистый; потный; сладкий; чайный; терпеновый; табачный; томатный; тропический; ванильный; овощной; ветиверовый; фиалковый; тёплый; восковой; сорняковый; винный; древесный; ]. Не пишите никаких комментариев.,"Какие из следующих описаний запаха относятся к молекуле 4,6-Dimethyl-alpha-allyl-3-cyclohexenemethanol? Выберите все подходящие из [алкогольный; альдегидный; луковый; миндальный; амбровый; анималистический; анисовый; яблочный; абрикосовый; ароматический; бальзамический; банановый; говяжий; бергамотовый; ягодный; горький; чёрная смородина; бренди; горелый; сливочный; капустный; камфорный; карамельный; кедровый; сельдерейный; ромашковый; сырный; вишнёвый; шоколадный; корица; цитрусовый; чистый; гвоздичный; какао; кокосовый; кофейный; коньячный; варёный; охлаждающий; корковый; кумариновый; кремовый; огуречный; молочный; сухой; землистый; эфирный; жирный; ферментированный; рыбный; цветочный; свежий; фруктовая кожура; фруктовый; чесночный; газовый; гераниевый; виноградный; грейпфрутовый; травянистый; зелёный; боярышник; сеновой; фундуковый; травяной; медовый; гиацинтовый; жасминовый; сочный; кетоновый; лактонный; лавандовый; листовой; кожаный; лимонный; лилейный; солодовый; мясной; лекарственный; дынный; металлический; молочный; мятный; ландышевый; грибной; мускусный; затхлый; натуральный; ореховый; без запаха; маслянистый; луковый; апельсиновый; апельсиновый цвет; ирисовый корень; озоновый; персиковый; грушевый; фенольный; сосновый; ананасовый; сливовый; попкорн; картофельный; пудровый; резкий; редисочный; малиновый; спелый; обжаренный; розовый; ромовый; сандаловый; пикантный; резкий; дымный; мыльный; растворитель; кислый; пряный; клубничный; сернистый; потный; сладкий; чайный; терпеновый; табачный; томатный; тропический; ванильный; овощной; ветиверовый; фиалковый; тёплый; восковой; сорняковый; винный; древесный; ]. Не пишите никаких комментариев.",ягодный;зелёный;травяной;цветочный;фруктовый;,,"алкогольный
цветочный
фруктовый
терпеновый",алкогольный; луковый; терпеновый; зеленый; цветочный; травянистый,682,689,10698,1848,6125,880
89,2-Buten-1-ol,CC=CCO,,,алкогольный; альдегидный; луковый; миндальный; амбровый; анималистический; анисовый; яблочный; абрикосовый; ароматический; бальзамический; банановый; говяжий; бергамотовый; ягодный; горький; чёрная смородина; бренди; горелый; сливочный; капустный; камфорный; карамельный; кедровый; сельдерейный; ромашковый; сырный; вишнёвый; шоколадный; корица; цитрусовый; чистый; гвоздичный; какао; кокосовый; кофейный; коньячный; варёный; охлаждающий; корковый; кумариновый; кремовый; огуречный; молочный; сухой; землистый; эфирный; жирный; ферментированный; рыбный; цветочный; свежий; фруктовая кожура; фруктовый; чесночный; газовый; гераниевый; виноградный; грейпфрутовый; травянистый; зелёный; боярышник; сеновой; фундуковый; травяной; медовый; гиацинтовый; жасминовый; сочный; кетоновый; лактонный; лавандовый; листовой; кожаный; лимонный; лилейный; солодовый; мясной; лекарственный; дынный; металлический; молочный; мятный; ландышевый; грибной; мускусный; затхлый; натуральный; ореховый; без запаха; маслянистый; луковый; апельсиновый; апельсиновый цвет; ирисовый корень; озоновый; персиковый; грушевый; фенольный; сосновый; ананасовый; сливовый; попкорн; картофельный; пудровый; резкий; редисочный; малиновый; спелый; обжаренный; розовый; ромовый; сандаловый; пикантный; резкий; дымный; мыльный; растворитель; кислый; пряный; клубничный; сернистый; потный; сладкий; чайный; терпеновый; табачный; томатный; тропический; ванильный; овощной; ветиверовый; фиалковый; тёплый; восковой; сорняковый; винный; древесный; ,rata,Какие из следующих описаний запаха относятся к молекуле CC=CCO? Выберите все подходящие из [алкогольный; альдегидный; луковый; миндальный; амбровый; анималистический; анисовый; яблочный; абрикосовый; ароматический; бальзамический; банановый; говяжий; бергамотовый; ягодный; горький; чёрная смородина; бренди; горелый; сливочный; капустный; камфорный; карамельный; кедровый; сельдерейный; ромашковый; сырный; вишнёвый; шоколадный; корица; цитрусовый; чистый; гвоздичный; какао; кокосовый; кофейный; коньячный; варёный; охлаждающий; корковый; кумариновый; кремовый; огуречный; молочный; сухой; землистый; эфирный; жирный; ферментированный; рыбный; цветочный; свежий; фруктовая кожура; фруктовый; чесночный; газовый; гераниевый; виноградный; грейпфрутовый; травянистый; зелёный; боярышник; сеновой; фундуковый; травяной; медовый; гиацинтовый; жасминовый; сочный; кетоновый; лактонный; лавандовый; листовой; кожаный; лимонный; лилейный; солодовый; мясной; лекарственный; дынный; металлический; молочный; мятный; ландышевый; грибной; мускусный; затхлый; натуральный; ореховый; без запаха; маслянистый; луковый; апельсиновый; апельсиновый цвет; ирисовый корень; озоновый; персиковый; грушевый; фенольный; сосновый; ананасовый; сливовый; попкорн; картофельный; пудровый; резкий; редисочный; малиновый; спелый; обжаренный; розовый; ромовый; сандаловый; пикантный; резкий; дымный; мыльный; растворитель; кислый; пряный; клубничный; сернистый; потный; сладкий; чайный; терпеновый; табачный; томатный; тропический; ванильный; овощной; ветиверовый; фиалковый; тёплый; восковой; сорняковый; винный; древесный; ]. Не пишите никаких комментариев.,Какие из следующих описаний запаха относятся к молекуле 2-Buten-1-ol? Выберите все подходящие из [алкогольный; альдегидный; луковый; миндальный; амбровый; анималистический; анисовый; яблочный; абрикосовый; ароматический; бальзамический; банановый; говяжий; бергамотовый; ягодный; горький; чёрная смородина; бренди; горелый; сливочный; капустный; камфорный; карамельный; кедровый; сельдерейный; ромашковый; сырный; вишнёвый; шоколадный; корица; цитрусовый; чистый; гвоздичный; какао; кокосовый; кофейный; коньячный; варёный; охлаждающий; корковый; кумариновый; кремовый; огуречный; молочный; сухой; землистый; эфирный; жирный; ферментированный; рыбный; цветочный; свежий; фруктовая кожура; фруктовый; чесночный; газовый; гераниевый; виноградный; грейпфрутовый; травянистый; зелёный; боярышник; сеновой; фундуковый; травяной; медовый; гиацинтовый; жасминовый; сочный; кетоновый; лактонный; лавандовый; листовой; кожаный; лимонный; лилейный; солодовый; мясной; лекарственный; дынный; металлический; молочный; мятный; ландышевый; грибной; мускусный; затхлый; натуральный; ореховый; без запаха; маслянистый; луковый; апельсиновый; апельсиновый цвет; ирисовый корень; озоновый; персиковый; грушевый; фенольный; сосновый; ананасовый; сливовый; попкорн; картофельный; пудровый; резкий; редисочный; малиновый; спелый; обжаренный; розовый; ромовый; сандаловый; пикантный; резкий; дымный; мыльный; растворитель; кислый; пряный; клубничный; сернистый; потный; сладкий; чайный; терпеновый; табачный; томатный; тропический; ванильный; овощной; ветиверовый; фиалковый; тёплый; восковой; сорняковый; винный; древесный; ]. Не пишите никаких комментариев.,газовый;сладкий;фруктовый;эфирный;,,алкогольный; резкий; эфирный; растворитель,"алкогольный
луковый
чесночный
травянистый
зелёный
резкий",672,677,5613,1645,2784,824
90,tert-Amylthiol,CCC(C)(C)S,,,алкогольный; альдегидный; луковый; миндальный; амбровый; анималистический; анисовый; яблочный; абрикосовый; ароматический; бальзамический; банановый; говяжий; бергамотовый; ягодный; горький; чёрная смородина; бренди; горелый; сливочный; капустный; камфорный; карамельный; кедровый; сельдерейный; ромашковый; сырный; вишнёвый; шоколадный; корица; цитрусовый; чистый; гвоздичный; какао; кокосовый; кофейный; коньячный; варёный; охлаждающий; корковый; кумариновый; кремовый; огуречный; молочный; сухой; землистый; эфирный; жирный; ферментированный; рыбный; цветочный; свежий; фруктовая кожура; фруктовый; чесночный; газовый; гераниевый; виноградный; грейпфрутовый; травянистый; зелёный; боярышник; сеновой; фундуковый; травяной; медовый; гиацинтовый; жасминовый; сочный; кетоновый; лактонный; лавандовый; листовой; кожаный; лимонный; лилейный; солодовый; мясной; лекарственный; дынный; металлический; молочный; мятный; ландышевый; грибной; мускусный; затхлый; натуральный; ореховый; без запаха; маслянистый; луковый; апельсиновый; апельсиновый цвет; ирисовый корень; озоновый; персиковый; грушевый; фенольный; сосновый; ананасовый; сливовый; попкорн; картофельный; пудровый; резкий; редисочный; малиновый; спелый; обжаренный; розовый; ромовый; сандаловый; пикантный; резкий; дымный; мыльный; растворитель; кислый; пряный; клубничный; сернистый; потный; сладкий; чайный; терпеновый; табачный; томатный; тропический; ванильный; овощной; ветиверовый; фиалковый; тёплый; восковой; сорняковый; винный; древесный; ,rata,Какие из следующих описаний запаха относятся к молекуле CCC(C)(C)S? Выберите все подходящие из [алкогольный; альдегидный; луковый; миндальный; амбровый; анималистический; анисовый; яблочный; абрикосовый; ароматический; бальзамический; банановый; говяжий; бергамотовый; ягодный; горький; чёрная смородина; бренди; горелый; сливочный; капустный; камфорный; карамельный; кедровый; сельдерейный; ромашковый; сырный; вишнёвый; шоколадный; корица; цитрусовый; чистый; гвоздичный; какао; кокосовый; кофейный; коньячный; варёный; охлаждающий; корковый; кумариновый; кремовый; огуречный; молочный; сухой; землистый; эфирный; жирный; ферментированный; рыбный; цветочный; свежий; фруктовая кожура; фруктовый; чесночный; газовый; гераниевый; виноградный; грейпфрутовый; травянистый; зелёный; боярышник; сеновой; фундуковый; травяной; медовый; гиацинтовый; жасминовый; сочный; кетоновый; лактонный; лавандовый; листовой; кожаный; лимонный; лилейный; солодовый; мясной; лекарственный; дынный; металлический; молочный; мятный; ландышевый; грибной; мускусный; затхлый; натуральный; ореховый; без запаха; маслянистый; луковый; апельсиновый; апельсиновый цвет; ирисовый корень; озоновый; персиковый; грушевый; фенольный; сосновый; ананасовый; сливовый; попкорн; картофельный; пудровый; резкий; редисочный; малиновый; спелый; обжаренный; розовый; ромовый; сандаловый; пикантный; резкий; дымный; мыльный; растворитель; кислый; пряный; клубничный; сернистый; потный; сладкий; чайный; терпеновый; табачный; томатный; тропический; ванильный; овощной; ветиверовый; фиалковый; тёплый; восковой; сорняковый; винный; древесный; ]. Не пишите никаких комментариев.,Какие из следующих описаний запаха относятся к молекуле tert-Amylthiol? Выберите все подходящие из [алкогольный; альдегидный; луковый; миндальный; амбровый; анималистический; анисовый; яблочный; абрикосовый; ароматический; бальзамический; банановый; говяжий; бергамотовый; ягодный; горький; чёрная смородина; бренди; горелый; сливочный; капустный; камфорный; карамельный; кедровый; сельдерейный; ромашковый; сырный; вишнёвый; шоколадный; корица; цитрусовый; чистый; гвоздичный; какао; кокосовый; кофейный; коньячный; варёный; охлаждающий; корковый; кумариновый; кремовый; огуречный; молочный; сухой; землистый; эфирный; жирный; ферментированный; рыбный; цветочный; свежий; фруктовая кожура; фруктовый; чесночный; газовый; гераниевый; виноградный; грейпфрутовый; травянистый; зелёный; боярышник; сеновой; фундуковый; травяной; медовый; гиацинтовый; жасминовый; сочный; кетоновый; лактонный; лавандовый; листовой; кожаный; лимонный; лилейный; солодовый; мясной; лекарственный; дынный; металлический; молочный; мятный; ландышевый; грибной; мускусный; затхлый; натуральный; ореховый; без запаха; маслянистый; луковый; апельсиновый; апельсиновый цвет; ирисовый корень; озоновый; персиковый; грушевый; фенольный; сосновый; ананасовый; сливовый; попкорн; картофельный; пудровый; резкий; редисочный; малиновый; спелый; обжаренный; розовый; ромовый; сандаловый; пикантный; резкий; дымный; мыльный; растворитель; кислый; пряный; клубничный; сернистый; потный; сладкий; чайный; терпеновый; табачный; томатный; тропический; ванильный; овощной; ветиверовый; фиалковый; тёплый; восковой; сорняковый; винный; древесный; ]. Не пишите никаких комментариев.,мясной;тропический;сернистый;,,"луковый
чесночный
сернистый
потный
анималистический",[луковый; капустный; чесночный; газовый; сернистый; резкий; затхлый; анималистический],674,674,4324,2387,2186,1173
91,Mercaptoacetaldehyde,O=CCS,,,алкогольный; альдегидный; луковый; миндальный; амбровый; анималистический; анисовый; яблочный; абрикосовый; ароматический; бальзамический; банановый; говяжий; бергамотовый; ягодный; горький; чёрная смородина; бренди; горелый; сливочный; капустный; камфорный; карамельный; кедровый; сельдерейный; ромашковый; сырный; вишнёвый; шоколадный; корица; цитрусовый; чистый; гвоздичный; какао; кокосовый; кофейный; коньячный; варёный; охлаждающий; корковый; кумариновый; кремовый; огуречный; молочный; сухой; землистый; эфирный; жирный; ферментированный; рыбный; цветочный; свежий; фруктовая кожура; фруктовый; чесночный; газовый; гераниевый; виноградный; грейпфрутовый; травянистый; зелёный; боярышник; сеновой; фундуковый; травяной; медовый; гиацинтовый; жасминовый; сочный; кетоновый; лактонный; лавандовый; листовой; кожаный; лимонный; лилейный; солодовый; мясной; лекарственный; дынный; металлический; молочный; мятный; ландышевый; грибной; мускусный; затхлый; натуральный; ореховый; без запаха; маслянистый; луковый; апельсиновый; апельсиновый цвет; ирисовый корень; озоновый; персиковый; грушевый; фенольный; сосновый; ананасовый; сливовый; попкорн; картофельный; пудровый; резкий; редисочный; малиновый; спелый; обжаренный; розовый; ромовый; сандаловый; пикантный; резкий; дымный; мыльный; растворитель; кислый; пряный; клубничный; сернистый; потный; сладкий; чайный; терпеновый; табачный; томатный; тропический; ванильный; овощной; ветиверовый; фиалковый; тёплый; восковой; сорняковый; винный; древесный; ,rata,Какие из следующих описаний запаха относятся к молекуле O=CCS? Выберите все подходящие из [алкогольный; альдегидный; луковый; миндальный; амбровый; анималистический; анисовый; яблочный; абрикосовый; ароматический; бальзамический; банановый; говяжий; бергамотовый; ягодный; горький; чёрная смородина; бренди; горелый; сливочный; капустный; камфорный; карамельный; кедровый; сельдерейный; ромашковый; сырный; вишнёвый; шоколадный; корица; цитрусовый; чистый; гвоздичный; какао; кокосовый; кофейный; коньячный; варёный; охлаждающий; корковый; кумариновый; кремовый; огуречный; молочный; сухой; землистый; эфирный; жирный; ферментированный; рыбный; цветочный; свежий; фруктовая кожура; фруктовый; чесночный; газовый; гераниевый; виноградный; грейпфрутовый; травянистый; зелёный; боярышник; сеновой; фундуковый; травяной; медовый; гиацинтовый; жасминовый; сочный; кетоновый; лактонный; лавандовый; листовой; кожаный; лимонный; лилейный; солодовый; мясной; лекарственный; дынный; металлический; молочный; мятный; ландышевый; грибной; мускусный; затхлый; натуральный; ореховый; без запаха; маслянистый; луковый; апельсиновый; апельсиновый цвет; ирисовый корень; озоновый; персиковый; грушевый; фенольный; сосновый; ананасовый; сливовый; попкорн; картофельный; пудровый; резкий; редисочный; малиновый; спелый; обжаренный; розовый; ромовый; сандаловый; пикантный; резкий; дымный; мыльный; растворитель; кислый; пряный; клубничный; сернистый; потный; сладкий; чайный; терпеновый; табачный; томатный; тропический; ванильный; овощной; ветиверовый; фиалковый; тёплый; восковой; сорняковый; винный; древесный; ]. Не пишите никаких комментариев.,Какие из следующих описаний запаха относятся к молекуле Mercaptoacetaldehyde? Выберите все подходящие из [алкогольный; альдегидный; луковый; миндальный; амбровый; анималистический; анисовый; яблочный; абрикосовый; ароматический; бальзамический; банановый; говяжий; бергамотовый; ягодный; горький; чёрная смородина; бренди; горелый; сливочный; капустный; камфорный; карамельный; кедровый; сельдерейный; ромашковый; сырный; вишнёвый; шоколадный; корица; цитрусовый; чистый; гвоздичный; какао; кокосовый; кофейный; коньячный; варёный; охлаждающий; корковый; кумариновый; кремовый; огуречный; молочный; сухой; землистый; эфирный; жирный; ферментированный; рыбный; цветочный; свежий; фруктовая кожура; фруктовый; чесночный; газовый; гераниевый; виноградный; грейпфрутовый; травянистый; зелёный; боярышник; сеновой; фундуковый; травяной; медовый; гиацинтовый; жасминовый; сочный; кетоновый; лактонный; лавандовый; листовой; кожаный; лимонный; лилейный; солодовый; мясной; лекарственный; дынный; металлический; молочный; мятный; ландышевый; грибной; мускусный; затхлый; натуральный; ореховый; без запаха; маслянистый; луковый; апельсиновый; апельсиновый цвет; ирисовый корень; озоновый; персиковый; грушевый; фенольный; сосновый; ананасовый; сливовый; попкорн; картофельный; пудровый; резкий; редисочный; малиновый; спелый; обжаренный; розовый; ромовый; сандаловый; пикантный; резкий; дымный; мыльный; растворитель; кислый; пряный; клубничный; сернистый; потный; сладкий; чайный; терпеновый; табачный; томатный; тропический; ванильный; овощной; ветиверовый; фиалковый; тёплый; восковой; сорняковый; винный; древесный; ]. Не пишите никаких комментариев.,капустный;сернистый;томатный;мясной;,,альдегидный; луковый; чесночный; сернистый,луковый; чесночный; сернистый; резкий; капустный; редисочный,673,675,1891,2619,941,1381
92,Solketal,CC1(C)OCC(CO)O1,,,алкогольный; альдегидный; луковый; миндальный; амбровый; анималистический; анисовый; яблочный; абрикосовый; ароматический; бальзамический; банановый; говяжий; бергамотовый; ягодный; горький; чёрная смородина; бренди; горелый; сливочный; капустный; камфорный; карамельный; кедровый; сельдерейный; ромашковый; сырный; вишнёвый; шоколадный; корица; цитрусовый; чистый; гвоздичный; какао; кокосовый; кофейный; коньячный; варёный; охлаждающий; корковый; кумариновый; кремовый; огуречный; молочный; сухой; землистый; эфирный; жирный; ферментированный; рыбный; цветочный; свежий; фруктовая кожура; фруктовый; чесночный; газовый; гераниевый; виноградный; грейпфрутовый; травянистый; зелёный; боярышник; сеновой; фундуковый; травяной; медовый; гиацинтовый; жасминовый; сочный; кетоновый; лактонный; лавандовый; листовой; кожаный; лимонный; лилейный; солодовый; мясной; лекарственный; дынный; металлический; молочный; мятный; ландышевый; грибной; мускусный; затхлый; натуральный; ореховый; без запаха; маслянистый; луковый; апельсиновый; апельсиновый цвет; ирисовый корень; озоновый; персиковый; грушевый; фенольный; сосновый; ананасовый; сливовый; попкорн; картофельный; пудровый; резкий; редисочный; малиновый; спелый; обжаренный; розовый; ромовый; сандаловый; пикантный; резкий; дымный; мыльный; растворитель; кислый; пряный; клубничный; сернистый; потный; сладкий; чайный; терпеновый; табачный; томатный; тропический; ванильный; овощной; ветиверовый; фиалковый; тёплый; восковой; сорняковый; винный; древесный; ,rata,Какие из следующих описаний запаха относятся к молекуле CC1(C)OCC(CO)O1? Выберите все подходящие из [алкогольный; альдегидный; луковый; миндальный; амбровый; анималистический; анисовый; яблочный; абрикосовый; ароматический; бальзамический; банановый; говяжий; бергамотовый; ягодный; горький; чёрная смородина; бренди; горелый; сливочный; капустный; камфорный; карамельный; кедровый; сельдерейный; ромашковый; сырный; вишнёвый; шоколадный; корица; цитрусовый; чистый; гвоздичный; какао; кокосовый; кофейный; коньячный; варёный; охлаждающий; корковый; кумариновый; кремовый; огуречный; молочный; сухой; землистый; эфирный; жирный; ферментированный; рыбный; цветочный; свежий; фруктовая кожура; фруктовый; чесночный; газовый; гераниевый; виноградный; грейпфрутовый; травянистый; зелёный; боярышник; сеновой; фундуковый; травяной; медовый; гиацинтовый; жасминовый; сочный; кетоновый; лактонный; лавандовый; листовой; кожаный; лимонный; лилейный; солодовый; мясной; лекарственный; дынный; металлический; молочный; мятный; ландышевый; грибной; мускусный; затхлый; натуральный; ореховый; без запаха; маслянистый; луковый; апельсиновый; апельсиновый цвет; ирисовый корень; озоновый; персиковый; грушевый; фенольный; сосновый; ананасовый; сливовый; попкорн; картофельный; пудровый; резкий; редисочный; малиновый; спелый; обжаренный; розовый; ромовый; сандаловый; пикантный; резкий; дымный; мыльный; растворитель; кислый; пряный; клубничный; сернистый; потный; сладкий; чайный; терпеновый; табачный; томатный; тропический; ванильный; овощной; ветиверовый; фиалковый; тёплый; восковой; сорняковый; винный; древесный; ]. Не пишите никаких комментариев.,Какие из следующих описаний запаха относятся к молекуле Solketal? Выберите все подходящие из [алкогольный; альдегидный; луковый; миндальный; амбровый; анималистический; анисовый; яблочный; абрикосовый; ароматический; бальзамический; банановый; говяжий; бергамотовый; ягодный; горький; чёрная смородина; бренди; горелый; сливочный; капустный; камфорный; карамельный; кедровый; сельдерейный; ромашковый; сырный; вишнёвый; шоколадный; корица; цитрусовый; чистый; гвоздичный; какао; кокосовый; кофейный; коньячный; варёный; охлаждающий; корковый; кумариновый; кремовый; огуречный; молочный; сухой; землистый; эфирный; жирный; ферментированный; рыбный; цветочный; свежий; фруктовая кожура; фруктовый; чесночный; газовый; гераниевый; виноградный; грейпфрутовый; травянистый; зелёный; боярышник; сеновой; фундуковый; травяной; медовый; гиацинтовый; жасминовый; сочный; кетоновый; лактонный; лавандовый; листовой; кожаный; лимонный; лилейный; солодовый; мясной; лекарственный; дынный; металлический; молочный; мятный; ландышевый; грибной; мускусный; затхлый; натуральный; ореховый; без запаха; маслянистый; луковый; апельсиновый; апельсиновый цвет; ирисовый корень; озоновый; персиковый; грушевый; фенольный; сосновый; ананасовый; сливовый; попкорн; картофельный; пудровый; резкий; редисочный; малиновый; спелый; обжаренный; розовый; ромовый; сандаловый; пикантный; резкий; дымный; мыльный; растворитель; кислый; пряный; клубничный; сернистый; потный; сладкий; чайный; терпеновый; табачный; томатный; тропический; ванильный; овощной; ветиверовый; фиалковый; тёплый; восковой; сорняковый; винный; древесный; ]. Не пишите никаких комментариев.,растворитель;фруктовый;,,"алкогольный
эфирный
фруктовый
сладкий",алкогольный; сладкий; травянистый; зеленый; фруктовый; эфирный; свежий; травяной,678,672,5641,2861,3152,1375
93,"5-(Diethoxymethyl)-1,3-benzodioxole",CCOC(OCC)c1ccc2c(c1)OCO2,,,алкогольный; альдегидный; луковый; миндальный; амбровый; анималистический; анисовый; яблочный; абрикосовый; ароматический; бальзамический; банановый; говяжий; бергамотовый; ягодный; горький; чёрная смородина; бренди; горелый; сливочный; капустный; камфорный; карамельный; кедровый; сельдерейный; ромашковый; сырный; вишнёвый; шоколадный; корица; цитрусовый; чистый; гвоздичный; какао; кокосовый; кофейный; коньячный; варёный; охлаждающий; корковый; кумариновый; кремовый; огуречный; молочный; сухой; землистый; эфирный; жирный; ферментированный; рыбный; цветочный; свежий; фруктовая кожура; фруктовый; чесночный; газовый; гераниевый; виноградный; грейпфрутовый; травянистый; зелёный; боярышник; сеновой; фундуковый; травяной; медовый; гиацинтовый; жасминовый; сочный; кетоновый; лактонный; лавандовый; листовой; кожаный; лимонный; лилейный; солодовый; мясной; лекарственный; дынный; металлический; молочный; мятный; ландышевый; грибной; мускусный; затхлый; натуральный; ореховый; без запаха; маслянистый; луковый; апельсиновый; апельсиновый цвет; ирисовый корень; озоновый; персиковый; грушевый; фенольный; сосновый; ананасовый; сливовый; попкорн; картофельный; пудровый; резкий; редисочный; малиновый; спелый; обжаренный; розовый; ромовый; сандаловый; пикантный; резкий; дымный; мыльный; растворитель; кислый; пряный; клубничный; сернистый; потный; сладкий; чайный; терпеновый; табачный; томатный; тропический; ванильный; овощной; ветиверовый; фиалковый; тёплый; восковой; сорняковый; винный; древесный; ,rata,Какие из следующих описаний запаха относятся к молекуле CCOC(OCC)c1ccc2c(c1)OCO2? Выберите все подходящие из [алкогольный; альдегидный; луковый; миндальный; амбровый; анималистический; анисовый; яблочный; абрикосовый; ароматический; бальзамический; банановый; говяжий; бергамотовый; ягодный; горький; чёрная смородина; бренди; горелый; сливочный; капустный; камфорный; карамельный; кедровый; сельдерейный; ромашковый; сырный; вишнёвый; шоколадный; корица; цитрусовый; чистый; гвоздичный; какао; кокосовый; кофейный; коньячный; варёный; охлаждающий; корковый; кумариновый; кремовый; огуречный; молочный; сухой; землистый; эфирный; жирный; ферментированный; рыбный; цветочный; свежий; фруктовая кожура; фруктовый; чесночный; газовый; гераниевый; виноградный; грейпфрутовый; травянистый; зелёный; боярышник; сеновой; фундуковый; травяной; медовый; гиацинтовый; жасминовый; сочный; кетоновый; лактонный; лавандовый; листовой; кожаный; лимонный; лилейный; солодовый; мясной; лекарственный; дынный; металлический; молочный; мятный; ландышевый; грибной; мускусный; затхлый; натуральный; ореховый; без запаха; маслянистый; луковый; апельсиновый; апельсиновый цвет; ирисовый корень; озоновый; персиковый; грушевый; фенольный; сосновый; ананасовый; сливовый; попкорн; картофельный; пудровый; резкий; редисочный; малиновый; спелый; обжаренный; розовый; ромовый; сандаловый; пикантный; резкий; дымный; мыльный; растворитель; кислый; пряный; клубничный; сернистый; потный; сладкий; чайный; терпеновый; табачный; томатный; тропический; ванильный; овощной; ветиверовый; фиалковый; тёплый; восковой; сорняковый; винный; древесный; ]. Не пишите никаких комментариев.,"Какие из следующих описаний запаха относятся к молекуле 5-(Diethoxymethyl)-1,3-benzodioxole? Выберите все подходящие из [алкогольный; альдегидный; луковый; миндальный; амбровый; анималистический; анисовый; яблочный; абрикосовый; ароматический; бальзамический; банановый; говяжий; бергамотовый; ягодный; горький; чёрная смородина; бренди; горелый; сливочный; капустный; камфорный; карамельный; кедровый; сельдерейный; ромашковый; сырный; вишнёвый; шоколадный; корица; цитрусовый; чистый; гвоздичный; какао; кокосовый; кофейный; коньячный; варёный; охлаждающий; корковый; кумариновый; кремовый; огуречный; молочный; сухой; землистый; эфирный; жирный; ферментированный; рыбный; цветочный; свежий; фруктовая кожура; фруктовый; чесночный; газовый; гераниевый; виноградный; грейпфрутовый; травянистый; зелёный; боярышник; сеновой; фундуковый; травяной; медовый; гиацинтовый; жасминовый; сочный; кетоновый; лактонный; лавандовый; листовой; кожаный; лимонный; лилейный; солодовый; мясной; лекарственный; дынный; металлический; молочный; мятный; ландышевый; грибной; мускусный; затхлый; натуральный; ореховый; без запаха; маслянистый; луковый; апельсиновый; апельсиновый цвет; ирисовый корень; озоновый; персиковый; грушевый; фенольный; сосновый; ананасовый; сливовый; попкорн; картофельный; пудровый; резкий; редисочный; малиновый; спелый; обжаренный; розовый; ромовый; сандаловый; пикантный; резкий; дымный; мыльный; растворитель; кислый; пряный; клубничный; сернистый; потный; сладкий; чайный; терпеновый; табачный; томатный; тропический; ванильный; овощной; ветиверовый; фиалковый; тёплый; восковой; сорняковый; винный; древесный; ]. Не пишите никаких комментариев.",пряный;цветочный;сладкий;,,"миндальный
ванильный
вишнёвый
сладкий
пудровый
бальзамический
цветочный
фруктовый
ореховый","огуречный
дынный
зеленый
свежий
травянистый
фруктовый
тропический
листовой
травяной",684,686,3204,3841,1701,1851
94,"Ethyl 3,7-dimethylocta-2,6-dienoate",CCOC(=O)C=C(C)CCC=C(C)C,,,алкогольный; альдегидный; луковый; миндальный; амбровый; анималистический; анисовый; яблочный; абрикосовый; ароматический; бальзамический; банановый; говяжий; бергамотовый; ягодный; горький; чёрная смородина; бренди; горелый; сливочный; капустный; камфорный; карамельный; кедровый; сельдерейный; ромашковый; сырный; вишнёвый; шоколадный; корица; цитрусовый; чистый; гвоздичный; какао; кокосовый; кофейный; коньячный; варёный; охлаждающий; корковый; кумариновый; кремовый; огуречный; молочный; сухой; землистый; эфирный; жирный; ферментированный; рыбный; цветочный; свежий; фруктовая кожура; фруктовый; чесночный; газовый; гераниевый; виноградный; грейпфрутовый; травянистый; зелёный; боярышник; сеновой; фундуковый; травяной; медовый; гиацинтовый; жасминовый; сочный; кетоновый; лактонный; лавандовый; листовой; кожаный; лимонный; лилейный; солодовый; мясной; лекарственный; дынный; металлический; молочный; мятный; ландышевый; грибной; мускусный; затхлый; натуральный; ореховый; без запаха; маслянистый; луковый; апельсиновый; апельсиновый цвет; ирисовый корень; озоновый; персиковый; грушевый; фенольный; сосновый; ананасовый; сливовый; попкорн; картофельный; пудровый; резкий; редисочный; малиновый; спелый; обжаренный; розовый; ромовый; сандаловый; пикантный; резкий; дымный; мыльный; растворитель; кислый; пряный; клубничный; сернистый; потный; сладкий; чайный; терпеновый; табачный; томатный; тропический; ванильный; овощной; ветиверовый; фиалковый; тёплый; восковой; сорняковый; винный; древесный; ,rata,Какие из следующих описаний запаха относятся к молекуле CCOC(=O)C=C(C)CCC=C(C)C? Выберите все подходящие из [алкогольный; альдегидный; луковый; миндальный; амбровый; анималистический; анисовый; яблочный; абрикосовый; ароматический; бальзамический; банановый; говяжий; бергамотовый; ягодный; горький; чёрная смородина; бренди; горелый; сливочный; капустный; камфорный; карамельный; кедровый; сельдерейный; ромашковый; сырный; вишнёвый; шоколадный; корица; цитрусовый; чистый; гвоздичный; какао; кокосовый; кофейный; коньячный; варёный; охлаждающий; корковый; кумариновый; кремовый; огуречный; молочный; сухой; землистый; эфирный; жирный; ферментированный; рыбный; цветочный; свежий; фруктовая кожура; фруктовый; чесночный; газовый; гераниевый; виноградный; грейпфрутовый; травянистый; зелёный; боярышник; сеновой; фундуковый; травяной; медовый; гиацинтовый; жасминовый; сочный; кетоновый; лактонный; лавандовый; листовой; кожаный; лимонный; лилейный; солодовый; мясной; лекарственный; дынный; металлический; молочный; мятный; ландышевый; грибной; мускусный; затхлый; натуральный; ореховый; без запаха; маслянистый; луковый; апельсиновый; апельсиновый цвет; ирисовый корень; озоновый; персиковый; грушевый; фенольный; сосновый; ананасовый; сливовый; попкорн; картофельный; пудровый; резкий; редисочный; малиновый; спелый; обжаренный; розовый; ромовый; сандаловый; пикантный; резкий; дымный; мыльный; растворитель; кислый; пряный; клубничный; сернистый; потный; сладкий; чайный; терпеновый; табачный; томатный; тропический; ванильный; овощной; ветиверовый; фиалковый; тёплый; восковой; сорняковый; винный; древесный; ]. Не пишите никаких комментариев.,"Какие из следующих описаний запаха относятся к молекуле Ethyl 3,7-dimethylocta-2,6-dienoate? Выберите все подходящие из [алкогольный; альдегидный; луковый; миндальный; амбровый; анималистический; анисовый; яблочный; абрикосовый; ароматический; бальзамический; банановый; говяжий; бергамотовый; ягодный; горький; чёрная смородина; бренди; горелый; сливочный; капустный; камфорный; карамельный; кедровый; сельдерейный; ромашковый; сырный; вишнёвый; шоколадный; корица; цитрусовый; чистый; гвоздичный; какао; кокосовый; кофейный; коньячный; варёный; охлаждающий; корковый; кумариновый; кремовый; огуречный; молочный; сухой; землистый; эфирный; жирный; ферментированный; рыбный; цветочный; свежий; фруктовая кожура; фруктовый; чесночный; газовый; гераниевый; виноградный; грейпфрутовый; травянистый; зелёный; боярышник; сеновой; фундуковый; травяной; медовый; гиацинтовый; жасминовый; сочный; кетоновый; лактонный; лавандовый; листовой; кожаный; лимонный; лилейный; солодовый; мясной; лекарственный; дынный; металлический; молочный; мятный; ландышевый; грибной; мускусный; затхлый; натуральный; ореховый; без запаха; маслянистый; луковый; апельсиновый; апельсиновый цвет; ирисовый корень; озоновый; персиковый; грушевый; фенольный; сосновый; ананасовый; сливовый; попкорн; картофельный; пудровый; резкий; редисочный; малиновый; спелый; обжаренный; розовый; ромовый; сандаловый; пикантный; резкий; дымный; мыльный; растворитель; кислый; пряный; клубничный; сернистый; потный; сладкий; чайный; терпеновый; табачный; томатный; тропический; ванильный; овощной; ветиверовый; фиалковый; тёплый; восковой; сорняковый; винный; древесный; ]. Не пишите никаких комментариев.",зелёный;древесный;розовый;,,"яблочный
грушевый
розовый
цитрусовый
цветочный
фруктовый
сладкий
терпеновый
зеленый
травянистый
травяной
свежий
виноградный
лимонный
апельсиновый",[розовый; цветочный],682,686,7400,260,3363,124
95,"2-Octanol, 2,6-dimethyl-, 2-acetate",CCC(C)CCCC(C)(C)OC(C)=O,,,алкогольный; альдегидный; луковый; миндальный; амбровый; анималистический; анисовый; яблочный; абрикосовый; ароматический; бальзамический; банановый; говяжий; бергамотовый; ягодный; горький; чёрная смородина; бренди; горелый; сливочный; капустный; камфорный; карамельный; кедровый; сельдерейный; ромашковый; сырный; вишнёвый; шоколадный; корица; цитрусовый; чистый; гвоздичный; какао; кокосовый; кофейный; коньячный; варёный; охлаждающий; корковый; кумариновый; кремовый; огуречный; молочный; сухой; землистый; эфирный; жирный; ферментированный; рыбный; цветочный; свежий; фруктовая кожура; фруктовый; чесночный; газовый; гераниевый; виноградный; грейпфрутовый; травянистый; зелёный; боярышник; сеновой; фундуковый; травяной; медовый; гиацинтовый; жасминовый; сочный; кетоновый; лактонный; лавандовый; листовой; кожаный; лимонный; лилейный; солодовый; мясной; лекарственный; дынный; металлический; молочный; мятный; ландышевый; грибной; мускусный; затхлый; натуральный; ореховый; без запаха; маслянистый; луковый; апельсиновый; апельсиновый цвет; ирисовый корень; озоновый; персиковый; грушевый; фенольный; сосновый; ананасовый; сливовый; попкорн; картофельный; пудровый; резкий; редисочный; малиновый; спелый; обжаренный; розовый; ромовый; сандаловый; пикантный; резкий; дымный; мыльный; растворитель; кислый; пряный; клубничный; сернистый; потный; сладкий; чайный; терпеновый; табачный; томатный; тропический; ванильный; овощной; ветиверовый; фиалковый; тёплый; восковой; сорняковый; винный; древесный; ,rata,Какие из следующих описаний запаха относятся к молекуле CCC(C)CCCC(C)(C)OC(C)=O? Выберите все подходящие из [алкогольный; альдегидный; луковый; миндальный; амбровый; анималистический; анисовый; яблочный; абрикосовый; ароматический; бальзамический; банановый; говяжий; бергамотовый; ягодный; горький; чёрная смородина; бренди; горелый; сливочный; капустный; камфорный; карамельный; кедровый; сельдерейный; ромашковый; сырный; вишнёвый; шоколадный; корица; цитрусовый; чистый; гвоздичный; какао; кокосовый; кофейный; коньячный; варёный; охлаждающий; корковый; кумариновый; кремовый; огуречный; молочный; сухой; землистый; эфирный; жирный; ферментированный; рыбный; цветочный; свежий; фруктовая кожура; фруктовый; чесночный; газовый; гераниевый; виноградный; грейпфрутовый; травянистый; зелёный; боярышник; сеновой; фундуковый; травяной; медовый; гиацинтовый; жасминовый; сочный; кетоновый; лактонный; лавандовый; листовой; кожаный; лимонный; лилейный; солодовый; мясной; лекарственный; дынный; металлический; молочный; мятный; ландышевый; грибной; мускусный; затхлый; натуральный; ореховый; без запаха; маслянистый; луковый; апельсиновый; апельсиновый цвет; ирисовый корень; озоновый; персиковый; грушевый; фенольный; сосновый; ананасовый; сливовый; попкорн; картофельный; пудровый; резкий; редисочный; малиновый; спелый; обжаренный; розовый; ромовый; сандаловый; пикантный; резкий; дымный; мыльный; растворитель; кислый; пряный; клубничный; сернистый; потный; сладкий; чайный; терпеновый; табачный; томатный; тропический; ванильный; овощной; ветиверовый; фиалковый; тёплый; восковой; сорняковый; винный; древесный; ]. Не пишите никаких комментариев.,"Какие из следующих описаний запаха относятся к молекуле 2-Octanol, 2,6-dimethyl-, 2-acetate? Выберите все подходящие из [алкогольный; альдегидный; луковый; миндальный; амбровый; анималистический; анисовый; яблочный; абрикосовый; ароматический; бальзамический; банановый; говяжий; бергамотовый; ягодный; горький; чёрная смородина; бренди; горелый; сливочный; капустный; камфорный; карамельный; кедровый; сельдерейный; ромашковый; сырный; вишнёвый; шоколадный; корица; цитрусовый; чистый; гвоздичный; какао; кокосовый; кофейный; коньячный; варёный; охлаждающий; корковый; кумариновый; кремовый; огуречный; молочный; сухой; землистый; эфирный; жирный; ферментированный; рыбный; цветочный; свежий; фруктовая кожура; фруктовый; чесночный; газовый; гераниевый; виноградный; грейпфрутовый; травянистый; зелёный; боярышник; сеновой; фундуковый; травяной; медовый; гиацинтовый; жасминовый; сочный; кетоновый; лактонный; лавандовый; листовой; кожаный; лимонный; лилейный; солодовый; мясной; лекарственный; дынный; металлический; молочный; мятный; ландышевый; грибной; мускусный; затхлый; натуральный; ореховый; без запаха; маслянистый; луковый; апельсиновый; апельсиновый цвет; ирисовый корень; озоновый; персиковый; грушевый; фенольный; сосновый; ананасовый; сливовый; попкорн; картофельный; пудровый; резкий; редисочный; малиновый; спелый; обжаренный; розовый; ромовый; сандаловый; пикантный; резкий; дымный; мыльный; растворитель; кислый; пряный; клубничный; сернистый; потный; сладкий; чайный; терпеновый; табачный; томатный; тропический; ванильный; овощной; ветиверовый; фиалковый; тёплый; восковой; сорняковый; винный; древесный; ]. Не пишите никаких комментариев.",древесный;лавандовый;свежий;травяной;цитрусовый;,,"цветочный
ландышевый
розовый
фруктовый
свежий
зелёный",яблочный; банановый; цитрусовый; эфирный; жирный; цветочный; свежий; фруктовый; грейпфрутовый; травянистый; зелёный; лимонный; маслянистый; апельсиновый; грушевый; ананасовый; мыльный; растворитель; сладкий; терпеновый; древесный,682,686,13574,10264,6310,4912
96,Cyclohexadecen-1-one,O=C1C=CCCCCCCCCCCCCC1,,,алкогольный; альдегидный; луковый; миндальный; амбровый; анималистический; анисовый; яблочный; абрикосовый; ароматический; бальзамический; банановый; говяжий; бергамотовый; ягодный; горький; чёрная смородина; бренди; горелый; сливочный; капустный; камфорный; карамельный; кедровый; сельдерейный; ромашковый; сырный; вишнёвый; шоколадный; корица; цитрусовый; чистый; гвоздичный; какао; кокосовый; кофейный; коньячный; варёный; охлаждающий; корковый; кумариновый; кремовый; огуречный; молочный; сухой; землистый; эфирный; жирный; ферментированный; рыбный; цветочный; свежий; фруктовая кожура; фруктовый; чесночный; газовый; гераниевый; виноградный; грейпфрутовый; травянистый; зелёный; боярышник; сеновой; фундуковый; травяной; медовый; гиацинтовый; жасминовый; сочный; кетоновый; лактонный; лавандовый; листовой; кожаный; лимонный; лилейный; солодовый; мясной; лекарственный; дынный; металлический; молочный; мятный; ландышевый; грибной; мускусный; затхлый; натуральный; ореховый; без запаха; маслянистый; луковый; апельсиновый; апельсиновый цвет; ирисовый корень; озоновый; персиковый; грушевый; фенольный; сосновый; ананасовый; сливовый; попкорн; картофельный; пудровый; резкий; редисочный; малиновый; спелый; обжаренный; розовый; ромовый; сандаловый; пикантный; резкий; дымный; мыльный; растворитель; кислый; пряный; клубничный; сернистый; потный; сладкий; чайный; терпеновый; табачный; томатный; тропический; ванильный; овощной; ветиверовый; фиалковый; тёплый; восковой; сорняковый; винный; древесный; ,rata,Какие из следующих описаний запаха относятся к молекуле O=C1C=CCCCCCCCCCCCCC1? Выберите все подходящие из [алкогольный; альдегидный; луковый; миндальный; амбровый; анималистический; анисовый; яблочный; абрикосовый; ароматический; бальзамический; банановый; говяжий; бергамотовый; ягодный; горький; чёрная смородина; бренди; горелый; сливочный; капустный; камфорный; карамельный; кедровый; сельдерейный; ромашковый; сырный; вишнёвый; шоколадный; корица; цитрусовый; чистый; гвоздичный; какао; кокосовый; кофейный; коньячный; варёный; охлаждающий; корковый; кумариновый; кремовый; огуречный; молочный; сухой; землистый; эфирный; жирный; ферментированный; рыбный; цветочный; свежий; фруктовая кожура; фруктовый; чесночный; газовый; гераниевый; виноградный; грейпфрутовый; травянистый; зелёный; боярышник; сеновой; фундуковый; травяной; медовый; гиацинтовый; жасминовый; сочный; кетоновый; лактонный; лавандовый; листовой; кожаный; лимонный; лилейный; солодовый; мясной; лекарственный; дынный; металлический; молочный; мятный; ландышевый; грибной; мускусный; затхлый; натуральный; ореховый; без запаха; маслянистый; луковый; апельсиновый; апельсиновый цвет; ирисовый корень; озоновый; персиковый; грушевый; фенольный; сосновый; ананасовый; сливовый; попкорн; картофельный; пудровый; резкий; редисочный; малиновый; спелый; обжаренный; розовый; ромовый; сандаловый; пикантный; резкий; дымный; мыльный; растворитель; кислый; пряный; клубничный; сернистый; потный; сладкий; чайный; терпеновый; табачный; томатный; тропический; ванильный; овощной; ветиверовый; фиалковый; тёплый; восковой; сорняковый; винный; древесный; ]. Не пишите никаких комментариев.,Какие из следующих описаний запаха относятся к молекуле Cyclohexadecen-1-one? Выберите все подходящие из [алкогольный; альдегидный; луковый; миндальный; амбровый; анималистический; анисовый; яблочный; абрикосовый; ароматический; бальзамический; банановый; говяжий; бергамотовый; ягодный; горький; чёрная смородина; бренди; горелый; сливочный; капустный; камфорный; карамельный; кедровый; сельдерейный; ромашковый; сырный; вишнёвый; шоколадный; корица; цитрусовый; чистый; гвоздичный; какао; кокосовый; кофейный; коньячный; варёный; охлаждающий; корковый; кумариновый; кремовый; огуречный; молочный; сухой; землистый; эфирный; жирный; ферментированный; рыбный; цветочный; свежий; фруктовая кожура; фруктовый; чесночный; газовый; гераниевый; виноградный; грейпфрутовый; травянистый; зелёный; боярышник; сеновой; фундуковый; травяной; медовый; гиацинтовый; жасминовый; сочный; кетоновый; лактонный; лавандовый; листовой; кожаный; лимонный; лилейный; солодовый; мясной; лекарственный; дынный; металлический; молочный; мятный; ландышевый; грибной; мускусный; затхлый; натуральный; ореховый; без запаха; маслянистый; луковый; апельсиновый; апельсиновый цвет; ирисовый корень; озоновый; персиковый; грушевый; фенольный; сосновый; ананасовый; сливовый; попкорн; картофельный; пудровый; резкий; редисочный; малиновый; спелый; обжаренный; розовый; ромовый; сандаловый; пикантный; резкий; дымный; мыльный; растворитель; кислый; пряный; клубничный; сернистый; потный; сладкий; чайный; терпеновый; табачный; томатный; тропический; ванильный; овощной; ветиверовый; фиалковый; тёплый; восковой; сорняковый; винный; древесный; ]. Не пишите никаких комментариев.,чистый;мускусный;пудровый;бальзамический;,,амбровый; анималистический; мускусный; кожистый; жирный; потный; сладкий; пудровый; тёплый,[анималистический; амбровый; мускусный; цветочный; кожаный; сладкий],682,677,4692,408,2377,184
97,"3-Benzyloxy-2,2-dimethylpropanal",CC(C)(C=O)COCc1ccccc1,,,алкогольный; альдегидный; луковый; миндальный; амбровый; анималистический; анисовый; яблочный; абрикосовый; ароматический; бальзамический; банановый; говяжий; бергамотовый; ягодный; горький; чёрная смородина; бренди; горелый; сливочный; капустный; камфорный; карамельный; кедровый; сельдерейный; ромашковый; сырный; вишнёвый; шоколадный; корица; цитрусовый; чистый; гвоздичный; какао; кокосовый; кофейный; коньячный; варёный; охлаждающий; корковый; кумариновый; кремовый; огуречный; молочный; сухой; землистый; эфирный; жирный; ферментированный; рыбный; цветочный; свежий; фруктовая кожура; фруктовый; чесночный; газовый; гераниевый; виноградный; грейпфрутовый; травянистый; зелёный; боярышник; сеновой; фундуковый; травяной; медовый; гиацинтовый; жасминовый; сочный; кетоновый; лактонный; лавандовый; листовой; кожаный; лимонный; лилейный; солодовый; мясной; лекарственный; дынный; металлический; молочный; мятный; ландышевый; грибной; мускусный; затхлый; натуральный; ореховый; без запаха; маслянистый; луковый; апельсиновый; апельсиновый цвет; ирисовый корень; озоновый; персиковый; грушевый; фенольный; сосновый; ананасовый; сливовый; попкорн; картофельный; пудровый; резкий; редисочный; малиновый; спелый; обжаренный; розовый; ромовый; сандаловый; пикантный; резкий; дымный; мыльный; растворитель; кислый; пряный; клубничный; сернистый; потный; сладкий; чайный; терпеновый; табачный; томатный; тропический; ванильный; овощной; ветиверовый; фиалковый; тёплый; восковой; сорняковый; винный; древесный; ,rata,Какие из следующих описаний запаха относятся к молекуле CC(C)(C=O)COCc1ccccc1? Выберите все подходящие из [алкогольный; альдегидный; луковый; миндальный; амбровый; анималистический; анисовый; яблочный; абрикосовый; ароматический; бальзамический; банановый; говяжий; бергамотовый; ягодный; горький; чёрная смородина; бренди; горелый; сливочный; капустный; камфорный; карамельный; кедровый; сельдерейный; ромашковый; сырный; вишнёвый; шоколадный; корица; цитрусовый; чистый; гвоздичный; какао; кокосовый; кофейный; коньячный; варёный; охлаждающий; корковый; кумариновый; кремовый; огуречный; молочный; сухой; землистый; эфирный; жирный; ферментированный; рыбный; цветочный; свежий; фруктовая кожура; фруктовый; чесночный; газовый; гераниевый; виноградный; грейпфрутовый; травянистый; зелёный; боярышник; сеновой; фундуковый; травяной; медовый; гиацинтовый; жасминовый; сочный; кетоновый; лактонный; лавандовый; листовой; кожаный; лимонный; лилейный; солодовый; мясной; лекарственный; дынный; металлический; молочный; мятный; ландышевый; грибной; мускусный; затхлый; натуральный; ореховый; без запаха; маслянистый; луковый; апельсиновый; апельсиновый цвет; ирисовый корень; озоновый; персиковый; грушевый; фенольный; сосновый; ананасовый; сливовый; попкорн; картофельный; пудровый; резкий; редисочный; малиновый; спелый; обжаренный; розовый; ромовый; сандаловый; пикантный; резкий; дымный; мыльный; растворитель; кислый; пряный; клубничный; сернистый; потный; сладкий; чайный; терпеновый; табачный; томатный; тропический; ванильный; овощной; ветиверовый; фиалковый; тёплый; восковой; сорняковый; винный; древесный; ]. Не пишите никаких комментариев.,"Какие из следующих описаний запаха относятся к молекуле 3-Benzyloxy-2,2-dimethylpropanal? Выберите все подходящие из [алкогольный; альдегидный; луковый; миндальный; амбровый; анималистический; анисовый; яблочный; абрикосовый; ароматический; бальзамический; банановый; говяжий; бергамотовый; ягодный; горький; чёрная смородина; бренди; горелый; сливочный; капустный; камфорный; карамельный; кедровый; сельдерейный; ромашковый; сырный; вишнёвый; шоколадный; корица; цитрусовый; чистый; гвоздичный; какао; кокосовый; кофейный; коньячный; варёный; охлаждающий; корковый; кумариновый; кремовый; огуречный; молочный; сухой; землистый; эфирный; жирный; ферментированный; рыбный; цветочный; свежий; фруктовая кожура; фруктовый; чесночный; газовый; гераниевый; виноградный; грейпфрутовый; травянистый; зелёный; боярышник; сеновой; фундуковый; травяной; медовый; гиацинтовый; жасминовый; сочный; кетоновый; лактонный; лавандовый; листовой; кожаный; лимонный; лилейный; солодовый; мясной; лекарственный; дынный; металлический; молочный; мятный; ландышевый; грибной; мускусный; затхлый; натуральный; ореховый; без запаха; маслянистый; луковый; апельсиновый; апельсиновый цвет; ирисовый корень; озоновый; персиковый; грушевый; фенольный; сосновый; ананасовый; сливовый; попкорн; картофельный; пудровый; резкий; редисочный; малиновый; спелый; обжаренный; розовый; ромовый; сандаловый; пикантный; резкий; дымный; мыльный; растворитель; кислый; пряный; клубничный; сернистый; потный; сладкий; чайный; терпеновый; табачный; томатный; тропический; ванильный; овощной; ветиверовый; фиалковый; тёплый; восковой; сорняковый; винный; древесный; ]. Не пишите никаких комментариев.",пряный;альдегидный;озоновый;зелёный;цветочный;,,"альдегидный
фруктовый
цветочный
сладкий","альдегидный
миндальный",682,682,10738,298,5639,140
98,4-Propyl 1-(3-methoxy-2-propen-1-yl)benzene,CCCc1ccc(CC=COC)cc1,,,алкогольный; альдегидный; луковый; миндальный; амбровый; анималистический; анисовый; яблочный; абрикосовый; ароматический; бальзамический; банановый; говяжий; бергамотовый; ягодный; горький; чёрная смородина; бренди; горелый; сливочный; капустный; камфорный; карамельный; кедровый; сельдерейный; ромашковый; сырный; вишнёвый; шоколадный; корица; цитрусовый; чистый; гвоздичный; какао; кокосовый; кофейный; коньячный; варёный; охлаждающий; корковый; кумариновый; кремовый; огуречный; молочный; сухой; землистый; эфирный; жирный; ферментированный; рыбный; цветочный; свежий; фруктовая кожура; фруктовый; чесночный; газовый; гераниевый; виноградный; грейпфрутовый; травянистый; зелёный; боярышник; сеновой; фундуковый; травяной; медовый; гиацинтовый; жасминовый; сочный; кетоновый; лактонный; лавандовый; листовой; кожаный; лимонный; лилейный; солодовый; мясной; лекарственный; дынный; металлический; молочный; мятный; ландышевый; грибной; мускусный; затхлый; натуральный; ореховый; без запаха; маслянистый; луковый; апельсиновый; апельсиновый цвет; ирисовый корень; озоновый; персиковый; грушевый; фенольный; сосновый; ананасовый; сливовый; попкорн; картофельный; пудровый; резкий; редисочный; малиновый; спелый; обжаренный; розовый; ромовый; сандаловый; пикантный; резкий; дымный; мыльный; растворитель; кислый; пряный; клубничный; сернистый; потный; сладкий; чайный; терпеновый; табачный; томатный; тропический; ванильный; овощной; ветиверовый; фиалковый; тёплый; восковой; сорняковый; винный; древесный; ,rata,Какие из следующих описаний запаха относятся к молекуле CCCc1ccc(CC=COC)cc1? Выберите все подходящие из [алкогольный; альдегидный; луковый; миндальный; амбровый; анималистический; анисовый; яблочный; абрикосовый; ароматический; бальзамический; банановый; говяжий; бергамотовый; ягодный; горький; чёрная смородина; бренди; горелый; сливочный; капустный; камфорный; карамельный; кедровый; сельдерейный; ромашковый; сырный; вишнёвый; шоколадный; корица; цитрусовый; чистый; гвоздичный; какао; кокосовый; кофейный; коньячный; варёный; охлаждающий; корковый; кумариновый; кремовый; огуречный; молочный; сухой; землистый; эфирный; жирный; ферментированный; рыбный; цветочный; свежий; фруктовая кожура; фруктовый; чесночный; газовый; гераниевый; виноградный; грейпфрутовый; травянистый; зелёный; боярышник; сеновой; фундуковый; травяной; медовый; гиацинтовый; жасминовый; сочный; кетоновый; лактонный; лавандовый; листовой; кожаный; лимонный; лилейный; солодовый; мясной; лекарственный; дынный; металлический; молочный; мятный; ландышевый; грибной; мускусный; затхлый; натуральный; ореховый; без запаха; маслянистый; луковый; апельсиновый; апельсиновый цвет; ирисовый корень; озоновый; персиковый; грушевый; фенольный; сосновый; ананасовый; сливовый; попкорн; картофельный; пудровый; резкий; редисочный; малиновый; спелый; обжаренный; розовый; ромовый; сандаловый; пикантный; резкий; дымный; мыльный; растворитель; кислый; пряный; клубничный; сернистый; потный; сладкий; чайный; терпеновый; табачный; томатный; тропический; ванильный; овощной; ветиверовый; фиалковый; тёплый; восковой; сорняковый; винный; древесный; ]. Не пишите никаких комментариев.,Какие из следующих описаний запаха относятся к молекуле 4-Propyl 1-(3-methoxy-2-propen-1-yl)benzene? Выберите все подходящие из [алкогольный; альдегидный; луковый; миндальный; амбровый; анималистический; анисовый; яблочный; абрикосовый; ароматический; бальзамический; банановый; говяжий; бергамотовый; ягодный; горький; чёрная смородина; бренди; горелый; сливочный; капустный; камфорный; карамельный; кедровый; сельдерейный; ромашковый; сырный; вишнёвый; шоколадный; корица; цитрусовый; чистый; гвоздичный; какао; кокосовый; кофейный; коньячный; варёный; охлаждающий; корковый; кумариновый; кремовый; огуречный; молочный; сухой; землистый; эфирный; жирный; ферментированный; рыбный; цветочный; свежий; фруктовая кожура; фруктовый; чесночный; газовый; гераниевый; виноградный; грейпфрутовый; травянистый; зелёный; боярышник; сеновой; фундуковый; травяной; медовый; гиацинтовый; жасминовый; сочный; кетоновый; лактонный; лавандовый; листовой; кожаный; лимонный; лилейный; солодовый; мясной; лекарственный; дынный; металлический; молочный; мятный; ландышевый; грибной; мускусный; затхлый; натуральный; ореховый; без запаха; маслянистый; луковый; апельсиновый; апельсиновый цвет; ирисовый корень; озоновый; персиковый; грушевый; фенольный; сосновый; ананасовый; сливовый; попкорн; картофельный; пудровый; резкий; редисочный; малиновый; спелый; обжаренный; розовый; ромовый; сандаловый; пикантный; резкий; дымный; мыльный; растворитель; кислый; пряный; клубничный; сернистый; потный; сладкий; чайный; терпеновый; табачный; томатный; тропический; ванильный; овощной; ветиверовый; фиалковый; тёплый; восковой; сорняковый; винный; древесный; ]. Не пишите никаких комментариев.,ландышевый;жирный;зелёный;,,"ароматический
фруктовый
сладкий
винный
тропический
ягодный","анисовый
пряный
сладкий
зеленый
травянистый",681,690,256,5822,120,2785
99,1-Nitro-2-phenylethane,O=[N+]([O-])CCc1ccccc1,,,алкогольный; альдегидный; луковый; миндальный; амбровый; анималистический; анисовый; яблочный; абрикосовый; ароматический; бальзамический; банановый; говяжий; бергамотовый; ягодный; горький; чёрная смородина; бренди; горелый; сливочный; капустный; камфорный; карамельный; кедровый; сельдерейный; ромашковый; сырный; вишнёвый; шоколадный; корица; цитрусовый; чистый; гвоздичный; какао; кокосовый; кофейный; коньячный; варёный; охлаждающий; корковый; кумариновый; кремовый; огуречный; молочный; сухой; землистый; эфирный; жирный; ферментированный; рыбный; цветочный; свежий; фруктовая кожура; фруктовый; чесночный; газовый; гераниевый; виноградный; грейпфрутовый; травянистый; зелёный; боярышник; сеновой; фундуковый; травяной; медовый; гиацинтовый; жасминовый; сочный; кетоновый; лактонный; лавандовый; листовой; кожаный; лимонный; лилейный; солодовый; мясной; лекарственный; дынный; металлический; молочный; мятный; ландышевый; грибной; мускусный; затхлый; натуральный; ореховый; без запаха; маслянистый; луковый; апельсиновый; апельсиновый цвет; ирисовый корень; озоновый; персиковый; грушевый; фенольный; сосновый; ананасовый; сливовый; попкорн; картофельный; пудровый; резкий; редисочный; малиновый; спелый; обжаренный; розовый; ромовый; сандаловый; пикантный; резкий; дымный; мыльный; растворитель; кислый; пряный; клубничный; сернистый; потный; сладкий; чайный; терпеновый; табачный; томатный; тропический; ванильный; овощной; ветиверовый; фиалковый; тёплый; восковой; сорняковый; винный; древесный; ,rata,Какие из следующих описаний запаха относятся к молекуле O=[N+]([O-])CCc1ccccc1? Выберите все подходящие из [алкогольный; альдегидный; луковый; миндальный; амбровый; анималистический; анисовый; яблочный; абрикосовый; ароматический; бальзамический; банановый; говяжий; бергамотовый; ягодный; горький; чёрная смородина; бренди; горелый; сливочный; капустный; камфорный; карамельный; кедровый; сельдерейный; ромашковый; сырный; вишнёвый; шоколадный; корица; цитрусовый; чистый; гвоздичный; какао; кокосовый; кофейный; коньячный; варёный; охлаждающий; корковый; кумариновый; кремовый; огуречный; молочный; сухой; землистый; эфирный; жирный; ферментированный; рыбный; цветочный; свежий; фруктовая кожура; фруктовый; чесночный; газовый; гераниевый; виноградный; грейпфрутовый; травянистый; зелёный; боярышник; сеновой; фундуковый; травяной; медовый; гиацинтовый; жасминовый; сочный; кетоновый; лактонный; лавандовый; листовой; кожаный; лимонный; лилейный; солодовый; мясной; лекарственный; дынный; металлический; молочный; мятный; ландышевый; грибной; мускусный; затхлый; натуральный; ореховый; без запаха; маслянистый; луковый; апельсиновый; апельсиновый цвет; ирисовый корень; озоновый; персиковый; грушевый; фенольный; сосновый; ананасовый; сливовый; попкорн; картофельный; пудровый; резкий; редисочный; малиновый; спелый; обжаренный; розовый; ромовый; сандаловый; пикантный; резкий; дымный; мыльный; растворитель; кислый; пряный; клубничный; сернистый; потный; сладкий; чайный; терпеновый; табачный; томатный; тропический; ванильный; овощной; ветиверовый; фиалковый; тёплый; восковой; сорняковый; винный; древесный; ]. Не пишите никаких комментариев.,Какие из следующих описаний запаха относятся к молекуле 1-Nitro-2-phenylethane? Выберите все подходящие из [алкогольный; альдегидный; луковый; миндальный; амбровый; анималистический; анисовый; яблочный; абрикосовый; ароматический; бальзамический; банановый; говяжий; бергамотовый; ягодный; горький; чёрная смородина; бренди; горелый; сливочный; капустный; камфорный; карамельный; кедровый; сельдерейный; ромашковый; сырный; вишнёвый; шоколадный; корица; цитрусовый; чистый; гвоздичный; какао; кокосовый; кофейный; коньячный; варёный; охлаждающий; корковый; кумариновый; кремовый; огуречный; молочный; сухой; землистый; эфирный; жирный; ферментированный; рыбный; цветочный; свежий; фруктовая кожура; фруктовый; чесночный; газовый; гераниевый; виноградный; грейпфрутовый; травянистый; зелёный; боярышник; сеновой; фундуковый; травяной; медовый; гиацинтовый; жасминовый; сочный; кетоновый; лактонный; лавандовый; листовой; кожаный; лимонный; лилейный; солодовый; мясной; лекарственный; дынный; металлический; молочный; мятный; ландышевый; грибной; мускусный; затхлый; натуральный; ореховый; без запаха; маслянистый; луковый; апельсиновый; апельсиновый цвет; ирисовый корень; озоновый; персиковый; грушевый; фенольный; сосновый; ананасовый; сливовый; попкорн; картофельный; пудровый; резкий; редисочный; малиновый; спелый; обжаренный; розовый; ромовый; сандаловый; пикантный; резкий; дымный; мыльный; растворитель; кислый; пряный; клубничный; сернистый; потный; сладкий; чайный; терпеновый; табачный; томатный; тропический; ванильный; овощной; ветиверовый; фиалковый; тёплый; восковой; сорняковый; винный; древесный; ]. Не пишите никаких комментариев.,пряный;цветочный;,,миндальный; горький; сладкий; резкий; растворитель,миндальный,684,680,4477,383,1947,179
100,"3,6-Dimethyl-3-vinylhept-5-en-2-ol",C=CC(C)(CC=C(C)C)C(C)O,,,алкогольный; альдегидный; луковый; миндальный; амбровый; анималистический; анисовый; яблочный; абрикосовый; ароматический; бальзамический; банановый; говяжий; бергамотовый; ягодный; горький; чёрная смородина; бренди; горелый; сливочный; капустный; камфорный; карамельный; кедровый; сельдерейный; ромашковый; сырный; вишнёвый; шоколадный; корица; цитрусовый; чистый; гвоздичный; какао; кокосовый; кофейный; коньячный; варёный; охлаждающий; корковый; кумариновый; кремовый; огуречный; молочный; сухой; землистый; эфирный; жирный; ферментированный; рыбный; цветочный; свежий; фруктовая кожура; фруктовый; чесночный; газовый; гераниевый; виноградный; грейпфрутовый; травянистый; зелёный; боярышник; сеновой; фундуковый; травяной; медовый; гиацинтовый; жасминовый; сочный; кетоновый; лактонный; лавандовый; листовой; кожаный; лимонный; лилейный; солодовый; мясной; лекарственный; дынный; металлический; молочный; мятный; ландышевый; грибной; мускусный; затхлый; натуральный; ореховый; без запаха; маслянистый; луковый; апельсиновый; апельсиновый цвет; ирисовый корень; озоновый; персиковый; грушевый; фенольный; сосновый; ананасовый; сливовый; попкорн; картофельный; пудровый; резкий; редисочный; малиновый; спелый; обжаренный; розовый; ромовый; сандаловый; пикантный; резкий; дымный; мыльный; растворитель; кислый; пряный; клубничный; сернистый; потный; сладкий; чайный; терпеновый; табачный; томатный; тропический; ванильный; овощной; ветиверовый; фиалковый; тёплый; восковой; сорняковый; винный; древесный; ,rata,Какие из следующих описаний запаха относятся к молекуле C=CC(C)(CC=C(C)C)C(C)O? Выберите все подходящие из [алкогольный; альдегидный; луковый; миндальный; амбровый; анималистический; анисовый; яблочный; абрикосовый; ароматический; бальзамический; банановый; говяжий; бергамотовый; ягодный; горький; чёрная смородина; бренди; горелый; сливочный; капустный; камфорный; карамельный; кедровый; сельдерейный; ромашковый; сырный; вишнёвый; шоколадный; корица; цитрусовый; чистый; гвоздичный; какао; кокосовый; кофейный; коньячный; варёный; охлаждающий; корковый; кумариновый; кремовый; огуречный; молочный; сухой; землистый; эфирный; жирный; ферментированный; рыбный; цветочный; свежий; фруктовая кожура; фруктовый; чесночный; газовый; гераниевый; виноградный; грейпфрутовый; травянистый; зелёный; боярышник; сеновой; фундуковый; травяной; медовый; гиацинтовый; жасминовый; сочный; кетоновый; лактонный; лавандовый; листовой; кожаный; лимонный; лилейный; солодовый; мясной; лекарственный; дынный; металлический; молочный; мятный; ландышевый; грибной; мускусный; затхлый; натуральный; ореховый; без запаха; маслянистый; луковый; апельсиновый; апельсиновый цвет; ирисовый корень; озоновый; персиковый; грушевый; фенольный; сосновый; ананасовый; сливовый; попкорн; картофельный; пудровый; резкий; редисочный; малиновый; спелый; обжаренный; розовый; ромовый; сандаловый; пикантный; резкий; дымный; мыльный; растворитель; кислый; пряный; клубничный; сернистый; потный; сладкий; чайный; терпеновый; табачный; томатный; тропический; ванильный; овощной; ветиверовый; фиалковый; тёплый; восковой; сорняковый; винный; древесный; ]. Не пишите никаких комментариев.,"Какие из следующих описаний запаха относятся к молекуле 3,6-Dimethyl-3-vinylhept-5-en-2-ol? Выберите все подходящие из [алкогольный; альдегидный; луковый; миндальный; амбровый; анималистический; анисовый; яблочный; абрикосовый; ароматический; бальзамический; банановый; говяжий; бергамотовый; ягодный; горький; чёрная смородина; бренди; горелый; сливочный; капустный; камфорный; карамельный; кедровый; сельдерейный; ромашковый; сырный; вишнёвый; шоколадный; корица; цитрусовый; чистый; гвоздичный; какао; кокосовый; кофейный; коньячный; варёный; охлаждающий; корковый; кумариновый; кремовый; огуречный; молочный; сухой; землистый; эфирный; жирный; ферментированный; рыбный; цветочный; свежий; фруктовая кожура; фруктовый; чесночный; газовый; гераниевый; виноградный; грейпфрутовый; травянистый; зелёный; боярышник; сеновой; фундуковый; травяной; медовый; гиацинтовый; жасминовый; сочный; кетоновый; лактонный; лавандовый; листовой; кожаный; лимонный; лилейный; солодовый; мясной; лекарственный; дынный; металлический; молочный; мятный; ландышевый; грибной; мускусный; затхлый; натуральный; ореховый; без запаха; маслянистый; луковый; апельсиновый; апельсиновый цвет; ирисовый корень; озоновый; персиковый; грушевый; фенольный; сосновый; ананасовый; сливовый; попкорн; картофельный; пудровый; резкий; редисочный; малиновый; спелый; обжаренный; розовый; ромовый; сандаловый; пикантный; резкий; дымный; мыльный; растворитель; кислый; пряный; клубничный; сернистый; потный; сладкий; чайный; терпеновый; табачный; томатный; тропический; ванильный; овощной; ветиверовый; фиалковый; тёплый; восковой; сорняковый; винный; древесный; ]. Не пишите никаких комментариев.",травяной;лавандовый;,,"алкогольный
терпеновый
цветочный","алкогольный
терпеновый
зелёный
фруктовый",681,688,9209,328,4072,157
